entry_time_utc,exit_time_utc,side,entry_price,exit_price,stop_init,size_oz,pnl_usd,pnl_R,return_pct,bars_held,exit_reason,equity_after
2010-02-22T00:00:00+00:00,2010-02-22T07:00:00+00:00,long,1125.782,1122.0739,1119.5668,16.08958682,-64.488673,-0.644887,-0.644887,8,trail,9935.511327
2010-02-26T16:00:00+00:00,2010-03-01T01:00:00+00:00,long,1115.214,1114.969,1108.7994,15.48890239,-8.441452,-0.084962,-0.084962,18,mid_exit,9927.069875
2010-03-01T08:00:00+00:00,2010-03-01T10:00:00+00:00,long,1120.291,1117.1764,1117.1764,31.87269593,-108.832508,-1.096321,-1.096321,3,trail,9818.237368
2010-03-02T12:00:00+00:00,2010-03-03T23:00:00+00:00,long,1120.046,1138.4519,1114.1017,16.51706234,299.056279,3.045926,3.045926,36,trail,10117.293647
2010-03-05T15:00:00+00:00,2010-03-05T18:00:00+00:00,long,1135.937,1133.4511,1131.6292,23.48598739,-65.429612,-0.646711,-0.646711,4,trail,10051.864035
2010-03-08T07:00:00+00:00,2010-03-08T10:00:00+00:00,long,1135.665,1134.0859,1132.2593,29.51482525,-55.461308,-0.551751,-0.551751,4,trail,9996.402726
2010-03-12T05:00:00+00:00,2010-03-12T13:00:00+00:00,long,1112.109,1112.4076,1106.0328,16.45173419,-0.023032,-0.00023,-0.00023,9,trail,9996.379694
2010-03-15T23:00:00+00:00,2010-03-17T12:00:00+00:00,long,1108.662,1126.3246,1103.3888,18.95695155,329.141967,3.292612,3.292612,38,trail,10325.521661
2010-03-18T11:00:00+00:00,2010-03-18T14:00:00+00:00,long,1125.445,1121.555,1119.8549,18.47108578,-77.393849,-0.749539,-0.749539,4,mid_exit,10248.127812
2010-03-18T18:00:00+00:00,2010-03-18T21:00:00+00:00,long,1127.171,1121.012,1121.012,16.6392723,-107.47306,-1.048709,-1.048709,4,trail,10140.654752
2010-03-29T08:00:00+00:00,2010-03-29T14:00:00+00:00,long,1111.858,1107.8162,1107.8162,25.08945211,-108.933383,-1.074224,-1.074224,7,trail,10031.721369
2010-04-01T08:00:00+00:00,2010-04-02T02:00:00+00:00,long,1116.184,1120.5629,1111.2912,20.50302765,83.629799,0.833654,0.833654,19,trail,10115.351168
2010-04-04T23:00:00+00:00,2010-04-06T01:00:00+00:00,long,1124.923,1128.137,1120.6494,23.66939154,68.972607,0.681861,0.681861,27,mid_exit,10184.323775
2010-04-06T15:00:00+00:00,2010-04-07T08:00:00+00:00,long,1136.86,1133.877,1131.7265,19.83894765,-65.131265,-0.639525,-0.639525,18,mid_exit,10119.19251
2010-04-07T14:00:00+00:00,2010-04-08T01:00:00+00:00,long,1141.787,1145.8428,1136.9535,20.93553845,78.629695,0.777035,0.777035,12,trail,10197.822205
2010-04-08T16:00:00+00:00,2010-04-09T13:00:00+00:00,long,1152.26,1153.1701,1146.4577,17.57548249,10.722802,0.105148,0.105148,22,trail,10208.545007
2010-04-09T15:00:00+00:00,2010-04-11T21:00:00+00:00,long,1158.524,1158.688,1154.4022,24.76720124,-3.368339,-0.032995,-0.032995,16,mid_exit,10205.176668
2010-04-11T23:00:00+00:00,2010-04-12T09:00:00+00:00,long,1165.997,1162.1046,1162.1046,26.21821156,-109.91723,-1.077073,-1.077073,11,trail,10095.259438
2010-04-14T09:00:00+00:00,2010-04-14T13:00:00+00:00,long,1158.647,1154.1293,1152.4249,16.2248428,-78.166425,-0.774288,-0.774288,5,trail,10017.093012
2010-04-15T15:00:00+00:00,2010-04-16T01:00:00+00:00,long,1158.718,1154.1579,1152.8903,17.18875888,-83.539087,-0.833965,-0.833965,11,trail,9933.553925
2010-04-20T08:00:00+00:00,2010-04-20T15:00:00+00:00,long,1140.813,1139.6847,1135.1895,17.66436192,-25.230008,-0.253988,-0.253988,8,trail,9908.323917
2010-04-21T06:00:00+00:00,2010-04-21T11:00:00+00:00,long,1143.8,1139.9579,1138.7194,19.50227122,-80.780358,-0.815278,-0.815278,6,trail,9827.54356
2010-04-21T17:00:00+00:00,2010-04-22T09:00:00+00:00,long,1149.272,1143.9582,1143.9582,18.49437984,-103.82375,-1.056457,-1.056457,17,trail,9723.71981
2010-04-23T15:00:00+00:00,2010-04-25T23:00:00+00:00,long,1152.852,1153.685,1147.4341,17.94739624,9.565962,0.098378,0.098378,18,mid_exit,9733.285772
2010-04-27T15:00:00+00:00,2010-04-28T05:00:00+00:00,long,1157.568,1163.2504,1152.7778,20.31916365,109.365866,1.123627,1.123627,15,trail,9842.651639
2010-04-28T15:00:00+00:00,2010-04-28T20:00:00+00:00,long,1169.641,1164.8879,1163.4877,15.99572853,-80.828016,-0.821202,-0.821202,6,trail,9761.823623
2010-04-30T01:00:00+00:00,2010-05-02T21:00:00+00:00,long,1174.033,1177.102,1168.1097,16.48038023,45.634173,0.467476,0.467476,30,mid_exit,9807.457796
2010-05-03T11:00:00+00:00,2010-05-03T14:00:00+00:00,long,1180.398,1181.6215,1177.5198,34.07496976,31.468235,0.32086,0.32086,4,trail,9838.92603
2010-05-03T16:00:00+00:00,2010-05-04T00:00:00+00:00,long,1185.118,1180.86,1180.1877,19.95603925,-90.959627,-0.924487,-0.924487,9,mid_exit,9747.966403
2010-05-04T10:00:00+00:00,2010-05-04T13:00:00+00:00,long,1185.938,1184.4581,1180.3147,17.33495706,-30.85449,-0.316522,-0.316522,4,trail,9717.111913
2010-05-05T16:00:00+00:00,2010-05-06T06:00:00+00:00,long,1174.783,1172.548,1166.641,11.9345516,-30.254088,-0.311349,-0.311349,15,mid_exit,9686.857825
2010-05-06T11:00:00+00:00,2010-05-06T12:00:00+00:00,long,1183.807,1176.8691,1176.8691,13.96223328,-101.057248,-1.043241,-1.043241,2,trail,9585.800577
2010-05-06T14:00:00+00:00,2010-05-07T02:00:00+00:00,long,1184.557,1197.6283,1178.2419,15.17917464,193.857793,2.022343,2.022343,13,trail,9779.65837
2010-05-07T17:00:00+00:00,2010-05-09T22:00:00+00:00,long,1210.684,1200.8739,1200.8739,9.96896909,-100.787274,-1.030581,-1.030581,15,trail,9678.871096
2010-05-11T08:00:00+00:00,2010-05-11T15:00:00+00:00,long,1207.674,1215.385,1200.4541,13.40582431,99.350564,1.026469,1.026469,8,trail,9778.221659
2010-05-11T19:00:00+00:00,2010-05-12T21:00:00+00:00,long,1228.426,1236.815,1221.0497,13.25626894,107.229959,1.09662,1.09662,27,mid_exit,9885.451619
2010-05-14T10:00:00+00:00,2010-05-14T13:00:00+00:00,long,1244.258,1240.8986,1237.4801,14.58482955,-53.371725,-0.539902,-0.539902,4,trail,9832.079894
2010-05-17T02:00:00+00:00,2010-05-17T06:00:00+00:00,long,1235.954,1236.3465,1227.919,12.2365649,1.131882,0.011512,0.011512,5,trail,9833.211776
2010-05-24T01:00:00+00:00,2010-05-24T08:00:00+00:00,long,1182.496,1184.457,1177.5032,19.69478404,32.713036,0.332679,0.332679,8,trail,9865.924812
2010-05-24T16:00:00+00:00,2010-05-25T00:00:00+00:00,long,1192.15,1188.162,1185.5938,15.0482365,-64.526838,-0.654037,-0.654037,9,trail,9801.397974
2010-05-25T14:00:00+00:00,2010-05-27T07:00:00+00:00,long,1197.31,1210.9304,1189.1352,11.98977097,159.708545,1.629447,1.629447,42,trail,9961.106519
2010-05-31T15:00:00+00:00,2010-06-01T04:00:00+00:00,long,1216.124,1216.6419,1212.6413,28.60167835,6.232306,0.062566,0.062566,14,trail,9967.338825
2010-06-01T09:00:00+00:00,2010-06-02T01:00:00+00:00,long,1222.266,1221.1996,1217.5914,21.32233523,-29.134839,-0.292303,-0.292303,17,trail,9938.203986
2010-06-04T16:00:00+00:00,2010-06-06T23:00:00+00:00,long,1212.37,1216.584,1204.3075,12.32645456,48.245743,0.485457,0.485457,18,mid_exit,9986.449729
2010-06-07T15:00:00+00:00,2010-06-08T18:00:00+00:00,long,1231.668,1239.6984,1226.4367,19.08980508,147.571829,1.477721,1.477721,28,trail,10134.021559
2010-06-11T13:00:00+00:00,2010-06-11T13:00:00+00:00,long,1227.505,1221.5185,1221.5185,16.92812421,-106.418653,-1.050113,-1.050113,1,trail,10027.602906
2010-06-11T17:00:00+00:00,2010-06-14T09:00:00+00:00,long,1227.668,1229.3645,1221.4282,16.07039153,22.442302,0.223805,0.223805,26,trail,10050.045207
2010-06-15T12:00:00+00:00,2010-06-16T10:00:00+00:00,long,1223.9,1233.182,1218.6947,19.30733139,173.418451,1.725549,1.725549,23,mid_exit,10223.463658
2010-06-17T11:00:00+00:00,2010-06-18T02:00:00+00:00,long,1235.828,1241.4867,1230.3093,18.5251303,99.270616,0.971008,0.971008,16,trail,10322.734274
2010-06-18T12:00:00+00:00,2010-06-20T20:00:00+00:00,long,1256.165,1255.097,1251.076,20.28440612,-27.749068,-0.268815,-0.268815,18,mid_exit,10294.985206
2010-06-21T05:00:00+00:00,2010-06-21T08:00:00+00:00,long,1259.033,1261.1172,1255.9522,33.41659701,59.621892,0.579135,0.579135,4,trail,10354.607099
2010-06-21T12:00:00+00:00,2010-06-21T12:00:00+00:00,long,1261.986,1257.6205,1257.6205,23.71917787,-110.661824,-1.068721,-1.068721,1,trail,10243.945274
2010-06-22T15:00:00+00:00,2010-06-22T18:00:00+00:00,long,1241.004,1236.629,1234.7569,16.39792107,-76.660281,-0.748347,-0.748347,4,mid_exit,10167.284993
2010-06-23T11:00:00+00:00,2010-06-23T12:00:00+00:00,long,1243.975,1238.6924,1237.8215,16.52276752,-92.240002,-0.907224,-0.907224,2,trail,10075.044991
2010-06-24T15:00:00+00:00,2010-06-24T19:00:00+00:00,long,1242.429,1239.1721,1235.5843,14.71948368,-52.355731,-0.519658,-0.519658,5,trail,10022.68926
2010-06-25T12:00:00+00:00,2010-06-27T19:00:00+00:00,long,1251.377,1253.198,1245.0558,15.85567497,24.116482,0.240619,0.240619,18,mid_exit,10046.805741
2010-06-28T01:00:00+00:00,2010-06-28T03:00:00+00:00,long,1257.757,1254.6234,1254.6234,32.061545,-110.086521,-1.095737,-1.095737,3,trail,9936.71922
2010-06-28T14:00:00+00:00,2010-06-28T14:00:00+00:00,long,1260.173,1255.6258,1255.6258,21.85239097,-105.922909,-1.065975,-1.065975,1,trail,9830.796311
2010-06-29T17:00:00+00:00,2010-06-30T11:00:00+00:00,long,1242.545,1241.279,1234.8633,12.79768321,-20.041172,-0.203861,-0.203861,19,mid_exit,9810.755139
2010-06-30T16:00:00+00:00,2010-06-30T20:00:00+00:00,long,1244.418,1241.794,1237.5902,14.3688379,-42.014482,-0.428249,-0.428249,5,mid_exit,9768.740657
2010-08-16T01:00:00+00:00,2010-08-16T15:00:00+00:00,long,1216.467,1221.2677,1213.4597,32.48342585,146.198155,1.496592,1.496592,15,trail,9914.938812
2010-08-17T08:00:00+00:00,2010-08-17T15:00:00+00:00,long,1226.113,1224.566,1221.4672,21.34172545,-39.418167,-0.397563,-0.397563,8,mid_exit,9875.520645
2010-08-18T16:00:00+00:00,2010-08-19T09:00:00+00:00,long,1227.557,1227.969,1223.295,23.1710949,2.595163,0.026279,0.026279,18,mid_exit,9878.115808
2010-08-19T13:00:00+00:00,2010-08-19T15:00:00+00:00,long,1233.496,1230.5581,1229.2925,23.49974023,-76.089809,-0.770287,-0.770287,3,trail,9802.025999
2010-08-23T05:00:00+00:00,2010-08-23T07:00:00+00:00,long,1229.542,1226.895,1226.895,37.0306989,-109.12947,-1.113336,-1.113336,3,trail,9692.896529
2010-08-24T15:00:00+00:00,2010-08-25T12:00:00+00:00,long,1232.054,1231.7576,1225.9709,15.93413971,-9.503121,-0.098042,-0.098042,22,trail,9683.393408
2010-08-25T14:00:00+00:00,2010-08-26T12:00:00+00:00,long,1237.305,1238.4969,1232.2702,19.23292565,17.153846,0.177147,0.177147,23,trail,9700.547254
2010-08-27T13:00:00+00:00,2010-08-27T14:00:00+00:00,long,1238.883,1234.0676,1234.0676,20.14484208,-103.048925,-1.0623,-1.0623,2,trail,9597.498329
2010-08-27T16:00:00+00:00,2010-08-27T17:00:00+00:00,long,1239.851,1234.1339,1234.1339,16.7873543,-101.01119,-1.052474,-1.052474,2,trail,9496.48714
2010-08-31T13:00:00+00:00,2010-09-01T12:00:00+00:00,long,1242.906,1248.9199,1239.3128,26.42905249,151.012963,1.590198,1.590198,24,trail,9647.500103
2010-09-02T14:00:00+00:00,2010-09-03T12:00:00+00:00,long,1249.851,1248.9382,1245.6159,22.77986376,-27.627419,-0.286369,-0.286369,23,trail,9619.872684
2010-09-06T08:00:00+00:00,2010-09-06T21:00:00+00:00,long,1249.651,1248.619,1247.3285,38.49023721,-51.268996,-0.57352,-0.532949,14,mid_exit,9568.603688
2010-09-07T13:00:00+00:00,2010-09-07T21:00:00+00:00,long,1257.005,1253.912,1253.912,30.93631972,-104.966933,-1.096993,-1.096993,9,trail,9463.636755
2010-09-09T12:00:00+00:00,2010-09-09T12:00:00+00:00,long,1256.723,1252.2584,1252.2584,21.19705406,-100.995484,-1.067195,-1.067195,1,trail,9362.641271
2010-09-14T00:00:00+00:00,2010-09-14T19:00:00+00:00,long,1248.148,1267.409,1242.7592,17.37426008,329.433345,3.518594,3.518594,20,trail,9692.074617
2010-09-16T09:00:00+00:00,2010-09-16T13:00:00+00:00,long,1268.848,1271.3839,1263.8163,19.26202798,43.067968,0.444363,0.444363,5,trail,9735.142585
2010-09-17T06:00:00+00:00,2010-09-17T12:00:00+00:00,long,1278.829,1275.5271,1273.0747,16.91803101,-60.937056,-0.625949,-0.625949,7,trail,9674.205529
2010-09-20T02:00:00+00:00,2010-09-20T10:00:00+00:00,long,1277.488,1278.558,1274.0413,28.06802312,21.612378,0.223402,0.223402,9,trail,9695.817907
2010-09-21T10:00:00+00:00,2010-09-21T11:00:00+00:00,long,1281.066,1276.1907,1276.1907,19.88763339,-102.924469,-1.061535,-1.061535,2,trail,9592.893438
2010-09-21T19:00:00+00:00,2010-09-22T15:00:00+00:00,long,1282.037,1288.924,1276.2409,16.5506003,109.018804,1.136454,1.136454,21,mid_exit,9701.912242
2010-09-23T16:00:00+00:00,2010-09-23T20:00:00+00:00,long,1293.013,1291.899,1288.4082,21.06912839,-29.791748,-0.307071,-0.307071,5,mid_exit,9672.120494
2010-09-23T23:00:00+00:00,2010-09-24T15:00:00+00:00,long,1293.869,1294.0511,1289.227,20.83610619,-2.456577,-0.025399,-0.025399,17,trail,9669.663918
2010-09-27T06:00:00+00:00,2010-09-27T07:00:00+00:00,long,1298.086,1296.7691,1295.8848,37.24585242,-60.222819,-0.734554,-0.622802,2,trail,9609.441099
2010-09-27T12:00:00+00:00,2010-09-27T14:00:00+00:00,long,1298.802,1295.9302,1295.9302,33.46138693,-106.132827,-1.104464,-1.104464,3,trail,9503.308272
2010-09-28T15:00:00+00:00,2010-09-29T08:00:00+00:00,long,1305.571,1306.212,1299.32,15.20286078,5.184176,0.054551,0.054551,18,mid_exit,9508.492447
2010-09-30T08:00:00+00:00,2010-09-30T13:00:00+00:00,long,1311.915,1310.4354,1306.6616,18.09969248,-32.210213,-0.338752,-0.338752,6,trail,9476.282235
2010-10-01T10:00:00+00:00,2010-10-03T17:00:00+00:00,long,1315.308,1315.298,1308.24,13.40730367,-4.156264,-0.04386,-0.04386,17,mid_exit,9472.12597
2010-10-05T05:00:00+00:00,2010-10-06T17:00:00+00:00,long,1317.595,1344.787,1312.5974,18.95334955,509.693476,5.380983,5.380983,37,mid_exit,9981.819446
2010-10-07T03:00:00+00:00,2010-10-07T09:00:00+00:00,long,1350.52,1354.144,1345.0319,18.1881151,60.457295,0.605674,0.605674,7,trail,10042.276741
2010-10-08T14:00:00+00:00,2010-10-11T07:00:00+00:00,long,1341.003,1347.9247,1332.6883,12.07773791,79.975157,0.796385,0.796385,25,trail,10122.251898
2010-10-12T23:00:00+00:00,2010-10-14T10:00:00+00:00,long,1351.803,1376.6445,1344.0942,13.13077509,322.248917,3.183569,3.183569,36,trail,10444.500815
2010-10-18T15:00:00+00:00,2010-10-18T22:00:00+00:00,long,1371.292,1366.3917,1364.3454,15.03541418,-78.188664,-0.748611,-0.748611,8,trail,10366.312151
2010-10-20T17:00:00+00:00,2010-10-21T01:00:00+00:00,long,1345.83,1342.691,1337.807,12.92074305,-44.434435,-0.428643,-0.428643,9,mid_exit,10321.877715
2010-10-24T23:00:00+00:00,2010-10-25T07:00:00+00:00,long,1331.533,1343.248,1326.9434,22.4897109,256.72005,2.487145,2.487145,9,trail,10578.597765
2010-10-26T23:00:00+00:00,2010-10-27T02:00:00+00:00,long,1342.888,1337.025,1335.3379,14.01120219,-86.351039,-0.816281,-0.816281,4,mid_exit,10492.246726
2010-10-28T13:00:00+00:00,2010-10-28T14:00:00+00:00,long,1335.53,1329.4984,1329.4984,17.39546178,-110.141106,-1.049738,-1.049738,2,trail,10382.10562
2010-10-28T16:00:00+00:00,2010-10-29T07:00:00+00:00,long,1341.72,1339.068,1334.9709,15.38294827,-45.410463,-0.437392,-0.437392,16,mid_exit,10336.695157
2010-10-29T12:00:00+00:00,2010-10-29T13:00:00+00:00,long,1346.553,1342.3523,1339.4388,14.52966624,-65.393669,-0.632636,-0.632636,2,trail,10271.301488
2010-10-29T17:00:00+00:00,2010-11-01T00:00:00+00:00,long,1357.162,1358.3952,1349.6054,13.59249065,12.684512,0.123495,0.123495,18,trail,10283.986
2010-11-01T06:00:00+00:00,2010-11-01T11:00:00+00:00,long,1362.792,1359.507,1359.2452,28.99511109,-103.947473,-1.01077,-1.01077,6,mid_exit,10180.038527
2010-11-02T11:00:00+00:00,2010-11-02T13:00:00+00:00,long,1357.965,1354.057,1351.8647,16.68776704,-70.222124,-0.689802,-0.689802,3,mid_exit,10109.816403
2010-11-03T10:00:00+00:00,2010-11-03T12:00:00+00:00,long,1357.576,1357.9385,1351.9037,17.82313418,1.113946,0.011018,0.011018,3,trail,10110.930349
2010-11-04T10:00:00+00:00,2010-11-05T07:00:00+00:00,long,1363.808,1384.322,1351.77,8.39917789,169.780982,1.679183,1.679183,22,mid_exit,10280.711331
2010-11-05T15:00:00+00:00,2010-11-05T16:00:00+00:00,long,1395.84,1387.0801,1387.0801,11.73610581,-106.327945,-1.034247,-1.034247,2,trail,10174.383386
2010-11-05T18:00:00+00:00,2010-11-08T02:00:00+00:00,long,1395.706,1390.392,1385.6543,10.12205238,-56.825202,-0.558512,-0.558512,14,mid_exit,10117.558184
2010-11-08T17:00:00+00:00,2010-11-09T18:00:00+00:00,long,1399.431,1413.11,1392.9257,15.55279262,208.080812,2.056631,2.056631,26,trail,10325.638997
2010-11-15T17:00:00+00:00,2010-11-15T18:00:00+00:00,long,1375.1,1366.5126,1366.5126,12.02417379,-106.863642,-1.034935,-1.034935,2,trail,10218.775355
2010-11-23T15:00:00+00:00,2010-11-24T11:00:00+00:00,long,1376.822,1374.878,1368.9918,13.05046532,-29.285244,-0.286583,-0.286583,21,mid_exit,10189.49011
2010-11-25T14:00:00+00:00,2010-11-25T23:00:00+00:00,long,1374.135,1372.169,1369.9078,24.10458486,-54.620989,-0.536052,-0.536052,10,mid_exit,10134.869121
2010-11-30T10:00:00+00:00,2010-12-01T13:00:00+00:00,long,1375.788,1388.1935,1368.33,13.58925868,164.504771,1.623156,1.623156,28,trail,10299.373892
2010-12-02T17:00:00+00:00,2010-12-02T17:00:00+00:00,long,1397.717,1391.9085,1391.9085,17.73155529,-108.313206,-1.051648,-1.051648,1,trail,10191.060686
2010-12-03T14:00:00+00:00,2010-12-06T08:00:00+00:00,long,1398.092,1411.9074,1391.4486,15.34012808,207.327967,2.03441,2.03441,24,trail,10398.388653
2010-12-06T16:00:00+00:00,2010-12-06T17:00:00+00:00,long,1418.093,1412.4413,1412.4413,18.39869182,-109.503494,-1.053081,-1.053081,2,trail,10288.885159
2010-12-06T21:00:00+00:00,2010-12-07T14:00:00+00:00,long,1424.801,1422.1982,1417.3776,13.86007107,-40.233014,-0.391034,-0.391034,18,trail,10248.652145
2010-12-09T15:00:00+00:00,2010-12-09T15:00:00+00:00,long,1392.647,1385.5665,1385.5665,14.47447517,-106.828864,-1.04237,-1.04237,1,trail,10141.823281
2010-12-13T06:00:00+00:00,2010-12-14T13:00:00+00:00,long,1388.439,1400.7757,1383.8601,22.14903859,266.601333,2.628732,2.628732,32,trail,10408.424614
2010-12-21T02:00:00+00:00,2010-12-21T14:00:00+00:00,long,1387.518,1386.244,1381.4053,17.02754039,-26.801349,-0.257497,-0.257497,13,trail,10381.623265
2010-12-28T01:00:00+00:00,2010-12-29T08:00:00+00:00,long,1385.217,1404.508,1380.7935,23.46925119,445.704549,4.293207,4.293207,32,mid_exit,10827.327815
2010-12-29T16:00:00+00:00,2010-12-30T10:00:00+00:00,long,1410.938,1411.5,1406.2629,23.15956411,6.067806,0.056042,0.056042,19,mid_exit,10833.395621
2010-12-31T11:00:00+00:00,2011-01-02T23:00:00+00:00,long,1412.3,1416.929,1407.4249,22.22189416,96.19858,0.887982,0.887982,21,trail,10929.5942
2011-01-03T13:00:00+00:00,2011-01-03T13:00:00+00:00,long,1422.615,1419.1693,1419.1693,31.71951766,-118.811797,-1.087065,-1.087065,1,trail,10810.782403
2011-01-13T14:00:00+00:00,2011-01-13T14:00:00+00:00,long,1391.949,1386.6621,1386.6621,20.44824453,-114.242297,-1.056744,-1.056744,1,trail,10696.540106
2011-02-16T08:00:00+00:00,2011-02-16T10:00:00+00:00,long,1375.752,1372.8198,1371.4114,24.64299891,-79.651101,-0.744644,-0.744644,3,trail,10616.889005
2011-02-16T17:00:00+00:00,2011-02-16T21:00:00+00:00,long,1377.065,1374.059,1372.0697,21.25375654,-70.264919,-0.661822,-0.661822,5,mid_exit,10546.624085
2011-02-17T14:00:00+00:00,2011-02-18T12:00:00+00:00,long,1381.487,1383.78,1377.0686,23.86978111,47.572474,0.451068,0.451068,23,mid_exit,10594.196559
2011-02-18T17:00:00+00:00,2011-02-22T02:00:00+00:00,long,1387.823,1405.3397,1383.9519,27.36740606,471.17642,4.447496,4.447496,40,trail,11065.372979
2011-02-23T13:00:00+00:00,2011-02-23T19:00:00+00:00,long,1404.01,1409.0491,1398.2233,19.12207818,90.621441,0.818964,0.818964,7,trail,11155.99442
2011-02-24T11:00:00+00:00,2011-02-24T15:00:00+00:00,long,1416.567,1411.107,1409.7539,16.37432948,-94.316138,-0.84543,-0.84543,5,trail,11061.678282
2011-02-25T16:00:00+00:00,2011-02-28T08:00:00+00:00,long,1409.695,1411.363,1401.5188,13.52911901,18.507835,0.167315,0.167315,25,trail,11080.186117
2011-03-01T11:00:00+00:00,2011-03-02T03:00:00+00:00,long,1418.769,1427.8527,1413.0571,19.39842455,170.389942,1.53779,1.53779,17,trail,11250.576058
2011-03-02T14:00:00+00:00,2011-03-02T19:00:00+00:00,long,1435.036,1434.2158,1429.7538,21.2990346,-23.859179,-0.212071,-0.212071,6,trail,11226.71688
2011-03-04T15:00:00+00:00,2011-03-07T14:00:00+00:00,long,1425.83,1437.7104,1420.5085,21.0969029,244.310574,2.176153,2.176153,31,trail,11471.027454
2011-03-09T12:00:00+00:00,2011-03-09T16:00:00+00:00,long,1433.58,1428.5221,1427.3547,18.42646532,-98.727159,-0.860665,-0.860665,5,trail,11372.300296
2011-03-11T17:00:00+00:00,2011-03-14T02:00:00+00:00,long,1421.264,1422.7779,1413.0718,13.8818636,16.851194,0.148178,0.148178,19,trail,11389.15149
2011-03-16T12:00:00+00:00,2011-03-16T16:00:00+00:00,long,1401.887,1395.9332,1394.9769,16.48189099,-103.07445,-0.905023,-0.905023,5,trail,11286.07704
2011-03-18T02:00:00+00:00,2011-03-18T17:00:00+00:00,long,1409.372,1413.6482,1402.1987,15.73345188,62.559351,0.554306,0.554306,16,trail,11348.636392
2011-03-20T23:00:00+00:00,2011-03-21T13:00:00+00:00,long,1425.55,1428.1299,1420.4049,22.05717361,50.28815,0.443121,0.443121,15,trail,11398.924542
2011-03-23T09:00:00+00:00,2011-03-24T12:00:00+00:00,long,1431.314,1438.3988,1425.7013,20.30916411,137.793617,1.20883,1.20883,28,trail,11536.718158
2011-03-24T14:00:00+00:00,2011-03-24T16:00:00+00:00,long,1440.925,1441.0378,1436.8603,28.38270514,-5.313242,-0.046055,-0.046055,3,trail,11531.404916
2011-03-30T08:00:00+00:00,2011-03-30T09:00:00+00:00,long,1421.817,1417.661,1416.0905,20.13691595,-89.730097,-0.778137,-0.778137,2,mid_exit,11441.674818
2011-03-30T12:00:00+00:00,2011-03-30T14:00:00+00:00,long,1422.005,1422.5778,1416.8683,22.2743684,6.076448,0.053108,0.053108,3,trail,11447.751266
2011-03-31T04:00:00+00:00,2011-03-31T20:00:00+00:00,long,1427.439,1433.1105,1420.106,15.61127951,83.855988,0.732511,0.732511,17,trail,11531.607254
2011-04-04T02:00:00+00:00,2011-04-04T09:00:00+00:00,long,1430.1,1431.9842,1426.7391,34.31106922,54.355596,0.471362,0.471362,8,trail,11585.96285
2011-04-04T11:00:00+00:00,2011-04-04T15:00:00+00:00,long,1435.338,1433.4419,1432.6181,40.35970221,-88.633942,-0.807419,-0.765011,5,trail,11497.328908
2011-04-05T02:00:00+00:00,2011-04-05T09:00:00+00:00,long,1437.357,1433.651,1431.7702,20.57945319,-82.441289,-0.717047,-0.717047,8,mid_exit,11414.887618
2011-04-05T15:00:00+00:00,2011-04-06T15:00:00+00:00,long,1442.021,1455.3072,1436.9031,22.30385044,289.642263,2.537408,2.537408,25,trail,11704.529881
2011-04-07T14:00:00+00:00,2011-04-07T15:00:00+00:00,long,1461.188,1455.3851,1455.3851,20.17013886,-123.09634,-1.051698,-1.051698,2,trail,11581.433541
2011-04-08T03:00:00+00:00,2011-04-08T13:00:00+00:00,long,1464.366,1466.3201,1456.9474,15.61134654,25.822728,0.222967,0.222967,11,trail,11607.256269
2011-04-13T12:00:00+00:00,2011-04-13T14:00:00+00:00,long,1460.783,1456.5197,1455.2046,20.80750084,-94.950869,-0.81803,-0.81803,3,trail,11512.3054
2011-04-14T06:00:00+00:00,2011-04-14T09:00:00+00:00,long,1463.024,1456.6879,1456.6879,18.16938716,-120.57387,-1.047348,-1.047348,4,trail,11391.73153
2011-04-14T14:00:00+00:00,2011-04-15T07:00:00+00:00,long,1466.417,1471.94,1460.485,19.203863,100.301776,0.880479,0.880479,18,mid_exit,11492.033307
2011-04-15T15:00:00+00:00,2011-04-17T22:00:00+00:00,long,1481.97,1485.199,1475.6766,18.26045271,53.484866,0.465408,0.465408,18,mid_exit,11545.518173
2011-04-18T14:00:00+00:00,2011-04-18T14:00:00+00:00,long,1492.334,1487.9686,1487.9686,26.44778983,-123.389519,-1.068722,-1.068722,1,trail,11422.128654
2011-04-18T16:00:00+00:00,2011-04-19T02:00:00+00:00,long,1491.334,1490.244,1484.4211,16.52291897,-22.966857,-0.201073,-0.201073,11,mid_exit,11399.161797
2011-04-20T06:00:00+00:00,2011-04-20T17:00:00+00:00,long,1499.677,1499.304,1492.9043,16.83104493,-11.327293,-0.09937,-0.09937,12,trail,11387.834503
2011-04-21T02:00:00+00:00,2011-04-21T12:00:00+00:00,long,1507.887,1501.965,1501.6708,18.31960764,-113.984599,-1.000933,-1.000933,11,trail,11273.849905
2011-04-22T07:00:00+00:00,2011-04-22T13:00:00+00:00,long,1508.224,1505.789,1502.0321,18.20741599,-49.797283,-0.441706,-0.441706,7,mid_exit,11224.052622
2011-04-24T18:00:00+00:00,2011-04-25T11:00:00+00:00,long,1509.028,1514.87,1505.6303,33.03426619,183.075903,1.631103,1.631103,18,trail,11407.128525
2011-04-27T00:00:00+00:00,2011-04-27T10:00:00+00:00,long,1508.488,1505.841,1501.0924,15.4242097,-45.455146,-0.39848,-0.39848,11,mid_exit,11361.673379
2011-04-27T17:00:00+00:00,2011-04-28T15:00:00+00:00,long,1512.156,1526.9437,1506.0518,18.61287864,269.657802,2.373399,2.373399,23,trail,11631.331181
2011-04-29T12:00:00+00:00,2011-05-01T22:00:00+00:00,long,1538.848,1557.5702,1532.0671,17.15307877,315.997448,2.716778,2.716778,22,trail,11947.328629
2011-05-02T15:00:00+00:00,2011-05-02T18:00:00+00:00,long,1568.149,1555.3591,1555.3591,9.3412213,-122.275653,-1.023456,-1.023456,4,trail,11825.052976
2011-05-04T13:00:00+00:00,2011-05-04T14:00:00+00:00,long,1540.156,1530.4703,1530.4703,12.20877477,-121.913162,-1.030973,-1.030973,2,trail,11703.139814
2011-05-06T21:00:00+00:00,2011-05-08T22:00:00+00:00,long,1495.313,1491.357,1480.1865,7.73684581,-32.928016,-0.281361,-0.281361,12,mid_exit,11670.211798
2011-05-09T04:00:00+00:00,2011-05-09T12:00:00+00:00,long,1503.252,1503.131,1497.1169,19.02204006,-8.008279,-0.068622,-0.068622,9,trail,11662.203519
2011-05-10T10:00:00+00:00,2011-05-10T12:00:00+00:00,long,1516.478,1509.1756,1507.925,13.63521983,-103.660395,-0.888858,-0.888858,3,trail,11558.543124
2011-05-10T18:00:00+00:00,2011-05-11T11:00:00+00:00,long,1518.65,1518.8178,1510.2803,13.80998497,-1.82568,-0.015795,-0.015795,18,trail,11556.717444
2011-05-13T08:00:00+00:00,2011-05-13T12:00:00+00:00,long,1515.623,1504.7669,1504.7669,10.64536753,-118.760785,-1.027634,-1.027634,5,trail,11437.956659
2011-05-16T08:00:00+00:00,2011-05-16T09:00:00+00:00,long,1496.764,1492.8152,1492.8152,28.96565199,-123.069262,-1.075972,-1.075972,2,trail,11314.887397
2011-05-16T14:00:00+00:00,2011-05-16T15:00:00+00:00,long,1498.869,1495.6105,1492.3435,17.3394949,-61.702593,-0.545322,-0.545322,2,trail,11253.184804
2011-05-20T07:00:00+00:00,2011-05-20T11:00:00+00:00,long,1498.254,1496.9473,1491.5066,16.67780894,-26.796236,-0.238121,-0.238121,5,trail,11226.388569
2011-05-20T16:00:00+00:00,2011-05-22T20:00:00+00:00,long,1509.769,1512.2639,1501.4874,13.55582082,29.753671,0.265033,0.265033,30,trail,11256.14224
2011-05-22T23:00:00+00:00,2011-05-23T00:00:00+00:00,long,1514.319,1515.2891,1513.6985,37.16569045,24.904729,1.079936,0.221255,2,trail,11281.046969
2011-05-23T18:00:00+00:00,2011-05-24T16:00:00+00:00,long,1516.54,1521.76,1508.2449,13.59965156,66.910286,0.593121,0.593121,23,trail,11347.957255
2011-05-25T11:00:00+00:00,2011-05-25T12:00:00+00:00,long,1527.547,1524.197,1522.7116,23.46849745,-85.660016,-0.75485,-0.75485,2,mid_exit,11262.297239
2011-05-25T14:00:00+00:00,2011-05-25T16:00:00+00:00,long,1527.601,1524.4455,1523.0987,25.01454199,-86.43775,-0.767497,-0.767497,3,trail,11175.859489
2011-05-27T13:00:00+00:00,2011-05-29T21:00:00+00:00,long,1528.81,1534.361,1523.7891,22.25867771,116.880317,1.045828,1.045828,19,mid_exit,11292.739806
2011-05-30T11:00:00+00:00,2011-05-31T02:00:00+00:00,long,1537.174,1537.0147,1534.658,36.7321455,-16.871074,-0.182552,-0.149398,16,trail,11275.868731
2011-06-01T13:00:00+00:00,2011-06-01T17:00:00+00:00,long,1537.451,1542.8955,1533.1657,26.31290395,135.366734,1.200499,1.200499,5,trail,11411.235466
2011-06-03T14:00:00+00:00,2011-06-06T07:00:00+00:00,long,1541.908,1544.1564,1534.5706,15.55215126,30.301812,0.265544,0.265544,28,trail,11441.537277
2011-06-06T14:00:00+00:00,2011-06-06T17:00:00+00:00,long,1548.144,1547.4387,1544.2758,29.57845323,-29.735219,-0.259888,-0.259888,4,trail,11411.802058
2011-06-09T13:00:00+00:00,2011-06-09T17:00:00+00:00,long,1538.427,1541.1749,1533.8217,24.7797148,60.658264,0.53154,0.53154,5,trail,11472.460322
2011-06-09T20:00:00+00:00,2011-06-10T05:00:00+00:00,long,1544.893,1541.213,1539.0068,19.4904358,-77.571934,-0.676158,-0.676158,10,mid_exit,11394.888388
2011-06-14T23:00:00+00:00,2011-06-15T06:00:00+00:00,long,1525.94,1521.634,1518.7978,15.95431154,-73.485559,-0.644899,-0.644899,8,mid_exit,11321.402829
2011-06-15T14:00:00+00:00,2011-06-15T15:00:00+00:00,long,1530.445,1524.8493,1524.8493,20.2323263,-119.283726,-1.053613,-1.053613,2,trail,11202.119102
2011-06-16T21:00:00+00:00,2011-06-17T02:00:00+00:00,long,1529.534,1527.092,1522.6614,16.29968149,-44.693727,-0.398976,-0.398976,6,mid_exit,11157.425376
2011-06-17T14:00:00+00:00,2011-06-20T02:00:00+00:00,long,1537.554,1538.331,1532.9479,24.22315055,11.554443,0.103558,0.103558,23,mid_exit,11168.979819
2011-06-20T14:00:00+00:00,2011-06-20T14:00:00+00:00,long,1544.787,1541.0781,1541.0781,30.11399557,-120.723997,-1.080887,-1.080887,1,trail,11048.255822
2011-06-21T12:00:00+00:00,2011-06-22T09:00:00+00:00,long,1544.441,1544.091,1540.5096,28.10259913,-18.266689,-0.165336,-0.165336,22,mid_exit,11029.989132
2011-06-22T14:00:00+00:00,2011-06-22T17:00:00+00:00,long,1553.002,1552.0883,1549.4093,30.70111374,-37.261942,-0.337824,-0.337824,4,trail,10992.727191
2011-07-08T13:00:00+00:00,2011-07-10T22:00:00+00:00,long,1541.029,1542.073,1537.1347,28.2277359,21.001436,0.191048,0.191048,21,mid_exit,11013.728626
2011-07-11T05:00:00+00:00,2011-07-11T06:00:00+00:00,long,1545.734,1544.6936,1543.7893,35.62620938,-47.753371,-0.689258,-0.43358,2,trail,10965.975255
2011-07-11T08:00:00+00:00,2011-07-11T09:00:00+00:00,long,1546.203,1544.0702,1544.0702,35.46098169,-86.269476,-1.14066,-0.786701,2,trail,10879.705779
2011-07-11T12:00:00+00:00,2011-07-11T14:00:00+00:00,long,1549.083,1550.6424,1546.1855,35.11660053,44.225847,0.434651,0.406499,3,trail,10923.931626
2011-07-11T20:00:00+00:00,2011-07-12T03:00:00+00:00,long,1555.55,1549.845,1548.1861,14.83443776,-89.080799,-0.815465,-0.815465,8,mid_exit,10834.850827
2011-07-12T18:00:00+00:00,2011-07-13T18:00:00+00:00,long,1562.688,1579.405,1555.1171,14.31117942,234.946633,2.168434,2.168434,25,trail,11069.797459
2011-07-14T10:00:00+00:00,2011-07-14T14:00:00+00:00,long,1592.434,1583.931,1583.931,13.01869629,-114.603583,-1.035282,-1.035282,5,trail,10955.193876
2011-07-15T15:00:00+00:00,2011-07-18T01:00:00+00:00,long,1588.565,1593.2629,1581.8539,16.32399141,71.791282,0.655317,0.655317,22,trail,11026.985158
2011-07-18T05:00:00+00:00,2011-07-18T07:00:00+00:00,long,1597.293,1595.6589,1594.5007,34.5177283,-66.760738,-0.692655,-0.605431,3,trail,10960.224419
2011-07-18T09:00:00+00:00,2011-07-18T12:00:00+00:00,long,1599.122,1597.6677,1595.6708,31.75772027,-55.712569,-0.508316,-0.508316,4,trail,10904.511851
2011-07-18T15:00:00+00:00,2011-07-19T01:00:00+00:00,long,1603.438,1601.937,1597.9187,19.75705588,-35.582458,-0.326309,-0.326309,11,mid_exit,10868.929393
2011-07-19T08:00:00+00:00,2011-07-19T09:00:00+00:00,long,1608.163,1601.9107,1601.9107,17.38388976,-113.904461,-1.047982,-1.047982,2,trail,10755.024932
2011-07-20T16:00:00+00:00,2011-07-21T08:00:00+00:00,long,1597.134,1597.139,1589.748,14.56136601,-4.295603,-0.03994,-0.03994,17,mid_exit,10750.729329
2011-07-22T12:00:00+00:00,2011-07-24T17:00:00+00:00,long,1596.973,1598.3184,1589.2765,13.96833539,14.602498,0.135828,0.135828,16,trail,10765.331827
2011-07-24T23:00:00+00:00,2011-07-24T23:00:00+00:00,long,1621.073,1616.3205,1616.3205,22.65193441,-114.448899,-1.063125,-1.063125,1,trail,10650.882928
2011-07-26T18:00:00+00:00,2011-07-27T10:00:00+00:00,long,1617.625,1619.437,1611.4769,17.32386091,26.193678,0.24593,0.24593,17,mid_exit,10677.076606
2011-07-27T14:00:00+00:00,2011-07-27T14:00:00+00:00,long,1625.91,1620.5147,1620.5147,19.78958836,-112.707643,-1.055604,-1.055604,1,trail,10564.368964
2011-07-29T13:00:00+00:00,2011-07-29T14:00:00+00:00,long,1623.19,1622.3876,1617.5134,18.61038115,-20.516084,-0.194201,-0.194201,2,trail,10543.852879
2011-08-01T16:00:00+00:00,2011-08-01T17:00:00+00:00,long,1629.791,1621.4086,1621.4086,12.57856089,-109.212097,-1.035789,-1.035789,2,trail,10434.640782
2011-08-02T12:00:00+00:00,2011-08-03T17:00:00+00:00,long,1632.295,1659.8394,1625.7875,16.03479183,436.858282,4.186615,4.186615,30,trail,10871.499065
2011-08-04T12:00:00+00:00,2011-08-04T15:00:00+00:00,long,1670.21,1670.4241,1659.9718,10.61856485,-0.912135,-0.00839,-0.00839,4,trail,10870.58693
2011-08-07T23:00:00+00:00,2011-08-08T07:00:00+00:00,long,1686.752,1702.5196,1677.2525,11.44332536,177.000779,1.628254,1.628254,9,trail,11047.587709
2011-08-09T02:00:00+00:00,2011-08-09T07:00:00+00:00,long,1740.183,1744.143,1723.9435,6.80291124,24.898655,0.225376,0.225376,6,trail,11072.486365
2011-08-10T14:00:00+00:00,2011-08-10T18:00:00+00:00,long,1771.574,1763.6006,1744.1992,4.04477343,-33.464028,-0.302227,-0.302227,5,trail,11039.022336
2011-08-10T20:00:00+00:00,2011-08-11T02:00:00+00:00,long,1793.071,1783.5918,1768.3535,4.46607559,-43.674646,-0.395639,-0.395639,7,trail,10995.34769
2011-08-15T17:00:00+00:00,2011-08-16T13:00:00+00:00,long,1753.147,1771.0374,1741.3297,9.30444999,163.668997,1.48853,1.48853,21,trail,11159.016687
2011-08-17T09:00:00+00:00,2011-08-17T12:00:00+00:00,long,1792.823,1783.7232,1782.8539,11.19360493,-105.217648,-0.942894,-0.942894,4,trail,11053.799039
2011-08-18T11:00:00+00:00,2011-08-19T11:00:00+00:00,long,1805.759,1856.2145,1797.6415,13.61724551,682.979757,6.178688,6.178688,25,trail,11736.778796
2011-08-22T00:00:00+00:00,2011-08-22T01:00:00+00:00,long,1870.752,1867.7376,1863.0814,15.30099183,-50.713607,-0.432091,-0.432091,2,trail,11686.065189
2011-08-22T05:00:00+00:00,2011-08-22T09:00:00+00:00,long,1876.3,1882.9189,1868.0084,14.09386028,89.057694,0.762085,0.762085,5,trail,11775.122883
2011-08-22T23:00:00+00:00,2011-08-23T07:00:00+00:00,long,1907.304,1889.3443,1888.2326,6.17423099,-112.739606,-0.957439,-0.957439,9,trail,11662.383277
2011-08-26T18:00:00+00:00,2011-08-29T00:00:00+00:00,long,1802.478,1814.3034,1779.3339,5.0390308,58.076846,0.497984,0.497984,18,trail,11720.460123
2011-08-30T12:00:00+00:00,2011-08-31T07:00:00+00:00,long,1812.879,1826.904,1799.7993,8.96080195,122.987007,1.049336,1.049336,20,mid_exit,11843.447129
2011-09-01T18:00:00+00:00,2011-09-05T00:00:00+00:00,long,1829.028,1880.2842,1816.587,9.51969064,485.08726,4.095828,4.095828,42,trail,12328.53439
2011-09-05T08:00:00+00:00,2011-09-05T10:00:00+00:00,long,1893.452,1887.5854,1887.4257,20.45788359,-126.155585,-1.023281,-1.023281,3,trail,12202.378805
2011-09-05T16:00:00+00:00,2011-09-06T07:00:00+00:00,long,1900.014,1907.2473,1886.9089,9.31116802,64.557121,0.529054,0.529054,16,trail,12266.935926
2011-09-08T07:00:00+00:00,2011-09-09T10:00:00+00:00,long,1844.298,1866.445,1822.8094,5.70857847,124.715314,1.016679,1.016679,28,trail,12391.65124
2011-09-13T18:00:00+00:00,2011-09-14T05:00:00+00:00,long,1839.266,1830.819,1820.7243,6.68312573,-58.457301,-0.471747,-0.471747,12,mid_exit,12333.193939
2011-09-16T16:00:00+00:00,2011-09-19T08:00:00+00:00,long,1804.473,1817.4668,1788.6215,7.78045859,98.763585,0.800795,0.800795,27,trail,12431.957524
2011-09-21T04:00:00+00:00,2011-09-21T11:00:00+00:00,long,1813.52,1802.387,1797.8839,7.95080456,-90.901549,-0.731193,-0.731193,8,mid_exit,12341.055976
2011-10-27T16:00:00+00:00,2011-10-28T06:00:00+00:00,long,1735.875,1738.416,1721.5797,8.63294648,19.346433,0.156765,0.156765,15,mid_exit,12360.402409
2011-11-02T14:00:00+00:00,2011-11-02T16:00:00+00:00,long,1736.993,1731.5748,1725.7098,10.95469584,-62.641142,-0.506789,-0.506789,3,trail,12297.761267
2011-11-03T12:00:00+00:00,2011-11-04T06:00:00+00:00,long,1755.427,1759.666,1741.6736,8.94161536,35.221023,0.286402,0.286402,19,mid_exit,12332.98229
2011-11-07T01:00:00+00:00,2011-11-07T09:00:00+00:00,long,1759.301,1766.0987,1752.0607,17.0338001,110.680523,0.897435,0.897435,9,trail,12443.662813
2011-11-07T15:00:00+00:00,2011-11-08T07:00:00+00:00,long,1781.634,1787.3465,1773.0696,14.52952082,78.641031,0.631977,0.631977,17,trail,12522.303844
2011-11-08T18:00:00+00:00,2011-11-08T19:00:00+00:00,long,1800.261,1791.1727,1791.1727,13.77848866,-129.356585,-1.033009,-1.033009,2,trail,12392.947259
2011-11-09T14:00:00+00:00,2011-11-09T14:00:00+00:00,long,1798.951,1786.9712,1786.9712,10.34486991,-127.032934,-1.025042,-1.025042,1,trail,12265.914326
2011-11-11T13:00:00+00:00,2011-11-14T06:00:00+00:00,long,1771.377,1788.2496,1760.1099,10.8864875,180.417403,1.470884,1.470884,26,trail,12446.331728
2011-11-30T01:00:00+00:00,2011-11-30T07:00:00+00:00,long,1720.862,1714.819,1711.0151,12.6398478,-80.174555,-0.644162,-0.644162,7,trail,12366.157174
2011-11-30T14:00:00+00:00,2011-12-01T07:00:00+00:00,long,1744.481,1743.118,1733.1429,10.90672791,-18.137889,-0.146674,-0.146674,18,mid_exit,12348.019285
2011-12-02T10:00:00+00:00,2011-12-02T14:00:00+00:00,long,1751.211,1747.6526,1741.5003,12.71588998,-49.06299,-0.397335,-0.397335,5,trail,12298.956295
2011-12-07T14:00:00+00:00,2011-12-07T15:00:00+00:00,long,1733.37,1727.7897,1725.0267,14.74111718,-86.682191,-0.704793,-0.704793,2,trail,12212.274104
2011-12-07T18:00:00+00:00,2011-12-08T10:00:00+00:00,long,1738.04,1736.338,1728.8071,13.2269104,-26.480275,-0.216833,-0.216833,17,mid_exit,12185.793829
2011-12-08T13:00:00+00:00,2011-12-08T14:00:00+00:00,long,1743.114,1736.1289,1736.1289,17.4454107,-127.091562,-1.042949,-1.042949,2,trail,12058.702268
2012-01-17T02:00:00+00:00,2012-01-17T08:00:00+00:00,long,1652.943,1659.2472,1647.4848,22.09281864,132.649702,1.100033,1.100033,7,trail,12191.35197
2012-01-18T18:00:00+00:00,2012-01-19T13:00:00+00:00,long,1660.023,1659.1255,1648.8602,10.92141037,-13.078389,-0.107276,-0.107276,20,trail,12178.273581
2012-01-20T18:00:00+00:00,2012-01-23T13:00:00+00:00,long,1663.26,1669.1611,1655.0454,14.82515714,83.037188,0.681847,0.681847,23,trail,12261.310768
2012-01-23T16:00:00+00:00,2012-01-24T03:00:00+00:00,long,1676.952,1673.252,1670.1022,17.90024638,-71.600986,-0.583959,-0.583959,12,mid_exit,12189.709783
2012-01-25T18:00:00+00:00,2012-01-26T23:00:00+00:00,long,1690.02,1716.5987,1682.1665,15.52137236,407.881488,3.346113,3.346113,30,trail,12597.591271
2012-01-27T15:00:00+00:00,2012-01-30T04:00:00+00:00,long,1727.952,1732.862,1719.7786,15.41291417,71.053534,0.564025,0.564025,17,mid_exit,12668.644805
2012-01-31T02:00:00+00:00,2012-01-31T15:00:00+00:00,long,1735.857,1737.4088,1727.2403,14.70243226,18.404505,0.145276,0.145276,14,trail,12687.04931
2012-02-01T10:00:00+00:00,2012-02-02T10:00:00+00:00,long,1748.153,1746.371,1737.8199,12.2780669,-25.562935,-0.201488,-0.201488,25,mid_exit,12661.486374
2012-02-02T16:00:00+00:00,2012-02-02T17:00:00+00:00,long,1758.462,1750.651,1750.651,16.20981484,-131.477808,-1.038407,-1.038407,2,trail,12530.008566
2012-02-02T21:00:00+00:00,2012-02-03T11:00:00+00:00,long,1759.272,1756.957,1749.5762,12.92313019,-33.793985,-0.269704,-0.269704,15,mid_exit,12496.214581
2012-02-07T07:00:00+00:00,2012-02-07T10:00:00+00:00,long,1726.633,1719.328,1718.544,15.44840472,-117.485118,-0.940166,-0.940166,4,trail,12378.729463
2012-02-07T16:00:00+00:00,2012-02-08T12:00:00+00:00,long,1736.373,1744.173,1728.2457,15.23104778,114.232858,0.922816,0.922816,21,mid_exit,12492.962321
2012-02-09T15:00:00+00:00,2012-02-09T17:00:00+00:00,long,1748.023,1738.9922,1738.9922,13.83372716,-129.079741,-1.03322,-1.03322,3,trail,12363.88258
2012-02-13T05:00:00+00:00,2012-02-13T13:00:00+00:00,long,1729.152,1724.8072,1719.2851,12.53066574,-58.202436,-0.470746,-0.470746,9,trail,12305.680144
2012-02-15T03:00:00+00:00,2012-02-15T17:00:00+00:00,long,1724.743,1727.3638,1714.5371,12.05741791,27.982855,0.227398,0.227398,15,trail,12333.662999
2012-02-20T01:00:00+00:00,2012-02-20T08:00:00+00:00,long,1734.458,1730.2702,1727.7333,18.34083751,-82.310011,-0.667361,-0.667361,8,trail,12251.352988
2012-02-21T05:00:00+00:00,2012-02-21T10:00:00+00:00,long,1735.801,1736.3388,1730.3116,22.31820051,5.307268,0.04332,0.04332,6,trail,12256.660257
2012-02-21T14:00:00+00:00,2012-02-22T08:00:00+00:00,long,1745.402,1755.036,1739.747,21.67402344,202.305335,1.650575,1.650575,19,mid_exit,12458.965591
2012-02-22T19:00:00+00:00,2012-02-23T14:00:00+00:00,long,1771.848,1773.8461,1765.7166,20.31993605,34.505283,0.276951,0.276951,20,trail,12493.470875
2012-02-23T16:00:00+00:00,2012-02-23T19:00:00+00:00,long,1784.344,1778.2259,1776.5838,16.09941867,-103.327679,-0.827053,-0.827053,4,trail,12390.143196
2012-02-28T13:00:00+00:00,2012-02-28T18:00:00+00:00,long,1779.827,1781.0073,1773.7147,20.27083618,17.844417,0.144021,0.144021,6,trail,12407.987613
2012-05-01T13:00:00+00:00,2012-05-01T14:00:00+00:00,long,1668.906,1663.6472,1663.6472,23.59471289,-131.15829,-1.057047,-1.057047,2,trail,12276.829323
2012-06-06T01:00:00+00:00,2012-06-06T17:00:00+00:00,long,1624.233,1629.6622,1616.3254,15.5253545,79.632648,0.648642,0.648642,17,trail,12356.461971
2012-06-13T13:00:00+00:00,2012-06-13T16:00:00+00:00,long,1621.278,1613.7393,1613.7393,16.39070658,-128.481832,-1.039795,-1.039795,4,trail,12227.98014
2012-06-14T05:00:00+00:00,2012-06-14T06:00:00+00:00,long,1623.11,1618.106,1614.3778,14.0033212,-74.273616,-0.607407,-0.607407,2,mid_exit,12153.706524
2012-06-14T13:00:00+00:00,2012-06-14T13:00:00+00:00,long,1626.653,1619.3574,1619.3574,16.65895406,-126.534751,-1.041121,-1.041121,1,trail,12027.171772
2012-06-14T20:00:00+00:00,2012-06-15T09:00:00+00:00,long,1624.642,1622.243,1615.051,12.54006024,-33.845623,-0.28141,-0.28141,14,mid_exit,11993.32615
2012-06-15T15:00:00+00:00,2012-06-15T16:00:00+00:00,long,1630.652,1623.6712,1623.6712,17.18044658,-125.087395,-1.042975,-1.042975,2,trail,11868.238754
2012-06-18T18:00:00+00:00,2012-06-19T13:00:00+00:00,long,1629.787,1625.639,1618.2669,10.30220116,-45.824191,-0.386108,-0.386108,20,trail,11822.414564
2012-07-02T17:00:00+00:00,2012-07-04T01:00:00+00:00,long,1600.431,1615.6588,1593.082,16.0871065,240.145108,2.03127,2.03127,33,trail,12062.559672
2012-07-05T02:00:00+00:00,2012-07-05T05:00:00+00:00,long,1618.413,1613.7087,1613.7087,25.64156128,-128.318065,-1.063771,-1.063771,4,trail,11934.241607
2012-07-26T11:00:00+00:00,2012-07-26T12:00:00+00:00,long,1616.802,1611.9127,1610.7035,19.56914259,-101.550152,-0.850914,-0.850914,2,trail,11832.691455
2012-07-27T07:00:00+00:00,2012-07-27T12:00:00+00:00,long,1619.338,1620.3458,1610.6152,13.56524448,9.60148,0.081144,0.081144,6,trail,11842.292935
2012-07-31T02:00:00+00:00,2012-07-31T13:00:00+00:00,long,1624.583,1621.853,1618.5155,19.51758209,-59.138274,-0.499382,-0.499382,12,mid_exit,11783.154662
2012-08-02T10:00:00+00:00,2012-08-02T11:00:00+00:00,long,1606.719,1598.7197,1598.7197,14.73023222,-122.250616,-1.037503,-1.037503,2,trail,11660.904045
2012-08-06T05:00:00+00:00,2012-08-07T05:00:00+00:00,long,1607.803,1610.7,1603.7089,28.48221598,73.968315,0.634327,0.634327,25,mid_exit,11734.87236
2012-08-07T08:00:00+00:00,2012-08-07T13:00:00+00:00,long,1614.652,1610.8217,1609.7699,24.036526,-99.278063,-0.846009,-0.846009,6,trail,11635.594297
2012-08-08T14:00:00+00:00,2012-08-09T10:00:00+00:00,long,1614.083,1613.566,1609.1757,23.71078658,-19.371713,-0.166487,-0.166487,21,mid_exit,11616.222584
2012-08-10T15:00:00+00:00,2012-08-10T21:00:00+00:00,long,1623.252,1618.0506,1618.0506,22.33287689,-122.862089,-1.057677,-1.057677,7,trail,11493.360495
2012-08-13T03:00:00+00:00,2012-08-13T07:00:00+00:00,long,1623.023,1620.8558,1618.7363,26.81167447,-66.149763,-0.575548,-0.575548,5,trail,11427.210732
2012-08-16T13:00:00+00:00,2012-08-16T13:00:00+00:00,long,1607.4,1603.3978,1603.3978,28.55232305,-122.837804,-1.074959,-1.074959,1,trail,11304.372928
2012-08-16T15:00:00+00:00,2012-08-17T11:00:00+00:00,long,1616.2,1613.4236,1611.2879,23.01332002,-70.798178,-0.62629,-0.62629,21,trail,11233.57475
2012-08-20T03:00:00+00:00,2012-08-20T08:00:00+00:00,long,1618.187,1617.0761,1615.5913,34.71037263,-48.972865,-0.543553,-0.435951,6,trail,11184.601885
2012-08-20T16:00:00+00:00,2012-08-22T10:00:00+00:00,long,1619.837,1639.7078,1615.802,27.71896378,542.482296,4.85026,4.85026,43,trail,11727.084182
2012-08-22T14:00:00+00:00,2012-08-22T17:00:00+00:00,long,1642.352,1637.2984,1637.2984,23.20540641,-124.232464,-1.059364,-1.059364,4,trail,11602.851718
2012-08-22T19:00:00+00:00,2012-08-24T01:00:00+00:00,long,1653.457,1666.938,1647.3419,18.97409972,250.097608,2.155484,2.155484,31,mid_exit,11852.949326
2012-08-24T17:00:00+00:00,2012-08-27T07:00:00+00:00,long,1671.359,1671.6911,1664.8211,18.12959716,0.58196,0.00491,0.00491,22,trail,11853.531286
2012-08-28T15:00:00+00:00,2012-08-28T22:00:00+00:00,long,1670.399,1665.0329,1664.4028,19.76840547,-112.009762,-0.944948,-0.944948,8,trail,11741.521524
2012-08-30T13:00:00+00:00,2012-08-30T14:00:00+00:00,long,1663.216,1658.5221,1658.5221,25.01442622,-124.919543,-1.063913,-1.063913,2,trail,11616.601981
2012-08-31T11:00:00+00:00,2012-08-31T14:00:00+00:00,long,1659.202,1656.2462,1653.0836,18.98633953,-61.815724,-0.532133,-0.532133,4,trail,11554.786257
2012-08-31T16:00:00+00:00,2012-09-03T05:00:00+00:00,long,1679.893,1689.759,1672.2254,15.06962577,144.15604,1.247587,1.247587,21,mid_exit,11698.942297
2012-09-03T16:00:00+00:00,2012-09-04T08:00:00+00:00,long,1693.003,1692.349,1688.2326,24.52402796,-23.395923,-0.199983,-0.199983,17,mid_exit,11675.546374
2012-09-06T02:00:00+00:00,2012-09-06T12:00:00+00:00,long,1697.174,1704.3558,1691.5538,20.77425425,142.964263,1.224476,1.224476,11,trail,11818.510637
2012-09-07T13:00:00+00:00,2012-09-10T05:00:00+00:00,long,1724.793,1735.941,1718.6539,19.2512105,208.837131,1.767034,1.767034,20,mid_exit,12027.347769
2012-09-11T13:00:00+00:00,2012-09-11T15:00:00+00:00,long,1734.077,1731.2358,1729.052,23.93502044,-75.184686,-0.625114,-0.625114,3,trail,11952.163082
2012-09-12T01:00:00+00:00,2012-09-12T12:00:00+00:00,long,1735.672,1738.2523,1730.0471,21.24866768,48.453337,0.405394,0.405394,12,trail,12000.616419
2012-09-13T13:00:00+00:00,2012-09-13T13:00:00+00:00,long,1733.742,1729.4265,1729.4265,27.80817152,-128.348616,-1.069517,-1.069517,1,trail,11872.267804
2012-09-13T17:00:00+00:00,2012-09-14T12:00:00+00:00,long,1752.674,1770.118,1747.6416,23.59166164,404.455447,3.406724,3.406724,20,mid_exit,12276.723251
2012-09-18T14:00:00+00:00,2012-09-18T16:00:00+00:00,long,1769.273,1762.699,1760.2315,13.57819306,-93.336499,-0.760272,-0.760272,3,trail,12183.386752
2012-09-18T20:00:00+00:00,2012-09-19T12:00:00+00:00,long,1770.852,1767.6719,1761.2674,12.7114191,-44.23701,-0.363093,-0.363093,17,trail,12139.149742
2012-09-21T01:00:00+00:00,2012-09-21T14:00:00+00:00,long,1772.673,1780.083,1764.5977,15.0324443,106.880679,0.880463,0.880463,14,trail,12246.030421
2012-09-25T08:00:00+00:00,2012-09-25T09:00:00+00:00,long,1767.625,1764.08,1761.2531,19.2188051,-73.896306,-0.603431,-0.603431,2,mid_exit,12172.134116
2012-09-25T13:00:00+00:00,2012-09-25T15:00:00+00:00,long,1771.757,1765.783,1765.783,20.37518265,-127.833896,-1.050218,-1.050218,3,trail,12044.30022
2012-09-27T13:00:00+00:00,2012-09-28T10:00:00+00:00,long,1764.213,1777.894,1758.1348,19.81557076,265.152152,2.201474,2.201474,22,mid_exit,12309.452372
2012-10-01T13:00:00+00:00,2012-10-01T14:00:00+00:00,long,1784.737,1781.3103,1780.5935,29.7078614,-110.712287,-0.899409,-0.899409,2,trail,12198.740085
2012-10-03T10:00:00+00:00,2012-10-05T07:00:00+00:00,long,1778.728,1791.493,1772.7158,20.28997719,252.914566,2.073284,2.073284,46,mid_exit,12451.65465
2012-10-09T00:00:00+00:00,2012-10-09T06:00:00+00:00,long,1777.452,1775.423,1771.647,21.44987881,-49.956768,-0.401206,-0.401206,7,mid_exit,12401.697883
2012-10-10T12:00:00+00:00,2012-10-10T12:00:00+00:00,long,1767.172,1761.1491,1761.1491,20.59090784,-130.194251,-1.04981,-1.04981,1,trail,12271.503632
2012-10-11T08:00:00+00:00,2012-10-11T12:00:00+00:00,long,1767.783,1765.2257,1760.705,17.33752986,-49.538524,-0.403687,-0.403687,5,trail,12221.965107
2012-10-11T15:00:00+00:00,2012-10-11T15:00:00+00:00,long,1772.952,1767.1221,1767.1221,20.96427916,-128.508935,-1.051459,-1.051459,1,trail,12093.456173
2012-10-12T13:00:00+00:00,2012-10-12T13:00:00+00:00,long,1771.179,1766.9879,1766.9879,28.85508858,-129.591088,-1.07158,-1.07158,1,trail,11963.865084
2012-10-17T02:00:00+00:00,2012-10-17T08:00:00+00:00,long,1752.052,1747.858,1746.5695,21.82191534,-98.067688,-0.819699,-0.819699,7,mid_exit,11865.797397
2012-11-23T07:00:00+00:00,2012-11-26T03:00:00+00:00,long,1731.852,1748.052,1729.4321,34.25753874,544.694866,6.570519,4.590462,27,mid_exit,12410.492263
2012-11-30T06:00:00+00:00,2012-11-30T13:00:00+00:00,long,1730.403,1725.4895,1724.844,22.32504455,-116.39162,-0.937849,-0.937849,8,trail,12294.100643
2013-01-22T03:00:00+00:00,2013-01-22T12:00:00+00:00,long,1691.563,1690.5509,1687.9016,33.57759503,-44.057162,-0.35836,-0.35836,10,trail,12250.043481
2013-01-22T17:00:00+00:00,2013-01-22T20:00:00+00:00,long,1695.033,1690.7353,1690.7353,28.50371939,-131.051551,-1.069805,-1.069805,4,trail,12118.99193
2013-07-23T19:00:00+00:00,2013-07-24T09:00:00+00:00,long,1343.085,1339.603,1336.3607,18.02268181,-68.161783,-0.562438,-0.562438,15,mid_exit,12050.830147
2013-07-31T02:00:00+00:00,2013-07-31T07:00:00+00:00,long,1336.18,1329.2809,1329.2809,17.46724957,-125.748476,-1.043484,-1.043484,6,trail,11925.081671
2013-08-11T23:00:00+00:00,2013-08-12T23:00:00+00:00,long,1328.803,1332.958,1321.0488,15.3788678,59.285535,0.49715,0.49715,25,mid_exit,11984.367206
2013-08-14T14:00:00+00:00,2013-08-15T10:00:00+00:00,long,1326.374,1336.568,1319.1915,16.68550951,165.086431,1.377515,1.377515,20,mid_exit,12149.453638
2013-08-15T17:00:00+00:00,2013-08-19T08:00:00+00:00,long,1358.25,1372.731,1347.4765,11.27716493,159.921476,1.316285,1.316285,39,mid_exit,12309.375113
2013-08-20T15:00:00+00:00,2013-08-20T22:00:00+00:00,long,1375.385,1366.5204,1366.5204,13.88599047,-127.259548,-1.033842,-1.033842,7,trail,12182.115565
2013-08-22T13:00:00+00:00,2013-08-23T09:00:00+00:00,long,1375.313,1375.242,1364.3212,11.08291232,-4.11176,-0.033752,-0.033752,21,mid_exit,12178.003805
2013-08-23T15:00:00+00:00,2013-08-25T23:00:00+00:00,long,1395.24,1394.4215,1388.9938,19.49666006,-21.807014,-0.179069,-0.179069,8,trail,12156.19679
2013-08-26T20:00:00+00:00,2013-08-27T00:00:00+00:00,long,1402.644,1396.4882,1393.5068,13.30407213,-85.888429,-0.70654,-0.70654,5,trail,12070.308362
2013-08-27T09:00:00+00:00,2013-08-28T13:00:00+00:00,long,1410.404,1419.3059,1401.4606,13.49633066,116.094087,0.961815,0.961815,28,trail,12186.402448
2013-09-03T13:00:00+00:00,2013-09-04T06:00:00+00:00,long,1398.013,1407.742,1390.9555,17.26730776,162.813445,1.336026,1.336026,17,mid_exit,12349.215893
2013-09-06T13:00:00+00:00,2013-09-09T08:00:00+00:00,long,1384.162,1387.302,1376.866,16.92600863,48.069864,0.389254,0.389254,19,mid_exit,12397.285758
2013-09-18T23:00:00+00:00,2013-09-19T17:00:00+00:00,long,1362.437,1363.862,1347.1188,8.09317397,9.104821,0.073442,0.073442,19,mid_exit,12406.390578
2013-10-25T17:00:00+00:00,2013-10-28T07:00:00+00:00,long,1349.982,1347.622,1344.0655,20.96913814,-55.777907,-0.44959,-0.44959,14,mid_exit,12350.612671
2013-10-28T15:00:00+00:00,2013-10-28T16:00:00+00:00,long,1358.909,1352.6498,1352.6498,19.73193487,-129.425707,-1.047929,-1.047929,2,trail,12221.186964
2013-10-30T11:00:00+00:00,2013-10-30T17:00:00+00:00,long,1349.656,1351.9054,1343.8514,21.05431376,41.043279,0.335837,0.335837,7,trail,12262.230243
2014-01-13T19:00:00+00:00,2014-01-14T08:00:00+00:00,long,1253.907,1250.275,1248.1807,21.41388024,-84.199377,-0.686656,-0.686656,14,mid_exit,12178.030866
2014-01-16T06:00:00+00:00,2014-01-16T07:00:00+00:00,long,1242.842,1239.063,1237.7283,23.81451956,-97.139425,-0.797661,-0.797661,2,mid_exit,12080.891441
2014-01-17T14:00:00+00:00,2014-01-20T11:00:00+00:00,long,1248.123,1254.593,1244.1591,30.47728611,188.044855,1.556548,1.556548,21,mid_exit,12268.936296
2014-01-23T10:00:00+00:00,2014-01-24T06:00:00+00:00,long,1247.003,1259.052,1242.3949,26.62471799,312.813812,2.549641,2.549641,21,mid_exit,12581.750107
2014-01-24T12:00:00+00:00,2014-01-24T13:00:00+00:00,long,1270.569,1265.4399,1265.4399,24.5301322,-133.176541,-1.05849,-1.05849,2,trail,12448.573567
2014-01-27T00:00:00+00:00,2014-01-27T06:00:00+00:00,long,1275.597,1268.342,1268.1097,16.62625188,-125.611333,-1.009042,-1.009042,7,mid_exit,12322.962234
2014-01-29T11:00:00+00:00,2014-01-29T19:00:00+00:00,long,1257.523,1260.8595,1251.8086,21.56475261,65.481371,0.531377,0.531377,9,trail,12388.443605
2014-01-29T21:00:00+00:00,2014-01-30T02:00:00+00:00,long,1269.842,1262.729,1262.4008,16.64844864,-123.41495,-0.99621,-0.99621,6,mid_exit,12265.028655
2014-01-31T11:00:00+00:00,2014-01-31T15:00:00+00:00,long,1245.373,1246.3087,1240.1311,23.39805921,14.874146,0.121273,0.121273,5,trail,12279.902802
2014-02-03T15:00:00+00:00,2014-02-03T17:00:00+00:00,long,1248.813,1257.9297,1244.0134,25.58526294,225.577588,1.836966,1.836966,3,trail,12505.480389
2014-02-05T10:00:00+00:00,2014-02-05T14:00:00+00:00,long,1257.113,1260.6582,1252.4743,26.95901953,87.48741,0.699593,0.699593,5,trail,12592.967799
2014-02-06T12:00:00+00:00,2014-02-06T13:00:00+00:00,long,1261.483,1258.5664,1256.6903,26.27530995,-84.517162,-0.671146,-0.671146,2,trail,12508.450638
2014-02-07T16:00:00+00:00,2014-02-11T13:00:00+00:00,long,1263.647,1281.1973,1258.334,23.54310303,406.12559,3.24681,3.24681,45,trail,12914.576228
2014-02-11T17:00:00+00:00,2014-02-12T01:00:00+00:00,long,1290.942,1285.943,1282.6875,15.64549788,-82.905493,-0.641953,-0.641953,9,mid_exit,12831.670734
2014-02-12T16:00:00+00:00,2014-02-13T03:00:00+00:00,long,1293.589,1289.365,1288.6522,25.99187882,-117.58726,-0.916383,-0.916383,12,trail,12714.083475
2014-02-13T15:00:00+00:00,2014-02-18T01:00:00+00:00,long,1295.593,1322.968,1290.9579,27.43000901,742.667494,5.841298,5.841298,54,trail,13456.750968
2014-02-20T19:00:00+00:00,2014-02-21T03:00:00+00:00,long,1317.442,1316.827,1311.1381,21.34670754,-19.532237,-0.145148,-0.145148,9,trail,13437.218731
2014-02-21T19:00:00+00:00,2014-02-24T01:00:00+00:00,long,1325.342,1320.4776,1320.4776,27.6235892,-142.659264,-1.061673,-1.061673,6,trail,13294.559467
2014-02-24T06:00:00+00:00,2014-02-25T01:00:00+00:00,long,1326.058,1333.373,1320.123,22.40026869,157.137885,1.181971,1.181971,20,mid_exit,13451.697352
2014-02-25T16:00:00+00:00,2014-02-26T09:00:00+00:00,long,1339.762,1340.743,1334.3573,24.8888881,16.949333,0.126001,0.126001,18,mid_exit,13468.646685
2014-02-27T11:00:00+00:00,2014-02-27T18:00:00+00:00,long,1333.061,1329.787,1326.4971,20.51927465,-73.335888,-0.544493,-0.544493,8,mid_exit,13395.310797
2014-03-03T00:00:00+00:00,2014-03-04T06:00:00+00:00,long,1338.342,1345.8277,1331.408,19.31830227,138.815525,1.036299,1.036299,31,trail,13534.126322
2014-03-05T16:00:00+00:00,2014-03-05T23:00:00+00:00,long,1338.574,1336.023,1333.5201,26.77956889,-76.348551,-0.564119,-0.564119,8,mid_exit,13457.777771
2014-03-06T15:00:00+00:00,2014-03-07T08:00:00+00:00,long,1343.923,1348.611,1339.228,28.66406341,125.77791,0.934611,0.934611,18,mid_exit,13583.555681
2014-03-10T15:00:00+00:00,2014-03-11T14:00:00+00:00,long,1343.842,1344.527,1337.6587,21.96813301,8.457731,0.062264,0.062264,23,trail,13592.013412
2014-03-12T02:00:00+00:00,2014-03-13T11:00:00+00:00,long,1358.113,1366.9854,1351.2223,19.72515624,169.091929,1.244054,1.244054,33,trail,13761.105342
2014-03-14T01:00:00+00:00,2014-03-14T04:00:00+00:00,long,1375.282,1370.569,1368.9337,21.67683528,-108.665975,-0.78966,-0.78966,4,mid_exit,13652.439366
2014-03-14T13:00:00+00:00,2014-03-14T15:00:00+00:00,long,1381.808,1378.6284,1376.2748,24.67367774,-85.854529,-0.628859,-0.628859,3,trail,13566.584837
2014-03-17T00:00:00+00:00,2014-03-17T07:00:00+00:00,long,1386.581,1380.839,1378.4906,16.76874424,-101.316753,-0.746811,-0.746811,8,mid_exit,13465.268085
2014-03-21T09:00:00+00:00,2014-03-21T14:00:00+00:00,long,1339.722,1334.3009,1333.856,22.95477,-131.326535,-0.975298,-0.975298,6,trail,13333.94155
2014-03-26T08:00:00+00:00,2014-03-26T12:00:00+00:00,long,1316.114,1310.8804,1310.8804,25.47757098,-140.982687,-1.057322,-1.057322,5,trail,13192.958863
2014-04-11T11:00:00+00:00,2014-04-11T12:00:00+00:00,long,1322.692,1317.5298,1317.5298,25.5568534,-139.596645,-1.058115,-1.058115,2,trail,13053.362218
2014-04-14T00:00:00+00:00,2014-04-14T11:00:00+00:00,long,1326.47,1321.8897,1320.6202,22.31420257,-108.900003,-0.834268,-0.834268,12,trail,12944.462216
2014-06-23T07:00:00+00:00,2014-06-23T09:00:00+00:00,long,1316.803,1312.519,1311.5585,24.68197581,-113.142177,-0.874059,-0.874059,3,mid_exit,12831.320039
2014-06-23T17:00:00+00:00,2014-06-23T22:00:00+00:00,long,1317.44,1314.421,1312.5136,26.04603775,-86.446799,-0.673717,-0.673717,6,mid_exit,12744.873239
2014-06-24T09:00:00+00:00,2014-06-24T12:00:00+00:00,long,1323.1,1320.1577,1318.5839,28.22097216,-91.500858,-0.717942,-0.717942,4,trail,12653.372381
2014-06-25T16:00:00+00:00,2014-06-25T22:00:00+00:00,long,1324.03,1317.9432,1317.9432,20.78821775,-132.770189,-1.049287,-1.049287,7,trail,12520.602192
2014-06-27T05:00:00+00:00,2014-06-27T08:00:00+00:00,long,1321.053,1315.916,1315.916,24.37337394,-132.518034,-1.0584,-1.0584,4,trail,12388.084158
2014-06-30T16:00:00+00:00,2014-07-01T10:00:00+00:00,long,1318.821,1325.099,1314.3343,27.61068081,165.05665,1.332382,1.332382,19,mid_exit,12553.140808
2014-07-01T15:00:00+00:00,2014-07-01T19:00:00+00:00,long,1329.05,1326.421,1323.9035,24.39160752,-71.443018,-0.569125,-0.569125,5,mid_exit,12481.697789
2014-07-02T12:00:00+00:00,2014-07-02T12:00:00+00:00,long,1328.613,1324.8427,1324.8427,33.10531732,-134.748573,-1.079569,-1.079569,1,trail,12346.949216
2014-07-02T15:00:00+00:00,2014-07-02T19:00:00+00:00,long,1329.533,1326.628,1325.3655,29.62675277,-94.953743,-0.769046,-0.769046,5,mid_exit,12251.995474
2014-07-04T08:00:00+00:00,2014-07-04T14:00:00+00:00,long,1322.571,1320.122,1317.6849,25.0752041,-68.931736,-0.562616,-0.562616,7,mid_exit,12183.063738
2014-07-07T20:00:00+00:00,2014-07-08T14:00:00+00:00,long,1319.421,1320.6007,1315.8074,33.71447791,29.658626,0.243441,0.243441,19,trail,12212.722364
2014-07-09T19:00:00+00:00,2014-07-09T22:00:00+00:00,long,1330.721,1325.8451,1325.8451,25.0471141,-129.641358,-1.061527,-1.061527,4,trail,12083.081006
2014-07-10T10:00:00+00:00,2014-07-10T15:00:00+00:00,long,1341.126,1336.1221,1335.2839,20.6827699,-109.699343,-0.907876,-0.907876,6,trail,11973.381663
2014-07-15T10:00:00+00:00,2014-07-15T13:00:00+00:00,long,1312.02,1307.0377,1307.0377,24.03183602,-126.943367,-1.060213,-1.060213,4,trail,11846.438295
2014-07-16T14:00:00+00:00,2014-07-16T17:00:00+00:00,long,1301.773,1298.4205,1297.7654,29.55993187,-107.967651,-0.911393,-0.911393,4,trail,11738.470644
2014-07-17T04:00:00+00:00,2014-07-17T08:00:00+00:00,long,1303.072,1302.5967,1298.3338,24.77411389,-19.207371,-0.163628,-0.163628,5,trail,11719.263274
2014-07-17T16:00:00+00:00,2014-07-17T16:00:00+00:00,long,1321.83,1316.1173,1316.1173,20.51440348,-123.346954,-1.052515,-1.052515,1,trail,11595.91632
2014-07-17T18:00:00+00:00,2014-07-18T04:00:00+00:00,long,1316.177,1312.7249,1307.9782,14.14343114,-53.067568,-0.45764,-0.45764,10,trail,11542.848752
2014-07-21T07:00:00+00:00,2014-07-21T13:00:00+00:00,long,1313.607,1313.629,1308.9483,24.77697373,-6.887999,-0.059673,-0.059673,7,trail,11535.960753
2014-07-27T23:00:00+00:00,2014-07-28T02:00:00+00:00,long,1307.071,1302.404,1302.404,24.71815032,-122.775053,-1.064281,-1.064281,4,trail,11413.185701
2014-07-29T04:00:00+00:00,2014-07-29T12:00:00+00:00,long,1305.803,1306.0621,1302.163,31.35490577,-1.282416,-0.011236,-0.011236,9,trail,11411.903285
2014-08-07T16:00:00+00:00,2014-08-08T12:00:00+00:00,long,1311.391,1312.3498,1306.9808,25.87615819,17.047213,0.149381,0.149381,20,trail,11428.950498
2014-08-12T08:00:00+00:00,2014-08-12T17:00:00+00:00,long,1311.429,1311.8778,1308.026,33.58492653,4.997437,0.043726,0.043726,10,trail,11433.947935
2014-08-13T14:00:00+00:00,2014-08-13T15:00:00+00:00,long,1312.73,1309.8096,1308.1758,25.10638078,-80.852589,-0.707127,-0.707127,2,trail,11353.095346
2014-08-14T08:00:00+00:00,2014-08-14T10:00:00+00:00,long,1316.861,1311.8781,1311.8781,22.78411236,-120.366187,-1.060206,-1.060206,3,trail,11232.729159
2014-12-09T13:00:00+00:00,2014-12-10T09:00:00+00:00,long,1211.581,1228.787,1204.9026,16.81949143,284.350322,2.531445,2.531445,21,mid_exit,11517.079481
2015-01-06T10:00:00+00:00,2015-01-06T15:00:00+00:00,long,1213.308,1205.6697,1205.6697,15.07806643,-119.694215,-1.039276,-1.039276,6,trail,11397.385267
2015-01-06T17:00:00+00:00,2015-01-07T03:00:00+00:00,long,1219.532,1214.188,1213.0866,17.68297587,-99.802716,-0.875663,-0.875663,11,mid_exit,11297.582551
2015-01-08T15:00:00+00:00,2015-01-08T18:00:00+00:00,long,1215.782,1209.5278,1209.5278,18.06399308,-118.395023,-1.047968,-1.047968,4,trail,11179.187527
2015-01-09T14:00:00+00:00,2015-01-12T08:00:00+00:00,long,1214.259,1221.3709,1209.6968,24.50394005,166.918389,1.493117,1.493117,18,trail,11346.105917
2015-01-12T19:00:00+00:00,2015-01-13T14:00:00+00:00,long,1232.748,1234.7639,1224.8842,14.42827376,24.757475,0.218202,0.218202,19,trail,11370.863391
2015-01-14T14:00:00+00:00,2015-01-14T19:00:00+00:00,long,1239.621,1231.9864,1231.9864,14.89385612,-118.176791,-1.039295,-1.039295,6,trail,11252.686601
2015-01-15T11:00:00+00:00,2015-01-16T05:00:00+00:00,long,1249.761,1257.112,1241.5977,13.7844825,97.194386,0.863744,0.863744,19,mid_exit,11349.880987
2015-01-16T14:00:00+00:00,2015-01-19T13:00:00+00:00,long,1265.462,1276.599,1258.9212,17.35243546,188.048343,1.656831,1.656831,23,mid_exit,11537.92933
2015-01-20T08:00:00+00:00,2015-01-20T11:00:00+00:00,long,1279.961,1285.7587,1275.5684,26.26674254,144.40667,1.251582,1.251582,4,trail,11682.336
2015-01-20T13:00:00+00:00,2015-01-20T19:00:00+00:00,long,1291.322,1287.7428,1284.7889,17.88176517,-69.366943,-0.593776,-0.593776,7,trail,11612.969057
2015-01-21T06:00:00+00:00,2015-01-21T14:00:00+00:00,long,1300.21,1294.2167,1291.7608,13.7444599,-86.498009,-0.74484,-0.74484,9,trail,11526.471048
2015-01-22T16:00:00+00:00,2015-01-23T04:00:00+00:00,long,1299.398,1297.138,1290.9053,13.57221031,-34.744858,-0.301435,-0.301435,13,mid_exit,11491.726189
2015-01-27T14:00:00+00:00,2015-01-28T06:00:00+00:00,long,1287.308,1289.083,1281.1345,18.61460466,27.456542,0.238924,0.238924,16,mid_exit,11519.182731
2015-01-30T16:00:00+00:00,2015-02-02T08:00:00+00:00,long,1273.708,1275.7343,1267.4956,18.5422425,32.009473,0.27788,0.27788,16,trail,11551.192204
2015-02-03T08:00:00+00:00,2015-02-03T12:00:00+00:00,long,1283.072,1275.8171,1275.7822,15.84569152,-119.712615,-1.036366,-1.036366,5,trail,11431.479589
2015-02-04T11:00:00+00:00,2015-02-04T15:00:00+00:00,long,1268.735,1261.797,1260.3388,13.61506347,-98.545829,-0.862057,-0.862057,5,trail,11332.93376
2015-02-05T00:00:00+00:00,2015-02-05T08:00:00+00:00,long,1272.364,1266.453,1263.854,13.31719596,-82.713104,-0.729847,-0.729847,9,mid_exit,11250.220656
2015-02-10T03:00:00+00:00,2015-02-10T08:00:00+00:00,long,1243.383,1240.728,1238.3079,22.16748568,-65.50492,-0.582255,-0.582255,6,mid_exit,11184.715736
2015-04-16T00:00:00+00:00,2015-04-16T04:00:00+00:00,long,1204.759,1200.9118,1199.1028,19.77425787,-82.007802,-0.733213,-0.733213,5,trail,11102.707933
2015-04-17T09:00:00+00:00,2015-04-17T13:00:00+00:00,long,1204.308,1201.439,1199.1968,21.72231166,-68.838006,-0.620011,-0.620011,5,trail,11033.869928
2015-04-20T07:00:00+00:00,2015-04-20T08:00:00+00:00,long,1208.801,1204.363,1203.6302,21.33880623,-101.103264,-0.916299,-0.916299,2,mid_exit,10932.766664
2015-04-21T10:00:00+00:00,2015-04-21T13:00:00+00:00,long,1197.519,1198.2953,1193.3147,26.00377391,12.385598,0.113289,0.113289,4,trail,10945.152261
2015-04-21T17:00:00+00:00,2015-04-22T02:00:00+00:00,long,1202.249,1199.799,1197.9712,25.58593731,-70.361328,-0.642854,-0.642854,10,mid_exit,10874.790934
2015-04-28T14:00:00+00:00,2015-04-29T05:00:00+00:00,long,1204.859,1209.748,1200.581,25.42026866,116.653613,1.072698,1.072698,16,mid_exit,10991.444547
2015-05-13T07:00:00+00:00,2015-05-13T08:00:00+00:00,long,1195.536,1192.905,1190.3328,21.12439373,-61.915598,-0.563307,-0.563307,2,mid_exit,10929.528949
2015-05-13T12:00:00+00:00,2015-05-14T08:00:00+00:00,long,1196.842,1214.338,1192.6702,26.19859281,450.511002,4.121962,4.121962,21,mid_exit,11380.039951
2015-05-14T11:00:00+00:00,2015-05-15T01:00:00+00:00,long,1218.981,1219.5824,1214.0691,23.16830544,6.982927,0.061361,0.061361,15,trail,11387.022878
2015-05-18T06:00:00+00:00,2015-05-18T12:00:00+00:00,long,1229.27,1224.7361,1224.0532,21.82760098,-105.51244,-0.926603,-0.926603,7,trail,11281.510438
2015-05-20T12:00:00+00:00,2015-05-20T17:00:00+00:00,long,1209.842,1207.6416,1206.0229,29.53970945,-73.86109,-0.654709,-0.654709,6,trail,11207.649348
2015-05-22T08:00:00+00:00,2015-05-22T12:00:00+00:00,long,1213.552,1209.4198,1209.4198,27.12271755,-120.213309,-1.072601,-1.072601,5,trail,11087.436039
2015-05-25T16:00:00+00:00,2015-05-26T01:00:00+00:00,long,1208.072,1205.2007,1205.2007,38.61469035,-122.458767,-1.104482,-1.104482,6,trail,10964.977272
2015-06-19T12:00:00+00:00,2015-06-19T14:00:00+00:00,long,1202.569,1200.358,1198.886,29.77186335,-74.757149,-0.681781,-0.681781,3,mid_exit,10890.220123
2015-08-21T03:00:00+00:00,2015-08-21T06:00:00+00:00,long,1163.13,1157.6064,1156.6698,16.85740399,-98.170778,-0.901458,-0.901458,4,trail,10792.049345
2015-08-24T14:00:00+00:00,2015-08-24T14:00:00+00:00,long,1165.8,1157.2637,1157.2637,12.64253757,-111.713255,-1.035144,-1.035144,1,trail,10680.33609
2015-09-01T01:00:00+00:00,2015-09-01T14:00:00+00:00,long,1138.541,1140.4453,1133.6446,21.81262987,34.994002,0.327649,0.327649,14,trail,10715.330092
2015-09-17T19:00:00+00:00,2015-09-18T02:00:00+00:00,long,1132.189,1128.2629,1128.2629,27.29255519,-115.341067,-1.076412,-1.076412,8,trail,10599.989025
2015-09-18T13:00:00+00:00,2015-09-21T09:00:00+00:00,long,1140.218,1136.702,1134.0004,17.04836114,-65.056546,-0.613742,-0.613742,20,mid_exit,10534.932479
2015-09-22T09:00:00+00:00,2015-09-22T09:00:00+00:00,long,1135.008,1130.7223,1130.7223,24.58159106,-112.723802,-1.07,-1.07,1,trail,10422.208677
2015-09-23T12:00:00+00:00,2015-09-24T22:00:00+00:00,long,1131.048,1149.61,1127.3387,28.09750809,513.116693,4.923301,4.923301,33,trail,10935.32537
2015-10-05T14:00:00+00:00,2015-10-05T14:00:00+00:00,long,1140.081,1135.2893,1135.2893,22.82138984,-116.199671,-1.062608,-1.062608,1,trail,10819.125699
2015-10-06T12:00:00+00:00,2015-10-06T17:00:00+00:00,long,1138.73,1145.6767,1134.6808,26.71916847,177.594297,1.641485,1.641485,6,trail,10996.719996
2015-10-07T12:00:00+00:00,2015-10-07T13:00:00+00:00,long,1150.918,1147.2713,1146.6386,25.69687338,-101.41785,-0.922255,-0.922255,2,trail,10895.302146
2015-10-09T05:00:00+00:00,2015-10-12T12:00:00+00:00,long,1147.198,1163.8481,1141.3544,18.64484589,304.845095,2.79795,2.79795,31,trail,11200.147241
2015-10-13T14:00:00+00:00,2015-10-14T09:00:00+00:00,long,1165.938,1168.8932,1160.3441,20.02207269,53.162607,0.47466,0.47466,19,trail,11253.309848
2015-10-14T17:00:00+00:00,2015-10-15T12:00:00+00:00,long,1178.419,1179.7205,1170.5431,14.28828432,14.309717,0.12716,0.12716,19,trail,11267.619565
2015-10-20T12:00:00+00:00,2015-10-21T05:00:00+00:00,long,1175.354,1176.089,1170.7331,24.3840368,10.607056,0.094138,0.094138,17,mid_exit,11278.226621
2015-10-22T11:00:00+00:00,2015-10-22T12:00:00+00:00,long,1168.498,1164.0051,1164.0051,25.10233173,-120.312966,-1.066772,-1.066772,2,trail,11157.913655
2015-10-23T06:00:00+00:00,2015-10-23T13:00:00+00:00,long,1169.929,1174.0367,1164.9283,22.31270353,84.960081,0.761433,0.761433,8,trail,11242.873736
2015-10-26T11:00:00+00:00,2015-10-26T17:00:00+00:00,long,1167.268,1164.569,1161.4402,19.29179748,-57.856101,-0.514602,-0.514602,7,mid_exit,11185.017636
2015-10-27T16:00:00+00:00,2015-10-28T17:00:00+00:00,long,1167.049,1176.509,1162.9819,27.50121127,251.911095,2.252219,2.252219,25,trail,11436.928731
2016-01-07T15:00:00+00:00,2016-01-07T15:00:00+00:00,long,1105.751,1099.6218,1099.6218,18.65974145,-119.96721,-1.048946,-1.048946,1,trail,11316.961521
2016-01-07T17:00:00+00:00,2016-01-08T01:00:00+00:00,long,1105.709,1102.9045,1098.6755,16.09008534,-49.95167,-0.441388,-0.441388,8,trail,11267.009851
2016-01-11T00:00:00+00:00,2016-01-11T08:00:00+00:00,long,1106.622,1100.062,1100.062,17.1753199,-117.822694,-1.045732,-1.045732,9,trail,11149.187157
2016-01-13T17:00:00+00:00,2016-01-14T07:00:00+00:00,long,1091.678,1088.6249,1085.4189,17.81276407,-59.727979,-0.535716,-0.535716,14,trail,11089.459178
2016-01-15T14:00:00+00:00,2016-01-15T15:00:00+00:00,long,1093.838,1088.2107,1088.2107,19.70653631,-116.806553,-1.053312,-1.053312,2,trail,10972.652625
2016-01-19T09:00:00+00:00,2016-01-19T09:00:00+00:00,long,1092.689,1088.9831,1088.9831,29.60860418,-118.609108,-1.080952,-1.080952,1,trail,10854.043517
2016-01-20T04:00:00+00:00,2016-01-20T20:00:00+00:00,long,1092.578,1099.4901,1086.812,18.82421699,124.467605,1.14674,1.14674,17,trail,10978.511123
2016-01-25T02:00:00+00:00,2016-01-26T11:00:00+00:00,long,1100.098,1111.2297,1095.1731,22.29184577,241.458586,2.199375,2.199375,33,trail,11219.969708
2016-01-26T16:00:00+00:00,2016-01-27T07:00:00+00:00,long,1118.677,1117.939,1113.7773,22.89929936,-23.769473,-0.21185,-0.21185,15,mid_exit,11196.200236
2016-01-27T20:00:00+00:00,2016-01-28T00:00:00+00:00,long,1127.568,1123.1156,1123.1156,25.14643841,-119.505934,-1.067379,-1.067379,4,trail,11076.694302
2016-01-29T16:00:00+00:00,2016-02-01T13:00:00+00:00,long,1117.789,1119.7138,1111.9538,18.98254439,30.842838,0.278448,0.278448,21,trail,11107.53714
2016-02-01T15:00:00+00:00,2016-02-02T04:00:00+00:00,long,1126.08,1125.348,1121.9824,27.10742176,-27.974859,-0.251855,-0.251855,13,mid_exit,11079.562281
2016-02-02T21:00:00+00:00,2016-02-03T04:00:00+00:00,long,1129.58,1126.601,1125.0031,24.20756905,-79.376619,-0.716424,-0.716424,7,mid_exit,11000.185662
2016-02-03T11:00:00+00:00,2016-02-03T13:00:00+00:00,long,1130.044,1126.329,1125.2594,22.99081566,-92.308125,-0.839151,-0.839151,3,mid_exit,10907.877537
2016-02-03T15:00:00+00:00,2016-02-05T13:00:00+00:00,long,1132.198,1153.9945,1127.2508,22.04858816,473.967475,4.345185,4.345185,45,trail,11381.845012
2016-02-05T20:00:00+00:00,2016-02-07T23:00:00+00:00,long,1162.401,1166.0772,1155.6439,16.84427493,56.869641,0.499652,0.499652,3,trail,11438.714653
2016-02-08T13:00:00+00:00,2016-02-08T20:00:00+00:00,long,1182.091,1190.9329,1173.6552,13.55972718,115.825834,1.012577,1.012577,8,trail,11554.540487
2016-02-11T00:00:00+00:00,2016-02-12T00:00:00+00:00,long,1198.61,1237.8253,1190.6537,14.52250479,565.147631,4.89113,4.89113,24,trail,12119.688118
2016-02-18T16:00:00+00:00,2016-02-19T01:00:00+00:00,long,1215.134,1228.7387,1208.4048,18.01059282,239.625534,1.977159,1.977159,9,trail,12359.313652
2016-02-23T04:00:00+00:00,2016-02-24T07:00:00+00:00,long,1220.749,1223.449,1212.3414,14.70016848,35.280404,0.285456,0.285456,27,mid_exit,12394.594056
2016-02-24T11:00:00+00:00,2016-02-24T17:00:00+00:00,long,1236.118,1239.7271,1227.4162,14.24371286,47.13387,0.380278,0.380278,7,trail,12441.727926
2016-02-29T11:00:00+00:00,2016-03-01T08:00:00+00:00,long,1234.069,1237.819,1224.5528,13.07426066,45.106199,0.36254,0.36254,21,trail,12486.834126
2016-03-02T15:00:00+00:00,2016-03-04T12:00:00+00:00,long,1239.998,1264.0045,1233.2385,18.47301446,437.930517,3.507138,3.507138,44,trail,12924.764643
2016-03-04T15:00:00+00:00,2016-03-04T15:00:00+00:00,long,1276.271,1266.7252,1266.7252,13.53973962,-133.309568,-1.031427,-1.031427,1,trail,12791.455075
2016-03-08T08:00:00+00:00,2016-03-08T14:00:00+00:00,long,1273.659,1267.6626,1264.9406,14.67179193,-92.379471,-0.722197,-0.722197,7,trail,12699.075604
2016-03-10T15:00:00+00:00,2016-03-11T08:00:00+00:00,long,1263.641,1264.822,1254.1194,13.3371236,11.750006,0.092526,0.092526,17,trail,12710.82561
2016-03-16T19:00:00+00:00,2016-03-17T18:00:00+00:00,long,1258.21,1259.4091,1253.0188,24.48533212,22.014762,0.173197,0.173197,23,trail,12732.840372
2016-03-22T06:00:00+00:00,2016-03-22T08:00:00+00:00,long,1247.92,1251.2082,1241.8687,21.04149583,62.876198,0.493811,0.493811,3,trail,12795.71657
2016-03-29T14:00:00+00:00,2016-03-30T10:00:00+00:00,long,1223.681,1234.4014,1218.7967,26.19764668,272.989958,2.133448,2.133448,20,trail,13068.706527
2016-03-31T12:00:00+00:00,2016-03-31T19:00:00+00:00,long,1235.321,1230.789,1228.407,18.9018029,-91.333512,-0.698872,-0.698872,8,mid_exit,12977.373016
2016-04-05T02:00:00+00:00,2016-04-05T14:00:00+00:00,long,1225.19,1227.9872,1219.267,21.91013509,54.713989,0.421611,0.421611,13,trail,13032.087005
2016-04-07T05:00:00+00:00,2016-04-08T01:00:00+00:00,long,1229.618,1235.879,1222.6878,18.80477765,112.09528,0.860148,0.860148,20,mid_exit,13144.182285
2016-04-10T23:00:00+00:00,2016-04-12T04:00:00+00:00,long,1244.979,1253.692,1238.2623,19.56940504,164.637405,1.25255,1.25255,28,mid_exit,13308.819689
2016-04-12T12:00:00+00:00,2016-04-12T13:00:00+00:00,long,1260.962,1255.5625,1255.5625,24.64824463,-140.48267,-1.055561,-1.055561,2,trail,13168.337019
2016-04-17T23:00:00+00:00,2016-04-18T06:00:00+00:00,long,1238.13,1232.5011,1232.5011,23.39415697,-138.701617,-1.053296,-1.053296,8,trail,13029.635402
2016-04-18T13:00:00+00:00,2016-04-18T14:00:00+00:00,long,1239.541,1233.1038,1233.1038,20.24115361,-136.3687,-1.046604,-1.046604,2,trail,12893.266702
2016-04-21T07:00:00+00:00,2016-04-21T13:00:00+00:00,long,1258.279,1260.4657,1250.9804,17.66539706,33.329305,0.258502,0.258502,7,trail,12926.596006
2016-04-26T14:00:00+00:00,2016-04-27T13:00:00+00:00,long,1241.349,1245.99,1236.2382,25.29270566,109.795635,0.849378,0.849378,23,trail,13036.391641
2016-04-27T16:00:00+00:00,2016-04-27T18:00:00+00:00,long,1249.419,1244.1755,1244.1755,24.8620037,-137.822518,-1.057214,-1.057214,3,trail,12898.569124
2016-04-28T06:00:00+00:00,2016-05-02T13:00:00+00:00,long,1253.251,1292.9802,1245.0046,15.6414546,616.730042,4.781383,4.781383,54,trail,13515.299166
2016-05-03T08:00:00+00:00,2016-05-03T11:00:00+00:00,long,1300.781,1292.407,1292.407,16.13959776,-139.994871,-1.035825,-1.035825,4,trail,13375.304295
2016-05-05T13:00:00+00:00,2016-05-05T14:00:00+00:00,long,1285.251,1278.2877,1278.2877,19.20828385,-139.515528,-1.043083,-1.043083,2,trail,13235.788767
2016-05-06T13:00:00+00:00,2016-05-06T13:00:00+00:00,long,1291.991,1285.839,1285.839,21.51461113,-138.812271,-1.048765,-1.048765,1,trail,13096.976496
2016-05-06T15:00:00+00:00,2016-05-08T22:00:00+00:00,long,1291.351,1286.2939,1283.075,15.82524951,-84.777444,-0.647305,-0.647305,7,trail,13012.199052
2016-05-11T02:00:00+00:00,2016-05-11T16:00:00+00:00,long,1269.819,1271.9829,1263.2183,19.7133623,36.743736,0.282379,0.282379,15,trail,13048.942787
2016-05-16T07:00:00+00:00,2016-05-16T14:00:00+00:00,long,1281.532,1280.9155,1274.6806,19.04565897,-17.455346,-0.133768,-0.133768,8,trail,13031.487441
2016-05-17T15:00:00+00:00,2016-05-17T16:00:00+00:00,long,1281.092,1274.7899,1274.7899,20.67800803,-136.518277,-1.047603,-1.047603,2,trail,12894.969164
2016-05-20T13:00:00+00:00,2016-05-20T13:00:00+00:00,long,1257.951,1253.2085,1253.2085,27.19023545,-137.106762,-1.063258,-1.063258,1,trail,12757.862402
2016-06-09T14:00:00+00:00,2016-06-10T05:00:00+00:00,long,1264.222,1265.351,1259.0623,24.7259771,20.497835,0.160668,0.160668,15,mid_exit,12778.360237
2016-06-10T14:00:00+00:00,2016-06-10T15:00:00+00:00,long,1275.329,1271.4505,1270.448,26.17979971,-109.392293,-0.856075,-0.856075,2,trail,12668.967944
2016-06-10T18:00:00+00:00,2016-06-13T13:00:00+00:00,long,1274.649,1280.0848,1268.6184,21.00780676,107.891894,0.851623,0.851623,19,trail,12776.859838
2016-06-14T13:00:00+00:00,2016-06-14T15:00:00+00:00,long,1285.879,1280.7895,1280.7358,24.84223798,-133.887242,-1.047888,-1.047888,3,trail,12642.972596
2016-06-15T19:00:00+00:00,2016-06-16T16:00:00+00:00,long,1291.31,1303.4463,1285.6561,22.36150727,264.677509,2.093475,2.093475,21,trail,12907.650105
2016-06-17T18:00:00+00:00,2016-06-19T22:00:00+00:00,long,1293.229,1289.7521,1285.0786,15.83683022,-59.814124,-0.463401,-0.463401,4,trail,12847.835981
2016-06-20T20:00:00+00:00,2016-06-21T03:00:00+00:00,long,1290.009,1285.879,1281.3522,14.84132241,-65.747058,-0.511736,-0.511736,7,mid_exit,12782.088922
2016-06-23T08:00:00+00:00,2016-06-23T10:00:00+00:00,long,1268.98,1262.8621,1261.9974,18.3056296,-117.4837,-0.919128,-0.919128,3,trail,12664.605222
2016-06-29T02:00:00+00:00,2016-06-29T19:00:00+00:00,long,1318.191,1318.5766,1309.7735,15.04556605,1.2879,0.010169,0.010169,18,trail,12665.893123
2016-06-30T20:00:00+00:00,2016-07-03T22:00:00+00:00,long,1324.069,1335.9783,1317.2956,18.69946131,217.087656,1.713955,1.713955,25,trail,12882.980779
2016-07-04T02:00:00+00:00,2016-07-05T01:00:00+00:00,long,1348.55,1342.6085,1340.262,15.54413704,-97.018731,-0.753077,-0.753077,19,trail,12785.962048
2016-07-05T17:00:00+00:00,2016-07-06T14:00:00+00:00,long,1354.83,1364.3306,1346.2014,14.81811887,136.335584,1.066291,1.066291,21,trail,12922.297632
2016-07-08T19:00:00+00:00,2016-07-11T07:00:00+00:00,long,1362.611,1360.9173,1351.7926,11.9447401,-23.814228,-0.184288,-0.184288,12,trail,12898.483404
2016-07-17T22:00:00+00:00,2016-07-18T01:00:00+00:00,long,1332.618,1324.1541,1324.1541,15.23940902,-133.556657,-1.035445,-1.035445,4,trail,12764.926747
2016-07-19T09:00:00+00:00,2016-07-19T20:00:00+00:00,long,1333.899,1330.829,1327.4138,19.6831659,-66.332269,-0.519645,-0.519645,12,mid_exit,12698.594478
2016-07-21T09:00:00+00:00,2016-07-21T13:00:00+00:00,long,1321.199,1315.8639,1314.7646,19.73547569,-111.211379,-0.875777,-0.875777,5,trail,12587.383099
2016-07-21T15:00:00+00:00,2016-07-22T03:00:00+00:00,long,1322.742,1325.8685,1316.4085,19.87429241,56.174688,0.446278,0.446278,12,trail,12643.557786
2016-07-26T09:00:00+00:00,2016-07-26T15:00:00+00:00,long,1321.868,1317.608,1314.7215,17.691958,-80.675328,-0.638075,-0.638075,7,mid_exit,12562.882458
2016-07-27T13:00:00+00:00,2016-07-27T18:00:00+00:00,long,1322.829,1323.0028,1318.4979,29.00621657,-3.660585,-0.029138,-0.029138,6,trail,12559.221873
2016-07-27T20:00:00+00:00,2016-07-28T14:00:00+00:00,long,1341.028,1336.5755,1334.5695,19.44603526,-92.417283,-0.735852,-0.735852,18,trail,12466.804591
2016-07-29T13:00:00+00:00,2016-08-01T10:00:00+00:00,long,1345.521,1348.309,1338.086,16.76772642,41.718103,0.334633,0.334633,21,mid_exit,12508.522694
2016-08-01T16:00:00+00:00,2016-08-02T01:00:00+00:00,long,1352.54,1349.2426,1347.2496,23.64381274,-85.056252,-0.679986,-0.679986,9,trail,12423.466442
2016-08-02T08:00:00+00:00,2016-08-03T05:00:00+00:00,long,1358.521,1362.77,1353.7544,26.06358084,102.925081,0.828473,0.828473,21,mid_exit,12526.391523
2016-08-04T13:00:00+00:00,2016-08-05T09:00:00+00:00,long,1362.882,1361.648,1356.9627,21.1619474,-32.462427,-0.259152,-0.259152,20,mid_exit,12493.929095
2016-08-09T14:00:00+00:00,2016-08-10T13:00:00+00:00,long,1339.521,1351.1826,1335.8671,34.19340731,388.491816,3.109445,3.109445,23,trail,12882.420912
2016-08-11T15:00:00+00:00,2016-08-11T16:00:00+00:00,long,1351.378,1346.0991,1346.0991,24.40360854,-136.145292,-1.05683,-1.05683,2,trail,12746.27562
2016-08-12T13:00:00+00:00,2016-08-12T16:00:00+00:00,long,1355.009,1348.6903,1348.6903,20.17230699,-133.514448,-1.047478,-1.047478,4,trail,12612.761172
2016-08-15T16:00:00+00:00,2016-08-15T19:00:00+00:00,long,1342.581,1339.509,1337.1458,23.20569836,-78.249615,-0.6204,-0.6204,4,mid_exit,12534.511557
2016-08-16T01:00:00+00:00,2016-08-16T12:00:00+00:00,long,1345.76,1348.5811,1341.1359,27.10692147,68.33926,0.545209,0.545209,12,trail,12602.850817
2016-08-17T22:00:00+00:00,2016-08-18T09:00:00+00:00,long,1348.739,1348.6108,1342.3065,19.59246143,-8.389492,-0.066568,-0.066568,12,trail,12594.461325
2016-08-23T08:00:00+00:00,2016-08-23T15:00:00+00:00,long,1340.041,1339.4795,1335.6615,28.75776076,-24.774811,-0.196712,-0.196712,8,trail,12569.686514
2016-09-22T13:00:00+00:00,2016-09-22T18:00:00+00:00,long,1337.271,1337.59,1331.6705,22.44386486,0.426433,0.003393,0.003393,6,trail,12570.112947
2016-09-26T14:00:00+00:00,2016-09-26T18:00:00+00:00,long,1340.919,1336.9207,1336.9207,31.43864379,-135.132723,-1.075032,-1.075032,5,trail,12434.980225
2017-01-12T09:00:00+00:00,2017-01-12T18:00:00+00:00,long,1204.661,1198.0854,1196.6876,15.59558059,-107.228974,-0.862317,-0.862317,10,trail,12327.751251
2017-01-16T00:00:00+00:00,2017-01-16T17:00:00+00:00,long,1203.391,1202.578,1197.183,19.85784673,-22.101783,-0.179285,-0.179285,18,mid_exit,12305.649467
2017-01-17T03:00:00+00:00,2017-01-17T12:00:00+00:00,long,1206.099,1212.1753,1201.8428,28.9122914,167.006069,1.35715,1.35715,10,trail,12472.655536
2017-01-20T02:00:00+00:00,2017-01-20T08:00:00+00:00,long,1207.499,1202.2518,1201.3146,20.16793147,-111.875549,-0.896967,-0.896967,7,trail,12360.779987
2017-01-20T20:00:00+00:00,2017-01-23T14:00:00+00:00,long,1212.669,1210.5612,1206.6957,20.69338554,-49.825534,-0.403094,-0.403094,18,trail,12310.954453
2017-01-27T19:00:00+00:00,2017-01-30T08:00:00+00:00,long,1189.488,1189.805,1184.4379,24.3776449,0.41442,0.003366,0.003366,13,trail,12311.368873
2017-01-30T16:00:00+00:00,2017-01-30T18:00:00+00:00,long,1198.178,1194.1199,1194.1199,30.33776613,-132.215019,-1.073926,-1.073926,3,trail,12179.153855
2017-01-31T03:00:00+00:00,2017-01-31T08:00:00+00:00,long,1199.588,1196.549,1194.314,23.09282111,-77.10693,-0.633106,-0.633106,6,mid_exit,12102.046925
2017-01-31T12:00:00+00:00,2017-02-01T04:00:00+00:00,long,1204.129,1208.498,1198.6664,22.15437141,90.146137,0.744883,0.744883,17,mid_exit,12192.193062
2017-02-02T04:00:00+00:00,2017-02-02T15:00:00+00:00,long,1216.208,1217.1657,1209.8453,19.16198007,12.602834,0.103368,0.103368,12,trail,12204.795896
2017-02-03T16:00:00+00:00,2017-02-03T19:00:00+00:00,long,1219.288,1214.7517,1214.0505,23.30271293,-112.698911,-0.923399,-0.923399,4,trail,12092.096986
2017-02-06T00:00:00+00:00,2017-02-07T07:00:00+00:00,long,1220.849,1230.4844,1214.8317,20.0955528,187.600024,1.551427,1.551427,32,trail,12279.697009
2017-02-08T09:00:00+00:00,2017-02-08T18:00:00+00:00,long,1236.972,1237.2313,1232.2864,26.20730965,-1.066638,-0.008686,-0.008686,10,trail,12278.630372
2017-02-10T17:00:00+00:00,2017-02-13T03:00:00+00:00,long,1234.298,1229.119,1228.4795,21.1027419,-115.621923,-0.941652,-0.941652,10,mid_exit,12163.008449
2017-02-14T13:00:00+00:00,2017-02-14T15:00:00+00:00,long,1233.231,1229.4197,1229.4197,31.91301773,-131.20399,-1.078713,-1.078713,3,trail,12031.804459
2017-02-15T17:00:00+00:00,2017-02-17T01:00:00+00:00,long,1230.201,1237.618,1225.234,24.22348391,172.398535,1.432857,1.432857,31,mid_exit,12204.202994
2017-02-17T11:00:00+00:00,2017-02-17T16:00:00+00:00,long,1241.258,1238.4191,1236.9458,28.30156995,-88.835798,-0.727912,-0.727912,6,trail,12115.367196
2017-02-20T17:00:00+00:00,2017-02-21T00:00:00+00:00,long,1238.018,1235.031,1234.296,32.55069102,-106.994121,-0.883127,-0.883127,3,mid_exit,12008.373075
2017-02-22T14:00:00+00:00,2017-02-22T14:00:00+00:00,long,1238.648,1235.4716,1235.4716,37.80497757,-131.425224,-1.094447,-1.094447,1,trail,11876.947851
2017-02-23T13:00:00+00:00,2017-02-24T14:00:00+00:00,long,1243.139,1256.4787,1239.4585,32.26993031,420.79021,3.542915,3.542915,26,trail,12297.738061
2017-02-27T16:00:00+00:00,2017-02-27T18:00:00+00:00,long,1259.718,1258.5082,1255.7465,30.96497057,-46.750913,-0.380159,-0.380159,3,trail,12250.987149
2017-02-28T16:00:00+00:00,2017-02-28T18:00:00+00:00,long,1257.471,1253.2799,1253.2799,29.23095881,-131.279159,-1.07158,-1.07158,3,trail,12119.70799
2017-03-01T21:00:00+00:00,2017-03-02T06:00:00+00:00,long,1249.678,1244.459,1242.9093,17.90551803,-98.820554,-0.815371,-0.815371,10,mid_exit,12020.887436
2017-03-06T00:00:00+00:00,2017-03-06T11:00:00+00:00,long,1236.758,1230.4491,1230.4491,19.05385635,-125.925031,-1.047552,-1.047552,12,trail,11894.962404
2017-03-15T23:00:00+00:00,2017-03-16T20:00:00+00:00,long,1219.128,1225.333,1212.3298,17.49722339,103.321104,0.868612,0.868612,22,mid_exit,11998.283508
2017-03-17T12:00:00+00:00,2017-03-20T11:00:00+00:00,long,1230.852,1231.229,1226.6024,28.23391262,2.174011,0.018119,0.018119,23,mid_exit,12000.45752
2017-03-21T14:00:00+00:00,2017-03-22T11:00:00+00:00,long,1239.182,1245.358,1235.6672,34.14264686,200.622193,1.671788,1.671788,21,mid_exit,12201.079713
2017-03-22T14:00:00+00:00,2017-03-22T22:00:00+00:00,long,1248.879,1247.012,1244.5558,28.22233464,-61.157799,-0.501249,-0.501249,8,mid_exit,12139.921913
2017-03-23T13:00:00+00:00,2017-03-23T14:00:00+00:00,long,1252.052,1248.1437,1248.1437,31.06189881,-130.717789,-1.07676,-1.07676,2,trail,12009.204125
2017-03-24T15:00:00+00:00,2017-03-24T20:00:00+00:00,long,1247.418,1245.8071,1243.2538,28.83916268,-55.108756,-0.458888,-0.458888,6,trail,11954.095369
2017-03-26T23:00:00+00:00,2017-03-27T15:00:00+00:00,long,1252.651,1253.0128,1247.9785,25.58393872,1.581087,0.013226,0.013226,17,trail,11955.676456
2017-03-28T13:00:00+00:00,2017-03-28T16:00:00+00:00,long,1257.221,1253.9663,1253.7974,34.92135897,-124.134955,-1.038293,-1.038293,4,trail,11831.541501
2017-03-31T15:00:00+00:00,2017-04-03T06:00:00+00:00,long,1247.139,1246.789,1243.2134,30.13944748,-19.590641,-0.16558,-0.16558,15,mid_exit,11811.950861
2017-04-03T15:00:00+00:00,2017-04-04T13:00:00+00:00,long,1252.249,1256.5228,1248.7821,34.07064196,135.389917,1.146211,1.146211,22,trail,11947.340778
2017-04-07T02:00:00+00:00,2017-04-07T16:00:00+00:00,long,1264.418,1260.9772,1260.9772,34.72256678,-129.890178,-1.087189,-1.087189,15,trail,11817.4506
2017-04-11T13:00:00+00:00,2017-04-12T09:00:00+00:00,long,1260.478,1273.281,1256.5357,29.97603074,374.790312,3.171499,3.171499,20,mid_exit,12192.240912
2017-04-12T20:00:00+00:00,2017-04-13T13:00:00+00:00,long,1281.471,1282.2859,1276.2905,23.53487291,12.118106,0.099392,0.099392,17,trail,12204.359018
2017-04-16T23:00:00+00:00,2017-04-17T05:00:00+00:00,long,1293.452,1289.449,1288.9187,26.92157814,-115.843551,-0.949198,-0.949198,7,trail,12088.515467
2017-04-18T16:00:00+00:00,2017-04-19T01:00:00+00:00,long,1290.722,1286.8,1284.9945,21.10609423,-89.10993,-0.737145,-0.737145,9,mid_exit,11999.405538
2017-04-20T14:00:00+00:00,2017-04-20T15:00:00+00:00,long,1281.939,1278.172,1277.1048,24.82190546,-100.95069,-0.841297,-0.841297,2,mid_exit,11898.454848
2017-04-21T11:00:00+00:00,2017-04-21T14:00:00+00:00,long,1282.752,1279.3603,1278.2103,26.19824041,-96.716044,-0.812845,-0.812845,4,trail,11801.738804
2017-04-21T16:00:00+00:00,2017-04-23T22:00:00+00:00,long,1284.432,1282.5339,1280.6787,31.44363308,-69.11625,-0.585645,-0.585645,6,trail,11732.622554
2017-04-26T19:00:00+00:00,2017-04-27T06:00:00+00:00,long,1267.052,1264.2573,1262.3169,24.77798263,-76.680423,-0.653566,-0.653566,11,trail,11655.942131
2017-04-28T09:00:00+00:00,2017-04-28T13:00:00+00:00,long,1267.029,1264.4798,1262.8673,28.00764623,-79.799386,-0.684624,-0.684624,5,trail,11576.142746
2017-04-28T20:00:00+00:00,2017-05-01T00:00:00+00:00,long,1268.521,1267.0848,1265.2636,35.5379835,-61.701047,-0.533002,-0.533002,4,trail,11514.441699
2017-05-18T11:00:00+00:00,2017-05-18T12:00:00+00:00,long,1263.861,1256.9462,1256.9462,16.65187959,-120.139981,-1.043385,-1.043385,2,trail,11394.301718
2017-05-21T23:00:00+00:00,2017-05-22T02:00:00+00:00,long,1257.072,1252.1629,1252.1629,23.21057163,-120.906189,-1.061111,-1.061111,4,trail,11273.395529
2017-05-22T13:00:00+00:00,2017-05-23T07:00:00+00:00,long,1258.481,1259.4237,1254.5313,28.54240962,18.344207,0.162721,0.162721,18,trail,11291.739736
2017-05-24T18:00:00+00:00,2017-05-25T12:00:00+00:00,long,1253.702,1255.2151,1249.711,28.29300861,34.322249,0.303959,0.303959,18,trail,11326.061985
2017-05-26T07:00:00+00:00,2017-05-29T03:00:00+00:00,long,1261.151,1266.118,1257.0086,27.34178733,127.604121,1.126642,1.126642,20,mid_exit,11453.666106
2017-05-30T02:00:00+00:00,2017-05-30T04:00:00+00:00,long,1269.679,1267.7063,1267.3818,45.10457409,-102.509166,-0.989335,-0.89499,3,trail,11351.156941
2017-05-31T10:00:00+00:00,2017-05-31T20:00:00+00:00,long,1264.771,1267.7565,1260.9273,29.53184937,79.307781,0.698676,0.698676,11,trail,11430.464722
2017-06-02T13:00:00+00:00,2017-06-05T15:00:00+00:00,long,1273.679,1278.599,1269.5814,27.89551133,128.877262,1.127489,1.127489,26,mid_exit,11559.341984
2017-06-06T02:00:00+00:00,2017-06-07T02:00:00+00:00,long,1282.728,1291.839,1279.4051,34.78690898,306.507455,2.6516,2.6516,24,mid_exit,11865.849439
2017-06-14T13:00:00+00:00,2017-06-14T18:00:00+00:00,long,1276.321,1272.9821,1272.9301,34.99321549,-127.336812,-1.073137,-1.073137,6,trail,11738.512627
2017-07-24T13:00:00+00:00,2017-07-24T14:00:00+00:00,long,1258.119,1254.898,1254.4144,31.68631601,-111.567519,-0.95044,-0.95044,2,mid_exit,11626.945109
2017-07-26T18:00:00+00:00,2017-07-27T14:00:00+00:00,long,1250.699,1258.9277,1247.193,33.16299232,262.939417,2.261466,2.261466,20,trail,11889.884526
2017-07-28T13:00:00+00:00,2017-07-31T07:00:00+00:00,long,1263.568,1266.0875,1259.4988,29.21921883,64.852056,0.545439,0.545439,18,trail,11954.736582
2017-08-01T03:00:00+00:00,2017-08-01T06:00:00+00:00,long,1269.941,1268.131,1266.469,34.431845,-72.651193,-0.607719,-0.607719,4,mid_exit,11882.085389
2017-08-01T15:00:00+00:00,2017-08-01T19:00:00+00:00,long,1272.908,1268.631,1268.631,27.78135466,-127.15526,-1.070143,-1.070143,5,trail,11754.930129
2017-08-02T16:00:00+00:00,2017-08-02T18:00:00+00:00,long,1271.222,1267.4354,1266.4596,24.68278626,-100.868674,-0.858097,-0.858097,3,trail,11654.061455
2017-08-07T16:00:00+00:00,2017-08-07T19:00:00+00:00,long,1259.121,1257.161,1256.07,38.19751378,-86.326381,-0.740741,-0.740741,4,mid_exit,11567.735074
2017-08-08T02:00:00+00:00,2017-08-08T14:00:00+00:00,long,1260.021,1260.9799,1257.0265,38.62993847,25.453266,0.220037,0.220037,13,trail,11593.18834
2017-08-09T01:00:00+00:00,2017-08-11T12:00:00+00:00,long,1265.991,1283.8975,1260.8963,22.7553896,400.642767,3.455846,3.455846,58,trail,11993.831107
2017-08-11T19:00:00+00:00,2017-08-14T00:00:00+00:00,long,1289.798,1286.751,1284.7812,23.90733357,-80.017845,-0.667158,-0.667158,5,mid_exit,11913.813262
2017-08-16T17:00:00+00:00,2017-08-17T10:00:00+00:00,long,1274.621,1283.8283,1270.921,32.1994953,286.810564,2.407378,2.407378,17,trail,12200.623826
2017-08-18T08:00:00+00:00,2017-08-18T14:00:00+00:00,long,1292.949,1292.7791,1287.7621,23.52199546,-11.052986,-0.090594,-0.090594,7,trail,12189.57084
2017-08-21T14:00:00+00:00,2017-08-22T01:00:00+00:00,long,1291.771,1288.1741,1286.8152,24.59657541,-95.850395,-0.786331,-0.786331,11,trail,12093.720446
2017-08-23T12:00:00+00:00,2017-08-24T02:00:00+00:00,long,1289.869,1288.221,1286.1803,32.78586073,-63.866857,-0.528099,-0.528099,14,mid_exit,12029.853589
2017-08-25T15:00:00+00:00,2017-08-29T14:00:00+00:00,long,1290.372,1317.2722,1285.9818,27.40160719,728.888232,6.058995,6.058995,46,trail,12758.741821
2017-08-31T14:00:00+00:00,2017-09-01T09:00:00+00:00,long,1311.788,1318.399,1306.7676,25.41379536,160.386462,1.257071,1.257071,19,mid_exit,12919.128283
2017-09-01T16:00:00+00:00,2017-09-04T16:00:00+00:00,long,1323.552,1333.902,1317.9422,23.02957019,231.44718,1.791508,1.791508,24,mid_exit,13150.575463
2017-09-05T19:00:00+00:00,2017-09-06T04:00:00+00:00,long,1343.528,1337.5441,1337.5441,21.97659631,-138.098734,-1.050135,-1.050135,9,trail,13012.47673
2017-09-07T13:00:00+00:00,2017-09-07T13:00:00+00:00,long,1343.869,1339.5262,1339.5262,29.96333409,-139.113768,-1.06908,-1.06908,1,trail,12873.362962
2017-09-07T15:00:00+00:00,2017-09-08T12:00:00+00:00,long,1346.631,1348.4997,1341.6184,25.68200727,40.287365,0.312951,0.312951,21,trail,12913.650327
2017-09-12T19:00:00+00:00,2017-09-13T13:00:00+00:00,long,1330.811,1330.3598,1326.1056,27.44431999,-20.616173,-0.159646,-0.159646,18,trail,12893.034154
2017-09-14T14:00:00+00:00,2017-09-15T07:00:00+00:00,long,1325.191,1327.4334,1319.611,23.10579597,44.880698,0.3481,0.3481,17,trail,12937.914852
2017-09-19T14:00:00+00:00,2017-09-19T16:00:00+00:00,long,1310.292,1306.0264,1306.0264,30.33082064,-138.478395,-1.07033,-1.07033,3,trail,12799.436457
2017-09-19T20:00:00+00:00,2017-09-20T12:00:00+00:00,long,1310.992,1311.409,1306.614,29.23580735,3.420589,0.026725,0.026725,16,trail,12802.857047
2017-09-25T15:00:00+00:00,2017-09-26T07:00:00+00:00,long,1298.321,1306.7853,1293.8978,28.94478442,236.313903,1.84579,1.84579,16,trail,13039.17095
2017-10-16T12:00:00+00:00,2017-10-16T15:00:00+00:00,long,1305.882,1303.521,1302.2556,35.95624021,-95.679555,-0.733786,-0.733786,4,mid_exit,12943.491395
2017-11-24T03:00:00+00:00,2017-11-24T06:00:00+00:00,long,1292.611,1290.748,1289.197,37.91298007,-82.005776,-0.633568,-0.633568,4,mid_exit,12861.485619
2017-11-27T09:00:00+00:00,2017-11-27T14:00:00+00:00,long,1291.711,1294.4415,1288.074,35.36289695,85.949521,0.668271,0.668271,6,trail,12947.43514
2017-12-26T02:00:00+00:00,2017-12-27T12:00:00+00:00,long,1278.632,1283.4884,1275.5974,42.66603552,194.403524,1.501483,1.501483,34,trail,13141.838665
2017-12-27T16:00:00+00:00,2017-12-28T13:00:00+00:00,long,1286.361,1289.8213,1283.6251,48.03479171,151.804352,1.155123,1.155123,21,trail,13293.643017
2017-12-29T02:00:00+00:00,2017-12-29T18:00:00+00:00,long,1295.632,1303.1037,1292.3607,40.6371871,291.437715,2.192309,2.192309,17,trail,13585.080732
2018-01-02T00:00:00+00:00,2018-01-03T02:00:00+00:00,long,1306.711,1316.2477,1303.2207,38.92238699,359.514412,2.646391,2.646391,26,trail,13944.595143
2018-01-04T16:00:00+00:00,2018-01-05T06:00:00+00:00,long,1319.778,1318.6589,1313.894,23.69917597,-33.631501,-0.241179,-0.241179,14,trail,13910.963643
2018-01-10T11:00:00+00:00,2018-01-10T13:00:00+00:00,long,1321.199,1318.4763,1316.5092,29.6621682,-89.659836,-0.644526,-0.644526,3,trail,13821.303807
2018-01-11T14:00:00+00:00,2018-01-12T13:00:00+00:00,long,1320.918,1327.818,1316.6625,32.4786836,214.359312,1.550934,1.550934,23,trail,14035.663119
2018-01-12T19:00:00+00:00,2018-01-15T16:00:00+00:00,long,1337.679,1340.728,1332.2754,25.9746523,71.404319,0.508735,0.508735,21,mid_exit,14107.067438
2018-01-17T02:00:00+00:00,2018-01-17T02:00:00+00:00,long,1343.651,1338.4557,1338.4557,27.15351845,-149.21673,-1.057744,-1.057744,1,trail,13957.850708
2018-01-19T04:00:00+00:00,2018-01-19T20:00:00+00:00,long,1331.482,1332.162,1326.0018,25.46960094,9.678448,0.069341,0.069341,17,mid_exit,13967.529156
2018-01-22T21:00:00+00:00,2018-01-23T14:00:00+00:00,long,1334.531,1332.9229,1329.9138,30.25108108,-57.722088,-0.413259,-0.413259,17,trail,13909.807069
2018-01-23T20:00:00+00:00,2018-01-25T08:00:00+00:00,long,1340.541,1359.1077,1336.31,32.87593257,600.534797,4.317348,4.317348,35,trail,14510.341866
2018-01-31T21:00:00+00:00,2018-02-01T01:00:00+00:00,long,1345.671,1342.721,1339.9222,25.24064477,-82.032096,-0.565335,-0.565335,4,mid_exit,14428.309771
2018-02-01T21:00:00+00:00,2018-02-02T09:00:00+00:00,long,1349.792,1345.851,1344.1771,25.69646792,-108.97872,-0.755312,-0.755312,12,mid_exit,14319.33105
2018-02-05T11:00:00+00:00,2018-02-06T12:00:00+00:00,long,1336.588,1338.1201,1329.1531,19.25961486,23.729771,0.165718,0.165718,25,trail,14343.060822
2018-02-08T18:00:00+00:00,2018-02-09T08:00:00+00:00,long,1319.829,1315.0129,1313.1703,21.54033193,-110.202492,-0.768333,-0.768333,14,trail,14232.858329
2018-02-12T02:00:00+00:00,2018-02-12T12:00:00+00:00,long,1323.732,1316.9491,1316.9491,20.9834412,-148.623616,-1.044229,-1.044229,11,trail,14084.234714
2018-02-13T05:00:00+00:00,2018-02-13T14:00:00+00:00,long,1326.068,1324.3564,1321.3563,29.89204473,-60.130837,-0.426937,-0.426937,10,trail,14024.103877
2018-02-14T00:00:00+00:00,2018-02-14T09:00:00+00:00,long,1331.872,1330.9815,1327.0207,28.90792958,-34.41489,-0.245398,-0.245398,10,trail,13989.688986
2018-02-14T16:00:00+00:00,2018-02-15T11:00:00+00:00,long,1348.308,1350.998,1342.1498,22.7171722,54.294042,0.3881,0.3881,19,mid_exit,14043.983028
2018-02-16T03:00:00+00:00,2018-02-16T12:00:00+00:00,long,1356.698,1354.9068,1351.3526,26.27302546,-54.942151,-0.391215,-0.391215,10,trail,13989.040877
2018-02-22T17:00:00+00:00,2018-02-23T04:00:00+00:00,long,1329.338,1327.3349,1323.6627,24.64898926,-56.769087,-0.405811,-0.405811,11,trail,13932.27179
2018-02-26T02:00:00+00:00,2018-02-26T14:00:00+00:00,long,1333.722,1335.2379,1329.424,32.41570914,39.414261,0.282899,0.282899,13,trail,13971.686051
2018-03-26T14:00:00+00:00,2018-03-27T08:00:00+00:00,long,1352.721,1350.8405,1348.0585,29.96608268,-65.341043,-0.467668,-0.467668,18,trail,13906.345007
2018-04-04T08:00:00+00:00,2018-04-04T13:00:00+00:00,long,1339.539,1341.9188,1334.8095,29.40341475,61.153222,0.439751,0.439751,6,trail,13967.498229
2018-04-09T18:00:00+00:00,2018-04-10T02:00:00+00:00,long,1335.722,1333.2037,1331.0846,30.11924404,-84.885065,-0.607733,-0.607733,8,trail,13882.613164
2018-04-10T14:00:00+00:00,2018-04-11T17:00:00+00:00,long,1338.818,1355.3411,1333.9409,28.46489341,461.788812,3.326382,3.326382,27,trail,14344.401976
2018-04-13T14:00:00+00:00,2018-04-15T22:00:00+00:00,long,1343.678,1341.3914,1338.726,28.96688606,-74.925747,-0.522334,-0.522334,8,trail,14269.476229
2018-04-16T14:00:00+00:00,2018-04-16T20:00:00+00:00,long,1348.519,1345.572,1342.9987,25.84909557,-83.932013,-0.588193,-0.588193,7,mid_exit,14185.544215
2018-04-18T11:00:00+00:00,2018-04-18T13:00:00+00:00,long,1349.089,1348.6132,1344.6182,31.72931962,-24.615606,-0.173526,-0.173526,3,trail,14160.928609
2018-10-15T07:00:00+00:00,2018-10-15T13:00:00+00:00,long,1224.838,1226.8409,1219.9059,28.71176296,48.893261,0.345269,0.345269,7,trail,14209.82187
2018-10-16T12:00:00+00:00,2018-10-16T17:00:00+00:00,long,1230.029,1227.0377,1226.0483,35.6967917,-117.488851,-0.826814,-0.826814,6,trail,14092.33302
2018-10-18T15:00:00+00:00,2018-10-18T19:00:00+00:00,long,1224.842,1224.8323,1220.8446,35.25374749,-10.918086,-0.077475,-0.077475,5,trail,14081.414934
2018-10-23T06:00:00+00:00,2018-10-23T14:00:00+00:00,long,1224.858,1233.8218,1221.5356,42.3832619,367.200104,2.607693,2.607693,9,trail,14448.615039
2018-10-25T00:00:00+00:00,2018-10-25T07:00:00+00:00,long,1235.208,1233.055,1230.3588,29.79587363,-73.089278,-0.505857,-0.505857,8,trail,14375.525761
2018-10-26T08:00:00+00:00,2018-10-26T12:00:00+00:00,long,1236.408,1232.8734,1232.3622,35.53197331,-136.250905,-0.947798,-0.947798,5,trail,14239.274856
2018-10-26T15:00:00+00:00,2018-10-26T16:00:00+00:00,long,1243.222,1238.6771,1238.6771,31.33022697,-151.791817,-1.066008,-1.066008,2,trail,14087.483039
2018-11-01T07:00:00+00:00,2018-11-02T12:00:00+00:00,long,1222.03,1230.9322,1217.7638,33.02115006,284.054537,2.016361,2.016361,29,trail,14371.537576
2018-11-06T09:00:00+00:00,2018-11-06T14:00:00+00:00,long,1233.965,1232.4491,1230.2344,38.52339456,-69.954632,-0.486758,-0.486758,6,trail,14301.582944
2018-11-07T11:00:00+00:00,2018-11-07T13:00:00+00:00,long,1233.695,1228.555,1227.7332,23.98869963,-130.498526,-0.912476,-0.912476,3,mid_exit,14171.084418
2018-11-16T02:00:00+00:00,2018-11-19T04:00:00+00:00,long,1215.418,1219.635,1210.1889,27.10042726,106.152374,0.749077,0.749077,26,mid_exit,14277.236792
2018-11-19T18:00:00+00:00,2018-11-20T02:00:00+00:00,long,1223.848,1221.898,1220.3726,41.08084477,-92.431901,-0.647407,-0.647407,8,mid_exit,14184.804891
2018-11-20T13:00:00+00:00,2018-11-20T15:00:00+00:00,long,1225.428,1223.0682,1221.9789,41.12610504,-109.387214,-0.771158,-0.771158,3,trail,14075.417677
2018-11-21T14:00:00+00:00,2018-11-23T00:00:00+00:00,long,1226.198,1226.798,1223.0776,45.10773515,13.532321,0.096142,0.096142,29,mid_exit,14088.949997
2018-11-26T08:00:00+00:00,2018-11-26T14:00:00+00:00,long,1227.218,1223.4588,1223.4588,37.47858586,-152.133076,-1.079804,-1.079804,7,trail,13936.816922
2018-11-27T13:00:00+00:00,2018-11-27T13:00:00+00:00,long,1224.058,1220.9184,1220.9184,44.3904221,-152.685296,-1.095554,-1.095554,1,trail,13784.131626
2018-11-28T18:00:00+00:00,2018-11-29T18:00:00+00:00,long,1221.118,1223.8935,1217.9874,44.03031887,108.997054,0.790743,0.790743,24,trail,13893.12868
2018-12-03T06:00:00+00:00,2018-12-04T17:00:00+00:00,long,1226.745,1236.7264,1223.0579,37.68036853,364.79872,2.625749,2.625749,35,trail,14257.9274
2018-12-06T01:00:00+00:00,2018-12-06T06:00:00+00:00,long,1239.245,1236.7874,1236.0782,45.02313818,-124.155806,-0.870784,-0.870784,6,trail,14133.771594
2018-12-06T15:00:00+00:00,2018-12-06T17:00:00+00:00,long,1243.618,1239.9281,1239.9281,38.3039421,-152.828899,-1.081303,-1.081303,3,trail,13980.942696
2018-12-07T14:00:00+00:00,2018-12-10T08:00:00+00:00,long,1243.918,1246.255,1240.5482,41.48893909,84.512969,0.604487,0.604487,18,mid_exit,14065.455664
2018-12-11T09:00:00+00:00,2018-12-11T14:00:00+00:00,long,1248.408,1245.106,1244.706,37.99420763,-136.855136,-0.972988,-0.972988,6,trail,13928.600529
2018-12-12T15:00:00+00:00,2018-12-13T02:00:00+00:00,long,1245.835,1244.445,1242.7555,45.23007153,-76.438821,-0.54879,-0.54879,11,mid_exit,13852.161708
2018-12-17T14:00:00+00:00,2018-12-18T06:00:00+00:00,long,1241.538,1245.1241,1238.4101,44.28582022,145.527634,1.050577,1.050577,16,trail,13997.689342
2018-12-19T03:00:00+00:00,2018-12-19T09:00:00+00:00,long,1250.805,1248.0286,1247.5353,42.81031698,-131.701659,-0.940881,-0.940881,7,trail,13865.987682
2018-12-19T15:00:00+00:00,2018-12-19T17:00:00+00:00,long,1255.618,1252.9822,1252.9822,52.60637257,-154.441789,-1.113817,-1.113817,3,trail,13711.545894
2018-12-20T10:00:00+00:00,2018-12-21T05:00:00+00:00,long,1256.878,1259.318,1251.1735,24.03636759,51.437827,0.375142,0.375142,19,mid_exit,13762.98372
2018-12-24T03:00:00+00:00,2018-12-24T10:00:00+00:00,long,1263.908,1259.2483,1259.2483,29.5362013,-146.490698,-1.064382,-1.064382,8,trail,13616.493023
2018-12-24T17:00:00+00:00,2018-12-26T00:00:00+00:00,long,1267.948,1264.264,1263.6847,31.93885728,-127.244407,-0.934487,-0.934487,4,trail,13489.248615
2018-12-26T02:00:00+00:00,2018-12-26T17:00:00+00:00,long,1270.888,1273.0244,1266.1177,28.27756874,51.928927,0.384965,0.384965,16,trail,13541.177543
2018-12-27T14:00:00+00:00,2018-12-27T15:00:00+00:00,long,1275.675,1270.8756,1270.379,25.56868871,-130.384971,-0.962878,-0.962878,2,trail,13410.792571
2018-12-27T18:00:00+00:00,2018-12-28T09:00:00+00:00,long,1277.388,1276.4472,1272.4708,27.27322983,-33.840624,-0.252339,-0.252339,15,trail,13376.951948
2018-12-31T08:00:00+00:00,2018-12-31T13:00:00+00:00,long,1281.028,1280.7235,1277.2925,35.8103385,-21.64735,-0.161826,-0.161826,6,trail,13355.304598
2019-01-02T05:00:00+00:00,2019-01-02T13:00:00+00:00,long,1283.888,1283.5215,1279.7258,32.08712844,-21.386071,-0.160132,-0.160132,9,trail,13333.918527
2019-01-03T07:00:00+00:00,2019-01-03T11:00:00+00:00,long,1292.105,1286.4453,1286.4453,23.55940867,-140.407008,-1.053006,-1.053006,5,trail,13193.511519
2019-01-03T20:00:00+00:00,2019-01-04T08:00:00+00:00,long,1293.298,1291.6578,1287.7531,23.79395755,-46.165036,-0.349907,-0.349907,12,trail,13147.346483
2019-01-09T15:00:00+00:00,2019-01-10T09:00:00+00:00,long,1288.355,1292.1991,1284.919,38.26352294,135.609752,1.031461,1.031461,18,trail,13282.956234
2019-01-14T09:00:00+00:00,2019-01-14T13:00:00+00:00,long,1293.665,1291.7525,1289.4188,31.28198444,-69.211391,-0.521054,-0.521054,5,trail,13213.744844
2019-01-15T15:00:00+00:00,2019-01-15T15:00:00+00:00,long,1294.365,1291.0568,1291.0568,39.94240023,-144.120169,-1.090684,-1.090684,1,trail,13069.624675
2019-01-16T15:00:00+00:00,2019-01-17T04:00:00+00:00,long,1292.448,1291.3586,1289.1812,40.00742217,-55.586312,-0.425309,-0.425309,13,trail,13014.038363
2019-01-22T09:00:00+00:00,2019-01-22T15:00:00+00:00,long,1284.455,1281.1303,1281.1303,39.14349675,-141.883433,-1.090234,-1.090234,7,trail,12872.15493
2019-01-23T09:00:00+00:00,2019-01-23T13:00:00+00:00,long,1286.245,1283.0992,1283.0992,40.91854196,-140.997112,-1.095365,-1.095365,5,trail,12731.157818
2019-01-25T07:00:00+00:00,2019-01-28T11:00:00+00:00,long,1283.585,1299.535,1280.147,37.03070919,579.530599,4.552065,4.552065,28,mid_exit,13310.688417
2019-01-29T08:00:00+00:00,2019-01-30T12:00:00+00:00,long,1307.505,1312.075,1304.1221,39.34697572,168.011586,1.262231,1.262231,28,mid_exit,13478.700004
2019-01-30T20:00:00+00:00,2019-01-31T16:00:00+00:00,long,1319.865,1320.2414,1316.4236,39.16632767,2.992307,0.0222,0.0222,20,trail,13481.692311
2019-02-07T17:00:00+00:00,2019-02-08T03:00:00+00:00,long,1310.215,1308.638,1306.3205,34.61726104,-64.976599,-0.481962,-0.481962,10,mid_exit,13416.715712
2019-02-08T11:00:00+00:00,2019-02-11T02:00:00+00:00,long,1311.125,1312.025,1307.9378,42.09561908,25.257371,0.188253,0.188253,15,mid_exit,13441.973084
2019-02-12T07:00:00+00:00,2019-02-12T14:00:00+00:00,long,1311.345,1310.1525,1307.7052,36.93052663,-55.118811,-0.41005,-0.41005,8,trail,13386.854273
2019-02-13T16:00:00+00:00,2019-02-13T17:00:00+00:00,long,1314.415,1311.045,1311.045,39.72360318,-145.785624,-1.089021,-1.089021,2,trail,13241.068649
2019-02-14T17:00:00+00:00,2019-02-15T15:00:00+00:00,long,1311.255,1314.7223,1306.4948,27.81620236,88.102258,0.665371,0.665371,22,trail,13329.170907
2019-02-15T19:00:00+00:00,2019-02-19T01:00:00+00:00,long,1320.625,1324.638,1317.0999,37.81217811,140.396617,1.053303,1.053303,25,mid_exit,13469.567524
2019-02-19T09:00:00+00:00,2019-02-20T06:00:00+00:00,long,1328.585,1341.5415,1325.6304,45.58846383,576.990392,4.283659,4.283659,21,trail,14046.557916
2019-02-22T15:00:00+00:00,2019-02-22T19:00:00+00:00,long,1329.135,1328.2312,1324.3261,29.20950304,-35.1624,-0.250328,-0.250328,5,trail,14011.395517
2019-02-28T12:00:00+00:00,2019-02-28T13:00:00+00:00,long,1325.865,1321.5858,1321.5858,32.7430256,-149.936863,-1.070107,-1.070107,2,trail,13861.458654
2019-03-20T19:00:00+00:00,2019-03-21T13:00:00+00:00,long,1314.348,1313.1074,1310.0029,31.90135705,-49.147231,-0.35456,-0.35456,18,trail,13812.311423
2019-03-22T14:00:00+00:00,2019-03-24T23:00:00+00:00,long,1314.305,1311.525,1309.7599,30.38945551,-93.599523,-0.677653,-0.677653,9,mid_exit,13718.7119
2019-03-25T03:00:00+00:00,2019-03-26T04:00:00+00:00,long,1314.938,1319.765,1310.1838,28.85598397,130.631039,0.952211,0.952211,25,mid_exit,13849.34294
2019-03-27T10:00:00+00:00,2019-03-27T12:00:00+00:00,long,1317.835,1314.293,1313.318,30.66048913,-117.797599,-0.850565,-0.850565,3,trail,13731.54534
2019-05-15T12:00:00+00:00,2019-05-15T14:00:00+00:00,long,1299.018,1295.9211,1295.7865,42.49279078,-144.343761,-1.051184,-1.051184,3,trail,13587.201579
2019-05-31T10:00:00+00:00,2019-06-04T09:00:00+00:00,long,1298.855,1323.0439,1294.6544,32.34585911,772.706994,5.687021,5.687021,46,trail,14359.908573
2019-06-05T07:00:00+00:00,2019-06-05T11:00:00+00:00,long,1333.478,1333.5497,1328.3479,27.99147887,-6.390455,-0.044502,-0.044502,5,trail,14353.518119
2019-06-05T13:00:00+00:00,2019-06-05T14:00:00+00:00,long,1340.788,1335.7097,1335.7097,28.26441549,-152.014506,-1.059075,-1.059075,2,trail,14201.503613
2019-06-07T13:00:00+00:00,2019-06-07T15:00:00+00:00,long,1340.998,1339.1454,1336.61,32.36441115,-69.667631,-0.490565,-0.490565,3,trail,14131.835981
2019-06-07T17:00:00+00:00,2019-06-09T22:00:00+00:00,long,1343.065,1336.9874,1336.9874,23.25232984,-148.294059,-1.049362,-1.049362,5,trail,13983.541922
2019-06-12T03:00:00+00:00,2019-06-12T12:00:00+00:00,long,1332.145,1333.3371,1327.9112,33.02834787,29.464589,0.210709,0.210709,10,trail,14013.006512
2019-06-13T07:00:00+00:00,2019-06-14T12:00:00+00:00,long,1337.808,1349.8074,1333.4691,32.29621911,377.846386,2.696398,2.696398,29,trail,14390.852898
2019-06-18T06:00:00+00:00,2019-06-18T13:00:00+00:00,long,1345.805,1346.9841,1341.322,32.10094334,28.219939,0.196096,0.196096,8,trail,14419.072837
2019-06-19T19:00:00+00:00,2019-06-21T06:00:00+00:00,long,1352.078,1396.1222,1347.6402,32.49148866,1421.314178,9.857181,9.857181,34,trail,15840.387015
2019-06-24T16:00:00+00:00,2019-06-25T05:00:00+00:00,long,1413.695,1427.3165,1405.634,19.65064758,261.776102,1.652587,1.652587,13,trail,16102.163117
2019-06-28T00:00:00+00:00,2019-06-28T06:00:00+00:00,long,1410.975,1414.2541,1404.2495,23.94195691,71.325484,0.442956,0.442956,7,trail,16173.488601
2019-07-02T16:00:00+00:00,2019-07-03T02:00:00+00:00,long,1403.568,1423.7504,1397.4717,26.53000771,527.480225,3.261388,3.261388,10,trail,16700.968826
2019-07-04T23:00:00+00:00,2019-07-05T00:00:00+00:00,long,1422.928,1417.7767,1417.7767,32.42088177,-176.735953,-1.058238,-1.058238,2,trail,16524.232873
2019-07-09T16:00:00+00:00,2019-07-10T00:00:00+00:00,long,1397.648,1392.855,1391.0499,25.04392609,-127.548716,-0.771889,-0.771889,8,mid_exit,16396.684158
2019-07-10T13:00:00+00:00,2019-07-10T15:00:00+00:00,long,1410.085,1404.9613,1404.9613,32.00164755,-173.567336,-1.058551,-1.058551,3,trail,16223.116822
2019-07-10T17:00:00+00:00,2019-07-11T12:00:00+00:00,long,1411.855,1416.652,1404.2387,21.30052233,95.788449,0.590444,0.590444,19,trail,16318.905271
2019-07-12T17:00:00+00:00,2019-07-15T02:00:00+00:00,long,1411.215,1410.6931,1404.6293,24.77930254,-20.366109,-0.124801,-0.124801,9,trail,16298.539162
2019-07-17T14:00:00+00:00,2019-07-18T05:00:00+00:00,long,1411.708,1420.4128,1405.7917,27.54853399,231.539918,1.420618,1.420618,15,trail,16530.07908
2019-07-18T16:00:00+00:00,2019-07-19T06:00:00+00:00,long,1428.678,1437.028,1421.4214,22.77937199,183.373945,1.109335,1.109335,14,trail,16713.453025
2019-07-22T14:00:00+00:00,2019-07-22T16:00:00+00:00,long,1428.515,1425.735,1422.1282,26.16874338,-80.59973,-0.482245,-0.482245,3,mid_exit,16632.853295
2019-07-25T12:00:00+00:00,2019-07-25T12:00:00+00:00,long,1431.478,1426.7401,1426.7401,35.10596107,-176.860321,-1.063319,-1.063319,1,trail,16455.992974
2019-07-26T12:00:00+00:00,2019-07-26T12:00:00+00:00,long,1420.215,1414.6711,1414.6711,29.68306242,-173.464848,-1.054114,-1.054114,1,trail,16282.528125
2019-07-26T14:00:00+00:00,2019-07-26T19:00:00+00:00,long,1420.985,1416.598,1415.3494,28.89227079,-135.418073,-0.831677,-0.831677,6,mid_exit,16147.110052
2019-07-29T02:00:00+00:00,2019-07-29T06:00:00+00:00,long,1422.855,1418.638,1417.0234,27.68898767,-125.071157,-0.774573,-0.774573,5,mid_exit,16022.038895
2019-07-29T19:00:00+00:00,2019-07-31T01:00:00+00:00,long,1424.468,1427.928,1419.9488,35.45326362,112.032313,0.699239,0.699239,29,mid_exit,16134.071208
2019-08-01T17:00:00+00:00,2019-08-02T01:00:00+00:00,long,1418.855,1434.9961,1409.861,17.93870492,284.168819,1.761296,1.761296,8,trail,16418.240027
2019-08-02T15:00:00+00:00,2019-08-04T22:00:00+00:00,long,1446.728,1437.848,1433.9802,12.87927331,-118.231729,-0.720124,-0.720124,7,mid_exit,16300.008298
2019-08-05T02:00:00+00:00,2019-08-05T15:00:00+00:00,long,1449.058,1456.7327,1439.7411,17.49509847,129.021103,0.79154,0.79154,14,trail,16429.0294
2019-08-05T23:00:00+00:00,2019-08-06T01:00:00+00:00,long,1473.958,1463.2957,1462.738,14.6426287,-160.516889,-0.977032,-0.977032,3,trail,16268.512512
2019-08-07T00:00:00+00:00,2019-08-07T14:00:00+00:00,long,1476.735,1497.4026,1467.8038,18.21537141,371.003399,2.2805,2.2805,15,trail,16639.51591
2019-08-07T16:00:00+00:00,2019-08-07T19:00:00+00:00,long,1506.608,1494.9703,1494.9703,14.29794196,-170.684542,-1.025778,-1.025778,4,trail,16468.831369
2019-08-08T19:00:00+00:00,2019-08-09T11:00:00+00:00,long,1506.955,1502.055,1495.7026,14.6358389,-76.106362,-0.462124,-0.462124,16,mid_exit,16392.725006
2019-08-12T10:00:00+00:00,2019-08-13T12:00:00+00:00,long,1504.485,1522.9241,1494.9461,17.18513142,311.722817,1.901592,1.901592,26,trail,16704.447824
2019-08-14T11:00:00+00:00,2019-08-14T17:00:00+00:00,long,1510.105,1512.3262,1495.4983,11.43615452,21.97114,0.131529,0.131529,7,trail,16726.418964
2019-08-15T18:00:00+00:00,2019-08-16T02:00:00+00:00,long,1523.825,1517.705,1512.7295,15.07495738,-96.781226,-0.578613,-0.578613,8,mid_exit,16629.637737
2019-08-20T09:00:00+00:00,2019-08-21T02:00:00+00:00,long,1501.978,1503.495,1495.0609,24.04134354,29.258315,0.175941,0.175941,17,mid_exit,16658.896052
2019-08-23T13:00:00+00:00,2019-08-26T06:00:00+00:00,long,1502.288,1536.5585,1498.3941,42.78203357,1453.327071,8.72403,8.72403,17,trail,18112.223124
2019-08-27T15:00:00+00:00,2019-08-28T02:00:00+00:00,long,1538.108,1536.7476,1532.6855,33.40197902,-55.460646,-0.306206,-0.306206,11,trail,18056.762478
2019-08-29T07:00:00+00:00,2019-08-29T07:00:00+00:00,long,1549.225,1542.0118,1542.0118,25.03294305,-188.077508,-1.04159,-1.04159,1,trail,17868.68497
2019-09-03T08:00:00+00:00,2019-09-04T01:00:00+00:00,long,1530.525,1541.9629,1525.053,32.65476054,363.705457,2.035435,2.035435,17,trail,18232.390428
2019-09-04T18:00:00+00:00,2019-09-05T00:00:00+00:00,long,1555.515,1547.5399,1547.5399,22.8616449,-189.182398,-1.037617,-1.037617,6,trail,18043.20803
2019-09-06T14:00:00+00:00,2019-09-06T16:00:00+00:00,long,1524.398,1515.1871,1515.1871,19.58897397,-186.308772,-1.03257,-1.03257,3,trail,17856.899257
2019-09-11T19:00:00+00:00,2019-09-11T23:00:00+00:00,long,1497.135,1492.985,1490.649,27.53145121,-122.514958,-0.686093,-0.686093,4,mid_exit,17734.3843
2019-09-12T06:00:00+00:00,2019-09-12T14:00:00+00:00,long,1497.778,1507.5364,1490.9605,26.01303161,246.041658,1.387371,1.387371,9,trail,17980.425958
2019-09-17T16:00:00+00:00,2019-09-18T06:00:00+00:00,long,1504.798,1501.565,1498.3504,27.88700595,-98.524792,-0.547956,-0.547956,14,mid_exit,17881.901166
2019-09-18T15:00:00+00:00,2019-09-18T18:00:00+00:00,long,1506.998,1504.1164,1503.0514,45.30963656,-144.15714,-0.806162,-0.806162,4,trail,17737.744026
2019-09-20T03:00:00+00:00,2019-09-20T11:00:00+00:00,long,1503.245,1500.1517,1497.3127,29.90028155,-101.460625,-0.572004,-0.572004,9,trail,17636.283401
2019-09-20T18:00:00+00:00,2019-09-24T03:00:00+00:00,long,1510.028,1521.145,1504.7399,33.3508886,360.756562,2.045536,2.045536,32,mid_exit,17997.039963
2019-09-24T16:00:00+00:00,2019-09-24T18:00:00+00:00,long,1527.198,1527.3262,1521.5262,31.73073797,-5.451341,-0.03029,-0.03029,3,trail,17991.588622
2019-09-24T20:00:00+00:00,2019-09-25T10:00:00+00:00,long,1532.648,1528.955,1524.8389,23.03926012,-91.995766,-0.511327,-0.511327,14,mid_exit,17899.592856
2019-10-03T15:00:00+00:00,2019-10-03T15:00:00+00:00,long,1513.735,1506.779,1506.779,25.73259468,-186.715707,-1.043128,-1.043128,1,trail,17712.877149
2019-10-09T23:00:00+00:00,2019-10-10T00:00:00+00:00,long,1515.248,1507.9525,1507.9525,24.27918189,-184.412526,-1.041121,-1.041121,2,trail,17528.464623
2019-11-03T23:00:00+00:00,2019-11-04T08:00:00+00:00,long,1513.908,1510.188,1507.6757,28.12519395,-113.06328,-0.645027,-0.645027,10,mid_exit,17415.401343
2019-12-23T04:00:00+00:00,2019-12-23T12:00:00+00:00,long,1480.768,1481.6853,1477.8886,58.80530017,36.300512,0.214385,0.208439,9,trail,17451.701855
2019-12-24T02:00:00+00:00,2019-12-26T16:00:00+00:00,long,1487.528,1507.7186,1484.1124,51.0941031,1016.292367,5.823457,5.823457,35,trail,18467.994222
2019-12-26T19:00:00+00:00,2019-12-27T06:00:00+00:00,long,1512.048,1508.6212,1507.3463,39.27939729,-146.386458,-0.792649,-0.792649,11,trail,18321.607765
2019-12-27T17:00:00+00:00,2019-12-27T20:00:00+00:00,long,1513.818,1510.795,1509.2806,40.37908883,-134.179712,-0.732358,-0.732358,4,mid_exit,18187.428052
2019-12-30T03:00:00+00:00,2019-12-30T08:00:00+00:00,long,1515.015,1512.585,1510.2693,38.32401553,-104.624562,-0.575258,-0.575258,6,mid_exit,18082.80349
2019-12-31T02:00:00+00:00,2019-12-31T12:00:00+00:00,long,1521.225,1520.8068,1517.9956,55.99431315,-40.215116,-0.222394,-0.222394,11,trail,18042.588374
2020-01-02T13:00:00+00:00,2020-01-02T17:00:00+00:00,long,1522.995,1524.0213,1518.2653,38.14742663,27.706476,0.153562,0.153562,5,trail,18070.29485
2020-01-03T02:00:00+00:00,2020-01-03T13:00:00+00:00,long,1534.928,1542.4252,1530.0043,36.70064149,264.141857,1.461746,1.461746,12,trail,18334.436707
2020-01-06T00:00:00+00:00,2020-01-06T15:00:00+00:00,long,1569.145,1567.7977,1561.0939,22.77258599,-37.513281,-0.204606,-0.204606,16,trail,18296.923426
2020-01-08T00:00:00+00:00,2020-01-08T02:00:00+00:00,long,1594.935,1587.0483,1586.7543,22.36596309,-183.10343,-1.000733,-1.000733,3,trail,18113.819996
2020-01-10T16:00:00+00:00,2020-01-13T01:00:00+00:00,long,1558.615,1555.3541,1551.9394,27.13436994,-96.622778,-0.53342,-0.53342,9,trail,18017.197218
2020-01-15T00:00:00+00:00,2020-01-15T13:00:00+00:00,long,1549.475,1547.4089,1543.3913,29.61552545,-70.073295,-0.388925,-0.388925,14,trail,17947.123924
2020-01-15T19:00:00+00:00,2020-01-16T05:00:00+00:00,long,1555.948,1551.665,1549.7706,29.05287649,-133.149333,-0.741898,-0.741898,10,mid_exit,17813.974591
2020-01-17T13:00:00+00:00,2020-01-17T15:00:00+00:00,long,1558.928,1554.135,1554.135,37.16664843,-189.28974,-1.062591,-1.062591,3,trail,17624.68485
2020-01-17T18:00:00+00:00,2020-01-20T00:00:00+00:00,long,1559.728,1556.785,1554.396,33.05454773,-107.195898,-0.608215,-0.608215,6,mid_exit,17517.488952
2020-01-20T06:00:00+00:00,2020-01-21T07:00:00+00:00,long,1561.755,1562.999,1556.7794,35.20678702,33.235207,0.189726,0.189726,21,trail,17550.724159
2020-01-23T00:00:00+00:00,2020-01-23T02:00:00+00:00,long,1561.365,1556.7888,1556.545,36.41229079,-177.553612,-1.01166,-1.01166,3,trail,17373.170546
2020-01-23T15:00:00+00:00,2020-01-24T01:00:00+00:00,long,1562.838,1560.1274,1557.3324,31.55545362,-95.000849,-0.546825,-0.546825,10,trail,17278.169698
2020-01-24T16:00:00+00:00,2020-01-27T17:00:00+00:00,long,1569.978,1580.145,1564.4517,31.26534878,308.495196,1.785462,1.785462,25,mid_exit,17586.664894
2020-01-29T20:00:00+00:00,2020-01-30T14:00:00+00:00,long,1576.578,1575.4415,1571.3174,33.43091072,-48.023503,-0.273068,-0.273068,18,trail,17538.641391
2020-01-30T16:00:00+00:00,2020-01-30T19:00:00+00:00,long,1583.575,1577.793,1577.2869,27.89179783,-169.637914,-0.967224,-0.967224,4,trail,17369.003477
2020-01-31T16:00:00+00:00,2020-01-31T17:00:00+00:00,long,1588.168,1581.9486,1581.9486,27.92713682,-182.068176,-1.048236,-1.048236,2,trail,17186.935301
2020-02-06T09:00:00+00:00,2020-02-07T06:00:00+00:00,long,1559.105,1564.128,1553.1777,28.99622982,136.949193,0.796821,0.796821,21,mid_exit,17323.884494
2020-02-07T11:00:00+00:00,2020-02-07T12:00:00+00:00,long,1569.078,1565.265,1563.5896,31.5645443,-129.824971,-0.749399,-0.749399,2,mid_exit,17194.059524
2020-02-07T15:00:00+00:00,2020-02-07T15:00:00+00:00,long,1572.768,1567.1289,1567.1289,30.49078669,-181.087831,-1.0532,-1.0532,1,trail,17012.971692
2020-02-07T19:00:00+00:00,2020-02-10T06:00:00+00:00,long,1572.318,1570.115,1565.1249,23.65179365,-59.20044,-0.347972,-0.347972,11,mid_exit,16953.771253
2020-02-10T18:00:00+00:00,2020-02-10T21:00:00+00:00,long,1576.355,1571.755,1570.8962,31.05768897,-152.182676,-0.897633,-0.897633,4,mid_exit,16801.588577
2020-02-13T00:00:00+00:00,2020-02-14T02:00:00+00:00,long,1569.708,1574.335,1564.6251,33.05512321,143.029518,0.851286,0.851286,26,mid_exit,16944.618095
2020-02-14T14:00:00+00:00,2020-02-17T07:00:00+00:00,long,1580.068,1580.088,1576.6044,48.92198318,-13.698155,-0.080841,-0.080841,17,mid_exit,16930.91994
2020-02-18T00:00:00+00:00,2020-02-19T13:00:00+00:00,long,1584.165,1603.6992,1581.1164,53.43799396,1027.837063,6.309191,6.070769,37,trail,17958.757003
2020-02-19T21:00:00+00:00,2020-02-20T01:00:00+00:00,long,1612.848,1607.0485,1607.0485,30.96604363,-188.877383,-1.051729,-1.051729,4,trail,17769.87962
2020-02-20T12:00:00+00:00,2020-02-24T15:00:00+00:00,long,1617.488,1671.3629,1611.0805,27.73293737,1485.789346,8.36128,8.36128,50,trail,19255.668966
2020-03-03T12:00:00+00:00,2020-03-03T19:00:00+00:00,long,1602.938,1630.6648,1590.7424,15.78902962,433.042558,2.248909,2.248909,8,trail,19688.711524
2020-03-05T11:00:00+00:00,2020-03-06T07:00:00+00:00,long,1647.165,1668.4945,1637.2122,19.78208296,416.007314,2.112923,2.112923,20,trail,20104.718837
2020-03-06T10:00:00+00:00,2020-03-06T13:00:00+00:00,long,1684.328,1675.0891,1671.7988,16.04629093,-153.063965,-0.761334,-0.761334,4,trail,19951.654873
2020-03-08T23:00:00+00:00,2020-03-09T03:00:00+00:00,long,1697.995,1681.345,1674.0833,8.34388809,-141.428903,-0.708858,-0.708858,5,mid_exit,19810.22597
2020-03-26T12:00:00+00:00,2020-03-26T19:00:00+00:00,long,1619.568,1618.5534,1602.3678,11.51743931,-15.140826,-0.076429,-0.076429,8,trail,19795.085144
2020-04-03T12:00:00+00:00,2020-04-03T12:00:00+00:00,long,1619.208,1606.7995,1606.7995,15.95284293,-202.736704,-1.024177,-1.024177,1,trail,19592.34844
2020-04-03T15:00:00+00:00,2020-04-05T22:00:00+00:00,long,1618.068,1609.6392,1604.3868,14.32063594,-125.001967,-0.638014,-0.638014,7,trail,19467.346473
2020-04-06T08:00:00+00:00,2020-04-07T07:00:00+00:00,long,1631.028,1652.4631,1615.7012,12.70150747,268.447631,1.378964,1.378964,23,trail,19735.794103
2020-04-09T07:00:00+00:00,2020-04-09T14:00:00+00:00,long,1654.298,1671.3885,1644.2697,19.68009942,330.438709,1.674312,1.674312,8,trail,20066.232813
2020-04-09T16:00:00+00:00,2020-04-14T19:00:00+00:00,long,1683.635,1721.5267,1671.8315,17.0002396,639.067907,3.184793,3.184793,50,trail,20705.30072
2020-04-16T11:00:00+00:00,2020-04-16T12:00:00+00:00,long,1731.738,1724.2246,1719.2153,16.53421444,-129.188431,-0.623939,-0.623939,2,trail,20576.112289
2020-04-20T14:00:00+00:00,2020-04-21T04:00:00+00:00,long,1689.518,1686.778,1677.1858,16.68486749,-50.721997,-0.246509,-0.246509,14,mid_exit,20525.390291
2020-04-22T09:00:00+00:00,2020-04-23T17:00:00+00:00,long,1695.908,1721.8864,1677.4918,11.14529072,286.193233,1.394338,1.394338,32,trail,20811.583525
2020-04-24T11:00:00+00:00,2020-04-24T14:00:00+00:00,long,1735.505,1723.4004,1723.4004,17.19311958,-213.273771,-1.024784,-1.024784,4,trail,20598.309753
2020-04-29T20:00:00+00:00,2020-04-30T12:00:00+00:00,long,1715.018,1705.7181,1704.4512,19.49342256,-187.134907,-0.908496,-0.908496,16,trail,20411.174846
2020-05-01T16:00:00+00:00,2020-05-04T20:00:00+00:00,long,1695.508,1701.758,1681.7658,14.85291645,88.374853,0.432973,0.432973,28,mid_exit,20499.549699
2020-05-05T18:00:00+00:00,2020-05-06T09:00:00+00:00,long,1704.998,1700.928,1694.8184,20.13787349,-88.002507,-0.42929,-0.42929,15,mid_exit,20411.547192
2020-05-07T12:00:00+00:00,2020-05-08T12:00:00+00:00,long,1695.545,1710.5272,1685.8046,20.95555336,307.673625,1.507351,1.507351,24,trail,20719.220817
2020-05-12T09:00:00+00:00,2020-05-12T18:00:00+00:00,long,1705.048,1702.245,1696.2454,23.53761482,-73.037219,-0.352509,-0.352509,10,mid_exit,20646.183599
2020-05-13T12:00:00+00:00,2020-05-13T13:00:00+00:00,long,1708.138,1704.4466,1700.4463,26.84215921,-107.137794,-0.518923,-0.518923,2,trail,20539.045804
2020-05-13T15:00:00+00:00,2020-05-14T04:00:00+00:00,long,1711.805,1711.508,1703.1593,23.75637115,-14.182554,-0.069052,-0.069052,13,mid_exit,20524.863251
2020-05-14T14:00:00+00:00,2020-05-15T11:00:00+00:00,long,1731.648,1732.128,1723.6852,25.77593717,4.639669,0.022605,0.022605,21,mid_exit,20529.502919
2020-05-15T13:00:00+00:00,2020-05-15T14:00:00+00:00,long,1742.808,1734.1204,1734.1204,23.63081049,-212.384272,-1.034532,-1.034532,2,trail,20317.118647
2020-05-15T16:00:00+00:00,2020-05-17T22:00:00+00:00,long,1748.558,1738.349,1738.3394,19.88248747,-208.945061,-1.028419,-1.028419,6,trail,20108.173586
2020-05-18T00:00:00+00:00,2020-05-18T12:00:00+00:00,long,1758.078,1751.9994,1745.9324,16.55593267,-105.603672,-0.525178,-0.525178,13,trail,20002.569914
2020-05-19T15:00:00+00:00,2020-05-20T12:00:00+00:00,long,1743.765,1744.0259,1734.1729,20.85317075,-0.815359,-0.004076,-0.004076,21,trail,20001.754555
2020-05-26T02:00:00+00:00,2020-05-26T07:00:00+00:00,long,1731.695,1727.462,1724.5851,28.13225862,-127.523528,-0.637562,-0.637562,6,trail,19874.231027
2020-05-28T10:00:00+00:00,2020-05-28T17:00:00+00:00,long,1724.148,1715.2489,1714.7845,21.22521603,-195.252885,-0.982442,-0.982442,8,trail,19678.978142
2020-05-29T09:00:00+00:00,2020-06-01T09:00:00+00:00,long,1726.058,1735.898,1716.8246,21.31281883,203.324292,1.033206,1.033206,24,mid_exit,19882.302434
2020-06-02T14:00:00+00:00,2020-06-02T15:00:00+00:00,long,1744.485,1737.1458,1737.1458,27.09055815,-206.950192,-1.040876,-1.040876,2,trail,19675.352242
2020-06-04T11:00:00+00:00,2020-06-04T13:00:00+00:00,long,1712.358,1707.5294,1702.6351,20.23609442,-103.782834,-0.527476,-0.527476,3,trail,19571.569408
2020-06-04T16:00:00+00:00,2020-06-05T02:00:00+00:00,long,1713.798,1711.248,1702.7155,17.65988668,-50.330677,-0.257162,-0.257162,10,mid_exit,19521.238731
2020-06-10T12:00:00+00:00,2020-06-10T15:00:00+00:00,long,1723.605,1716.4184,1716.4184,27.16338565,-203.361403,-1.041744,-1.041744,4,trail,19317.877328
2020-06-10T19:00:00+00:00,2020-06-11T05:00:00+00:00,long,1727.855,1727.3875,1719.6555,23.55982356,-18.082165,-0.093603,-0.093603,10,trail,19299.795164
2020-06-11T15:00:00+00:00,2020-06-11T16:00:00+00:00,long,1743.445,1730.7501,1730.7501,15.20279416,-197.55879,-1.023632,-1.023632,2,trail,19102.236374
2020-06-12T13:00:00+00:00,2020-06-12T15:00:00+00:00,long,1737.408,1731.5037,1726.7453,17.91500874,-111.150089,-0.58187,-0.58187,3,trail,18991.086285
2020-06-18T09:00:00+00:00,2020-06-18T09:00:00+00:00,long,1732.858,1725.3337,1725.3337,25.23967184,-197.482764,-1.039871,-1.039871,1,trail,18793.603521
2020-06-19T07:00:00+00:00,2020-06-22T07:00:00+00:00,long,1730.328,1748.5686,1721.6772,21.72470005,389.754154,2.073866,2.073866,24,trail,19183.357674
2020-06-22T14:00:00+00:00,2020-06-23T02:00:00+00:00,long,1759.418,1749.2123,1749.2123,18.79670936,-197.47259,-1.029395,-1.029395,12,trail,18985.885085
2020-06-23T13:00:00+00:00,2020-06-24T12:00:00+00:00,long,1759.245,1770.3881,1749.7865,20.07282876,217.65169,1.146387,1.146387,23,trail,19203.536774
2020-06-26T20:00:00+00:00,2020-06-29T11:00:00+00:00,long,1771.068,1770.518,1762.1626,21.56392388,-18.329335,-0.095448,-0.095448,15,mid_exit,19185.207439
2020-06-30T15:00:00+00:00,2020-07-01T10:00:00+00:00,long,1780.998,1781.365,1775.2073,33.13106781,2.219782,0.01157,0.01157,19,mid_exit,19187.427221
2020-07-02T15:00:00+00:00,2020-07-03T04:00:00+00:00,long,1775.438,1774.118,1767.0712,22.93281448,-37.151159,-0.193622,-0.193622,13,mid_exit,19150.276061
2020-07-06T12:00:00+00:00,2020-07-07T06:00:00+00:00,long,1779.228,1782.555,1773.8016,35.2909407,106.825677,0.557828,0.557828,18,mid_exit,19257.101739
2020-07-07T15:00:00+00:00,2020-07-09T10:00:00+00:00,long,1793.818,1806.5996,1787.0804,28.58154497,356.743412,1.852529,1.852529,42,trail,19613.84515
2020-07-14T16:00:00+00:00,2020-07-15T04:00:00+00:00,long,1807.328,1805.708,1797.9229,20.85447805,-40.040598,-0.204145,-0.204145,12,mid_exit,19573.804552
2020-07-17T14:00:00+00:00,2020-07-20T01:00:00+00:00,long,1807.275,1805.585,1802.154,38.22262166,-76.063017,-0.388596,-0.388596,11,trail,19497.741535
2020-07-20T09:00:00+00:00,2020-07-22T08:00:00+00:00,long,1811.915,1850.5718,1806.4666,35.78617858,1372.643294,7.040012,7.040012,46,trail,20870.38483
2020-07-22T22:00:00+00:00,2020-07-23T13:00:00+00:00,long,1871.758,1870.9605,1857.5675,14.70729349,-16.141255,-0.07734,-0.07734,16,trail,20854.243575
2020-07-23T15:00:00+00:00,2020-07-23T18:00:00+00:00,long,1886.268,1883.7068,1875.1001,18.67337957,-53.428274,-0.256199,-0.256199,4,trail,20800.815301
2020-07-24T14:00:00+00:00,2020-07-27T12:00:00+00:00,long,1901.945,1932.3813,1889.8868,17.25034856,519.861679,2.499237,2.499237,22,trail,21320.676981
2020-07-27T23:00:00+00:00,2020-07-28T03:00:00+00:00,long,1948.488,1954.3614,1932.911,13.68728059,76.28469,0.357797,0.357797,5,trail,21396.96167
2020-07-29T19:00:00+00:00,2020-07-29T19:00:00+00:00,long,1967.018,1953.1548,1953.1548,15.43435979,-218.599925,-1.02164,-1.02164,1,trail,21178.361746
2020-07-29T22:00:00+00:00,2020-07-30T05:00:00+00:00,long,1969.588,1958.678,1953.0645,12.81711607,-143.679871,-0.678428,-0.678428,8,mid_exit,21034.681875
2020-07-31T02:00:00+00:00,2020-07-31T13:00:00+00:00,long,1965.015,1963.1717,1950.4062,14.39863772,-30.8606,-0.146713,-0.146713,12,trail,21003.821274
2020-08-02T23:00:00+00:00,2020-08-03T01:00:00+00:00,long,1983.678,1970.023,1970.023,15.3817805,-214.652747,-1.02197,-1.02197,3,trail,20789.168527
2020-08-04T15:00:00+00:00,2020-08-05T00:00:00+00:00,long,1991.645,2016.6861,1982.915,23.81348056,589.171704,2.834032,2.834032,9,trail,21378.340231
2020-08-06T06:00:00+00:00,2020-08-06T15:00:00+00:00,long,2048.965,2052.8297,2033.8829,14.17464427,50.528354,0.236353,0.236353,10,trail,21428.868586
2020-08-06T23:00:00+00:00,2020-08-07T03:00:00+00:00,long,2070.148,2054.601,2054.601,13.78328204,-218.42367,-1.019296,-1.019296,5,trail,21210.444915
2020-08-10T14:00:00+00:00,2020-08-10T15:00:00+00:00,long,2047.385,2033.1025,2033.1025,14.85065284,-216.559645,-1.021005,-1.021005,2,trail,20993.88527
2020-08-13T15:00:00+00:00,2020-08-13T18:00:00+00:00,long,1947.098,1937.709,1924.5882,9.32655344,-90.364976,-0.430435,-0.430435,4,trail,20903.520294
2020-08-13T23:00:00+00:00,2020-08-14T06:00:00+00:00,long,1958.738,1942.455,1938.356,10.25587297,-170.073142,-0.81361,-0.81361,8,mid_exit,20733.447152
2020-08-17T08:00:00+00:00,2020-08-18T14:00:00+00:00,long,1954.338,2000.0609,1938.6816,13.24279346,601.526083,2.901235,2.901235,30,trail,21334.973235
2020-08-24T10:00:00+00:00,2020-08-24T13:00:00+00:00,long,1947.425,1937.8611,1929.7187,12.04936844,-118.853765,-0.557084,-0.557084,4,trail,21216.11947
2020-08-26T14:00:00+00:00,2020-08-27T06:00:00+00:00,long,1935.098,1938.048,1923.2224,17.8653032,47.343053,0.223147,0.223147,16,trail,21263.462524
2020-08-28T09:00:00+00:00,2020-08-31T06:00:00+00:00,long,1955.768,1965.155,1934.5707,10.03121271,91.15363,0.428687,0.428687,21,mid_exit,21354.616154
2020-09-01T02:00:00+00:00,2020-09-01T13:00:00+00:00,long,1976.328,1979.6548,1964.6447,18.27789764,55.323541,0.259071,0.259071,12,trail,21409.939694
2020-09-08T17:00:00+00:00,2020-09-09T01:00:00+00:00,long,1938.768,1925.5457,1925.5354,16.17969235,-218.786654,-1.021893,-1.021893,8,trail,21191.15304
2020-09-09T14:00:00+00:00,2020-09-10T07:00:00+00:00,long,1947.265,1944.095,1935.0975,17.41619317,-60.43419,-0.285186,-0.285186,17,mid_exit,21130.71885
2020-09-10T11:00:00+00:00,2020-09-10T16:00:00+00:00,long,1949.958,1952.8562,1940.3463,21.98437202,57.119795,0.270316,0.270316,6,trail,21187.838645
2020-09-14T13:00:00+00:00,2020-09-15T13:00:00+00:00,long,1955.945,1963.0716,1947.3333,24.60354941,167.95859,0.792712,0.792712,24,trail,21355.797236
2020-09-16T11:00:00+00:00,2020-09-16T14:00:00+00:00,long,1965.725,1959.258,1956.3287,22.72787931,-153.799559,-0.720177,-0.720177,4,trail,21201.997677
2020-09-18T01:00:00+00:00,2020-09-18T13:00:00+00:00,long,1950.905,1945.9981,1939.2488,18.18945941,-94.710696,-0.446706,-0.446706,13,trail,21107.28698
2020-09-18T17:00:00+00:00,2020-09-18T18:00:00+00:00,long,1958.728,1950.2237,1950.2237,24.81954656,-218.518734,-1.035276,-1.035276,2,trail,20888.768247
2020-11-06T12:00:00+00:00,2020-11-06T14:00:00+00:00,long,1955.525,1946.5997,1943.081,16.78621685,-154.857886,-0.741345,-0.741345,3,trail,20733.91036
2020-11-09T05:00:00+00:00,2020-11-09T11:00:00+00:00,long,1962.448,1949.2927,1949.2927,15.76087992,-212.067368,-1.022804,-1.022804,7,trail,20521.842993
2020-12-21T01:00:00+00:00,2020-12-21T08:00:00+00:00,long,1888.585,1892.6533,1879.7114,23.12685155,87.148915,0.424664,0.424664,8,trail,20608.991907
2020-12-28T00:00:00+00:00,2020-12-28T05:00:00+00:00,long,1888.088,1889.0709,1880.4768,27.07719139,18.491014,0.089723,0.089723,6,trail,20627.482921
2020-12-30T02:00:00+00:00,2020-12-30T07:00:00+00:00,long,1882.925,1878.578,1873.9496,22.9822436,-106.798486,-0.517749,-0.517749,6,mid_exit,20520.684435
2020-12-30T15:00:00+00:00,2020-12-31T03:00:00+00:00,long,1887.255,1889.2122,1881.0935,33.3046895,55.192531,0.26896,0.26896,12,trail,20575.876967
2020-12-31T14:00:00+00:00,2021-01-04T15:00:00+00:00,long,1898.015,1929.425,1889.8155,25.09406301,780.6763,3.794134,3.794134,25,trail,21356.553267
2021-01-05T11:00:00+00:00,2021-01-05T15:00:00+00:00,long,1946.778,1939.588,1934.874,17.94065295,-134.375491,-0.6292,-0.6292,5,trail,21222.177777
2021-01-05T17:00:00+00:00,2021-01-06T02:00:00+00:00,long,1950.598,1943.918,1940.4557,20.92442323,-146.052474,-0.688207,-0.688207,9,mid_exit,21076.125302
2021-01-06T10:00:00+00:00,2021-01-06T11:00:00+00:00,long,1957.665,1945.6086,1945.6086,17.48127576,-216.005636,-1.024883,-1.024883,2,trail,20860.119667
2021-04-16T11:00:00+00:00,2021-04-16T13:00:00+00:00,long,1778.158,1773.6857,1770.162,26.08819368,-124.500687,-0.596836,-0.596836,3,trail,20735.61898
2021-04-16T15:00:00+00:00,2021-04-19T01:00:00+00:00,long,1779.298,1773.075,1771.5997,26.93532206,-175.699106,-0.84733,-0.84733,10,trail,20559.919874
2021-04-19T08:00:00+00:00,2021-04-19T11:00:00+00:00,long,1786.905,1779.133,1777.5617,22.0049874,-177.624258,-0.863935,-0.863935,4,trail,20382.295616
2021-04-20T15:00:00+00:00,2021-04-21T08:00:00+00:00,long,1775.498,1779.9896,1766.6471,23.02850062,96.526263,0.473579,0.473579,17,trail,20478.821879
2021-04-21T13:00:00+00:00,2021-04-22T07:00:00+00:00,long,1786.215,1791.22,1779.004,28.39942016,133.619272,0.652475,0.652475,18,mid_exit,20612.441151
2021-04-23T12:00:00+00:00,2021-04-23T13:00:00+00:00,long,1791.028,1786.5465,1784.1266,29.86704314,-142.809267,-0.69283,-0.69283,2,trail,20469.631884
2021-04-27T06:00:00+00:00,2021-04-27T07:00:00+00:00,long,1782.998,1778.117,1775.7025,28.05788758,-145.367916,-0.710164,-0.710164,2,mid_exit,20324.263969
2021-04-28T19:00:00+00:00,2021-04-29T06:00:00+00:00,long,1781.518,1780.8217,1774.2969,28.14566197,-28.041523,-0.137971,-0.137971,11,trail,20296.222446
2021-05-03T02:00:00+00:00,2021-05-04T05:00:00+00:00,long,1771.565,1786.2716,1763.6547,25.65796802,369.644082,1.821246,1.821246,27,trail,20665.866528
2021-05-05T15:00:00+00:00,2021-05-07T13:00:00+00:00,long,1782.855,1830.7302,1775.9566,29.95747786,1425.233001,6.896556,6.896556,45,trail,22091.099528
2021-05-07T16:00:00+00:00,2021-05-10T17:00:00+00:00,long,1835.098,1836.555,1824.7439,21.33560573,24.685296,0.111743,0.111743,25,mid_exit,22115.784824
2021-05-12T13:00:00+00:00,2021-05-12T13:00:00+00:00,long,1839.808,1833.4681,1833.4681,34.88349158,-231.622896,-1.047319,-1.047319,1,trail,21884.161929
2021-05-13T15:00:00+00:00,2021-05-17T11:00:00+00:00,long,1823.908,1847.178,1814.4126,23.04711958,529.392337,2.419066,2.419066,43,mid_exit,22413.554265
2021-05-17T15:00:00+00:00,2021-05-18T13:00:00+00:00,long,1864.478,1864.716,1856.329,27.50466838,-1.705289,-0.007608,-0.007608,22,trail,22411.848976
2021-05-19T07:00:00+00:00,2021-05-19T08:00:00+00:00,long,1872.935,1865.7629,1865.7629,31.24865657,-233.493087,-1.041829,-1.041829,2,trail,22178.355889
2021-05-19T14:00:00+00:00,2021-05-19T14:00:00+00:00,long,1888.835,1879.5526,1879.5526,23.8929112,-228.951432,-1.032319,-1.032319,1,trail,21949.404457
2021-05-19T16:00:00+00:00,2021-05-19T18:00:00+00:00,long,1885.145,1872.6276,1872.6276,17.53511469,-224.754579,-1.023967,-1.023967,3,trail,21724.649878
2021-05-20T16:00:00+00:00,2021-05-20T23:00:00+00:00,long,1879.918,1873.908,1868.0386,18.28766594,-115.395172,-0.531172,-0.531172,7,mid_exit,21609.254706
2021-05-21T13:00:00+00:00,2021-05-21T13:00:00+00:00,long,1886.944,1880.182,1880.182,31.95689841,-225.679617,-1.044366,-1.044366,1,trail,21383.575089
2021-05-24T02:00:00+00:00,2021-05-24T08:00:00+00:00,long,1885.945,1876.9027,1876.9027,23.64838049,-220.930265,-1.033177,-1.033177,7,trail,21162.644824
2021-05-25T15:00:00+00:00,2021-05-26T13:00:00+00:00,long,1890.468,1901.0698,1882.5404,26.69489483,275.005468,1.299485,1.299485,22,trail,21437.650292
2021-05-28T17:00:00+00:00,2021-05-31T14:00:00+00:00,long,1899.748,1905.118,1892.0352,27.79489977,140.920142,0.657349,0.657349,21,mid_exit,21578.570434
2021-06-01T02:00:00+00:00,2021-06-01T08:00:00+00:00,long,1911.978,1909.5029,1906.7679,41.41680665,-114.93578,-0.532639,-0.532639,7,trail,21463.634654
2021-06-02T13:00:00+00:00,2021-06-03T04:00:00+00:00,long,1904.548,1903.588,1897.93,32.43220709,-40.864581,-0.19039,-0.19039,15,mid_exit,21422.770073
2021-06-04T13:00:00+00:00,2021-06-07T05:00:00+00:00,long,1884.508,1883.5031,1876.2638,25.98526245,-33.908169,-0.158281,-0.158281,16,trail,21388.861904
2021-06-07T16:00:00+00:00,2021-06-08T04:00:00+00:00,long,1894.025,1895.4231,1887.9125,34.99200311,38.424719,0.179648,0.179648,12,trail,21427.286622
2021-06-10T20:00:00+00:00,2021-06-11T08:00:00+00:00,long,1898.098,1895.028,1888.1662,21.5744242,-72.70581,-0.339314,-0.339314,12,mid_exit,21354.580813
2021-08-24T13:00:00+00:00,2021-08-24T13:00:00+00:00,long,1807.738,1803.0553,1803.0553,45.60313668,-227.226749,-1.064066,-1.064066,1,trail,21127.354064
2021-08-27T03:00:00+00:00,2021-08-27T08:00:00+00:00,long,1797.218,1795.8313,1789.8818,28.79877057,-48.574886,-0.229915,-0.229915,6,trail,21078.779177
2021-08-27T15:00:00+00:00,2021-08-30T12:00:00+00:00,long,1807.598,1814.498,1800.7827,30.92861529,204.128861,0.968409,0.968409,21,mid_exit,21282.908038
2021-09-01T13:00:00+00:00,2021-09-01T13:00:00+00:00,long,1819.318,1813.424,1813.424,36.10944696,-223.661914,-1.050899,-1.050899,1,trail,21059.246124
2021-09-03T12:00:00+00:00,2021-09-06T07:00:00+00:00,long,1814.605,1825.907,1809.7891,43.72857851,481.101821,2.284516,2.284516,19,mid_exit,21540.347944
2021-10-14T11:00:00+00:00,2021-10-14T23:00:00+00:00,long,1799.854,1795.288,1790.4958,23.01761871,-112.003733,-0.519972,-0.519972,12,mid_exit,21428.344212
2021-10-22T07:00:00+00:00,2021-10-22T15:00:00+00:00,long,1793.027,1804.1578,1785.9058,30.09091756,325.90871,1.520923,1.520923,9,trail,21754.252922
2021-10-25T14:00:00+00:00,2021-10-26T02:00:00+00:00,long,1807.704,1804.194,1799.1294,25.37057463,-96.661889,-0.444336,-0.444336,12,mid_exit,21657.591032
2021-10-27T18:00:00+00:00,2021-10-28T09:00:00+00:00,long,1797.698,1797.664,1789.6798,27.01053981,-9.02152,-0.041655,-0.041655,15,mid_exit,21648.569512
2021-11-01T13:00:00+00:00,2021-11-02T10:00:00+00:00,long,1789.174,1792.354,1782.7574,33.73838094,97.166537,0.448836,0.448836,21,mid_exit,21745.736049
2021-11-05T14:00:00+00:00,2021-11-09T07:00:00+00:00,long,1799.208,1819.993,1792.5377,32.60083662,667.828138,3.071076,3.071076,39,mid_exit,22413.564187
2021-11-09T14:00:00+00:00,2021-11-09T15:00:00+00:00,long,1829.813,1823.4887,1823.4887,35.44038737,-234.767758,-1.047436,-1.047436,2,trail,22178.796429
2021-11-09T17:00:00+00:00,2021-11-10T02:00:00+00:00,long,1828.383,1827.163,1821.2357,31.03101371,-47.167141,-0.212668,-0.212668,9,mid_exit,22131.629288
2021-11-10T14:00:00+00:00,2021-11-10T15:00:00+00:00,long,1849.598,1851.7367,1843.6372,37.12862248,68.268398,0.308465,0.308465,2,trail,22199.897686
2021-11-10T17:00:00+00:00,2021-11-10T18:00:00+00:00,long,1854.914,1844.4033,1844.4033,21.12123616,-228.335348,-1.028542,-1.028542,2,trail,21971.562339
2021-11-11T11:00:00+00:00,2021-11-12T00:00:00+00:00,long,1862.638,1859.878,1846.9884,14.0396958,-42.961469,-0.195532,-0.195532,13,mid_exit,21928.60087
2021-11-12T19:00:00+00:00,2021-11-15T01:00:00+00:00,long,1867.814,1859.3882,1859.3882,26.02554163,-227.093671,-1.035605,-1.035605,6,trail,21701.507198
2021-11-15T20:00:00+00:00,2021-11-16T07:00:00+00:00,long,1867.078,1863.838,1858.6798,25.8406649,-91.475954,-0.421519,-0.421519,11,mid_exit,21610.031245
2021-11-16T09:00:00+00:00,2021-11-16T13:00:00+00:00,long,1871.968,1866.8482,1864.9684,30.87323739,-167.326772,-0.774301,-0.774301,5,trail,21442.704473
2021-11-17T13:00:00+00:00,2021-11-18T06:00:00+00:00,long,1863.738,1862.6622,1856.51,29.66616557,-40.814711,-0.190343,-0.190343,17,trail,21401.889762
2021-12-17T13:00:00+00:00,2021-12-17T13:00:00+00:00,long,1811.645,1805.7165,1805.7165,36.10000803,-224.8489,-1.050603,-1.050603,1,trail,21177.040862
2021-12-23T20:00:00+00:00,2021-12-27T08:00:00+00:00,long,1809.185,1805.914,1803.4746,37.08503934,-132.430675,-0.62535,-0.62535,12,mid_exit,21044.610187
2021-12-27T16:00:00+00:00,2021-12-27T17:00:00+00:00,long,1812.655,1807.8456,1807.8456,43.75724661,-223.573276,-1.062378,-1.062378,2,trail,20821.036911
2021-12-27T21:00:00+00:00,2021-12-28T14:00:00+00:00,long,1812.605,1812.9812,1807.3014,39.25830928,2.991483,0.014368,0.014368,17,trail,20824.028394
2021-12-30T16:00:00+00:00,2022-01-03T05:00:00+00:00,long,1807.108,1823.9679,1801.5421,37.41358701,619.56526,2.975242,2.975242,36,trail,21443.593653
2022-01-05T12:00:00+00:00,2022-01-05T19:00:00+00:00,long,1818.538,1819.6262,1812.6128,36.19049763,28.52535,0.133025,0.133025,8,trail,21472.119004
2022-01-12T16:00:00+00:00,2022-01-13T08:00:00+00:00,long,1823.694,1821.4544,1817.7899,36.36814926,-92.360552,-0.430142,-0.430142,16,trail,21379.758452
2022-01-14T06:00:00+00:00,2022-01-14T11:00:00+00:00,long,1827.628,1820.7281,1820.7281,30.98560624,-223.093266,-1.043479,-1.043479,6,trail,21156.665185
2022-01-19T14:00:00+00:00,2022-01-20T09:00:00+00:00,long,1823.908,1838.428,1817.9038,35.23644313,501.062221,2.368342,2.368342,19,mid_exit,21657.727407
2022-01-20T14:00:00+00:00,2022-01-20T16:00:00+00:00,long,1846.318,1840.3995,1840.3995,36.59327094,-227.555255,-1.050689,-1.050689,3,trail,21430.172151
2022-01-24T23:00:00+00:00,2022-01-25T08:00:00+00:00,long,1842.668,1838.664,1834.309,25.63724387,-110.342698,-0.514894,-0.514894,10,mid_exit,21319.829454
2022-01-25T15:00:00+00:00,2022-01-25T15:00:00+00:00,long,1850.218,1844.0495,1844.0495,34.5624211,-223.567021,-1.048634,-1.048634,1,trail,21096.262433
2022-01-25T17:00:00+00:00,2022-01-26T06:00:00+00:00,long,1849.288,1846.428,1841.7811,28.10249561,-88.803886,-0.420946,-0.420946,13,mid_exit,21007.458547
2022-02-04T11:00:00+00:00,2022-02-04T13:00:00+00:00,long,1813.215,1805.8566,1805.6752,27.86208991,-213.379029,-1.01573,-1.01573,3,trail,20794.079517
2022-02-07T16:00:00+00:00,2022-02-08T07:00:00+00:00,long,1815.764,1816.2255,1809.8843,35.36588519,5.71159,0.027467,0.027467,15,trail,20799.791108
2022-02-08T14:00:00+00:00,2022-02-09T13:00:00+00:00,long,1823.924,1825.978,1819.1798,43.84256799,76.899864,0.369715,0.369715,23,mid_exit,20876.690972
2022-02-09T15:00:00+00:00,2022-02-10T08:00:00+00:00,long,1828.458,1831.928,1824.6282,54.51117806,172.800434,0.827719,0.827719,17,mid_exit,21049.491407
2022-02-10T16:00:00+00:00,2022-02-10T17:00:00+00:00,long,1835.508,1834.676,1830.0259,38.39676658,-43.46514,-0.20649,-0.20649,2,trail,21006.026267
2022-02-11T16:00:00+00:00,2022-02-14T07:00:00+00:00,long,1835.804,1850.7576,1828.9621,30.70203637,449.89536,2.141744,2.141744,15,trail,21455.921627
2022-02-14T15:00:00+00:00,2022-02-15T08:00:00+00:00,long,1866.378,1869.2112,1854.6082,18.22963995,46.179324,0.215229,0.215229,17,trail,21502.100951
2022-02-16T09:00:00+00:00,2022-02-16T12:00:00+00:00,long,1856.958,1852.908,1848.7683,26.25505324,-114.209482,-0.531155,-0.531155,4,mid_exit,21387.891469
2022-02-16T14:00:00+00:00,2022-02-18T01:00:00+00:00,long,1858.628,1888.4581,1852.595,35.45150252,1046.886415,4.894762,4.894762,34,trail,22434.777884
2022-02-21T00:00:00+00:00,2022-02-21T00:00:00+00:00,long,1904.758,1896.8007,1896.8007,28.1939576,-232.805966,-1.037701,-1.037701,1,trail,22201.971918
2022-02-21T19:00:00+00:00,2022-02-22T08:00:00+00:00,long,1904.668,1901.3274,1894.5635,21.97236075,-79.992577,-0.360295,-0.360295,11,trail,22121.979341
2022-02-23T15:00:00+00:00,2022-02-24T12:00:00+00:00,long,1906.168,1958.592,1899.0512,31.08416612,1620.231075,7.324078,7.324078,21,trail,23742.210416
2022-03-01T11:00:00+00:00,2022-03-01T12:00:00+00:00,long,1925.098,1913.2975,1913.2975,20.11966477,-243.458004,-1.025423,-1.025423,2,trail,23498.752412
2022-03-01T15:00:00+00:00,2022-03-02T01:00:00+00:00,long,1923.998,1932.0499,1913.1585,21.67881582,168.052012,0.715153,0.715153,10,trail,23666.804425
2022-03-03T20:00:00+00:00,2022-03-04T01:00:00+00:00,long,1935.158,1934.4145,1923.933,21.08401285,-22.001167,-0.092962,-0.092962,5,trail,23644.803257
2022-03-04T10:00:00+00:00,2022-03-07T06:00:00+00:00,long,1945.708,1982.0674,1932.7641,18.26713993,658.702106,2.785822,2.785822,20,trail,24303.505363
2022-03-08T07:00:00+00:00,2022-03-08T17:00:00+00:00,long,2016.794,2045.0918,1997.645,12.69178827,355.34215,1.462102,1.462102,11,trail,24658.847513
2022-03-10T11:00:00+00:00,2022-03-10T15:00:00+00:00,long,1999.522,1985.0833,1977.4125,11.15305525,-164.381535,-0.666623,-0.666623,5,trail,24494.465977
2022-03-16T20:00:00+00:00,2022-03-17T19:00:00+00:00,long,1927.738,1935.5019,1913.5316,17.24185295,128.691466,0.52539,0.52539,23,trail,24623.157443
2022-03-21T15:00:00+00:00,2022-03-22T08:00:00+00:00,long,1933.178,1926.1838,1923.1899,24.65249391,-179.820221,-0.730289,-0.730289,17,trail,24443.337222
2022-03-23T10:00:00+00:00,2022-03-23T15:00:00+00:00,long,1929.388,1926.7555,1919.9347,25.85693591,-75.825465,-0.310209,-0.310209,6,trail,24367.511758
2022-03-23T17:00:00+00:00,2022-03-24T12:00:00+00:00,long,1935.398,1946.3096,1926.5554,27.55695356,292.423368,1.200054,1.200054,19,trail,24659.935126
2022-03-24T14:00:00+00:00,2022-03-25T06:00:00+00:00,long,1953.348,1956.038,1942.4255,22.5771894,53.959483,0.218814,0.218814,16,mid_exit,24713.894609
2022-03-30T13:00:00+00:00,2022-03-31T01:00:00+00:00,long,1927.078,1927.3799,1918.6514,29.32842974,0.055724,0.000225,0.000225,12,trail,24713.950333
2022-03-31T14:00:00+00:00,2022-04-01T00:00:00+00:00,long,1937.663,1934.3036,1927.9703,25.49748814,-93.305508,-0.377542,-0.377542,10,trail,24620.644825
2022-04-04T15:00:00+00:00,2022-04-05T02:00:00+00:00,long,1934.583,1928.168,1925.0322,25.77862046,-173.103436,-0.703082,-0.703082,11,mid_exit,24447.541388
2022-04-05T13:00:00+00:00,2022-04-05T14:00:00+00:00,long,1935.053,1933.6521,1927.9781,34.55531723,-58.775139,-0.240413,-0.240413,2,trail,24388.766249
2022-04-06T14:00:00+00:00,2022-04-06T17:00:00+00:00,long,1930.448,1920.1325,1920.1325,23.64283481,-250.980513,-1.029082,-1.029082,4,trail,24137.785736
2022-04-07T12:00:00+00:00,2022-04-08T02:00:00+00:00,long,1930.518,1930.028,1921.9294,28.10444745,-22.202513,-0.091982,-0.091982,14,mid_exit,24115.583223
2022-04-08T14:00:00+00:00,2022-04-11T13:00:00+00:00,long,1939.432,1953.3786,1932.1724,33.21888702,453.324864,1.879801,1.879801,23,trail,24568.908087
2022-04-12T13:00:00+00:00,2022-04-12T13:00:00+00:00,long,1970.323,1961.5033,1961.5033,27.85685237,-254.046137,-1.034015,-1.034015,1,trail,24314.86195
2022-04-12T15:00:00+00:00,2022-04-12T18:00:00+00:00,long,1975.562,1965.2521,1965.2521,23.58399398,-250.223818,-1.029098,-1.029098,4,trail,24064.638132
2022-04-13T10:00:00+00:00,2022-04-14T00:00:00+00:00,long,1977.683,1974.812,1964.7507,18.6081657,-59.006493,-0.2452,-0.2452,14,mid_exit,24005.631639
2022-04-18T00:00:00+00:00,2022-04-18T14:00:00+00:00,long,1986.618,1985.4953,1974.1353,19.23112118,-27.360116,-0.113974,-0.113974,15,trail,23978.271523
2022-04-20T20:00:00+00:00,2022-04-21T03:00:00+00:00,long,1957.662,1951.268,1948.1863,25.30501337,-169.39176,-0.706439,-0.706439,7,mid_exit,23808.879763
2022-08-09T13:00:00+00:00,2022-08-09T14:00:00+00:00,long,1793.784,1790.4161,1787.345,36.97605181,-135.62446,-0.569638,-0.569638,2,trail,23673.255303
2022-08-09T16:00:00+00:00,2022-08-10T03:00:00+00:00,long,1796.042,1791.154,1788.2981,30.57019758,-158.598185,-0.669947,-0.669947,11,mid_exit,23514.657118
2022-08-10T13:00:00+00:00,2022-08-10T13:00:00+00:00,long,1797.192,1791.5838,1791.5838,41.92906301,-247.72529,-1.053493,-1.053493,1,trail,23266.931828
2022-08-10T15:00:00+00:00,2022-08-10T18:00:00+00:00,long,1801.928,1794.421,1794.421,30.99364836,-241.967413,-1.039963,-1.039963,4,trail,23024.964415
2022-08-12T13:00:00+00:00,2022-08-12T14:00:00+00:00,long,1793.328,1790.5824,1786.4862,33.65337253,-102.494711,-0.445146,-0.445146,2,trail,22922.469703
2022-08-12T17:00:00+00:00,2022-08-15T03:00:00+00:00,long,1797.058,1795.228,1788.999,28.44331766,-60.584267,-0.264301,-0.264301,10,mid_exit,22861.885437
2022-11-08T15:00:00+00:00,2022-11-09T10:00:00+00:00,long,1678.967,1704.815,1672.8181,37.18044762,949.886076,4.154889,4.154889,19,trail,23811.771513
2022-11-10T14:00:00+00:00,2022-11-14T01:00:00+00:00,long,1732.927,1762.548,1725.7311,33.09074822,970.253829,4.074681,4.074681,34,mid_exit,24782.025341
2022-11-14T16:00:00+00:00,2022-11-15T08:00:00+00:00,long,1771.398,1773.8861,1761.7529,25.69390192,56.220827,0.226861,0.226861,16,trail,24838.246168
2022-11-16T10:00:00+00:00,2022-11-16T14:00:00+00:00,long,1782.768,1773.3288,1771.1687,21.41357338,-208.551074,-0.839637,-0.839637,5,trail,24629.695094
2022-11-22T12:00:00+00:00,2022-11-22T15:00:00+00:00,long,1748.357,1741.845,1741.0379,33.6512619,-229.232396,-0.930716,-0.930716,4,mid_exit,24400.462698
2022-11-23T20:00:00+00:00,2022-11-24T18:00:00+00:00,long,1751.798,1753.797,1742.3941,25.94717372,44.084248,0.18067,0.18067,22,mid_exit,24444.546946
2022-11-25T03:00:00+00:00,2022-11-25T07:00:00+00:00,long,1758.508,1753.9321,1753.1551,45.66598843,-222.662793,-0.910889,-0.910889,5,trail,24221.884153
2022-11-28T09:00:00+00:00,2022-11-28T13:00:00+00:00,long,1759.148,1752.4011,1751.3521,31.07002931,-218.94739,-0.903924,-0.903924,5,trail,24002.936764
2022-11-30T09:00:00+00:00,2022-11-30T13:00:00+00:00,long,1759.408,1755.5938,1752.4537,34.5152449,-142.002621,-0.591605,-0.591605,5,trail,23860.934143
2022-11-30T20:00:00+00:00,2022-12-02T10:00:00+00:00,long,1767.647,1800.068,1758.4586,25.96854092,834.135503,3.495821,3.495821,37,mid_exit,24695.069646
2022-12-06T13:00:00+00:00,2022-12-06T15:00:00+00:00,long,1780.418,1771.6511,1771.6511,28.16853123,-255.401256,-1.03422,-1.03422,3,trail,24439.66839
2022-12-07T14:00:00+00:00,2022-12-08T08:00:00+00:00,long,1778.208,1782.868,1771.3095,35.42751089,154.463947,0.632021,0.632021,18,mid_exit,24594.132338
2022-12-08T14:00:00+00:00,2022-12-09T08:00:00+00:00,long,1789.408,1790.548,1782.667,36.48439747,30.646894,0.124611,0.124611,18,mid_exit,24624.779232
2022-12-09T12:00:00+00:00,2022-12-09T13:00:00+00:00,long,1800.257,1793.9695,1793.4017,35.92079009,-236.628205,-0.960935,-0.960935,2,trail,24388.151027
2022-12-09T17:00:00+00:00,2022-12-09T20:00:00+00:00,long,1804.477,1796.1392,1796.1392,29.25010318,-252.656541,-1.035981,-1.035981,4,trail,24135.494486
2022-12-13T13:00:00+00:00,2022-12-13T15:00:00+00:00,long,1788.945,1812.5249,1782.5558,37.77545622,879.408843,3.643633,3.643633,3,trail,25014.903329
2022-12-16T07:00:00+00:00,2022-12-16T08:00:00+00:00,long,1783.475,1774.9872,1774.9872,29.47159845,-258.990513,-1.035345,-1.035345,2,trail,24755.912816
2022-12-16T13:00:00+00:00,2022-12-19T13:00:00+00:00,long,1784.965,1791.318,1776.8859,30.64191905,185.475536,0.749217,0.749217,24,mid_exit,24941.388352
2022-12-20T09:00:00+00:00,2022-12-20T12:00:00+00:00,long,1803.095,1798.8928,1795.6688,33.58566744,-151.209392,-0.606259,-0.606259,4,trail,24790.17896
2022-12-20T15:00:00+00:00,2022-12-21T09:00:00+00:00,long,1812.258,1813.135,1803.3265,27.7558965,16.015152,0.064603,0.064603,18,mid_exit,24806.194112
2022-12-22T01:00:00+00:00,2022-12-22T06:00:00+00:00,long,1818.498,1814.655,1812.2264,39.55321467,-163.868968,-0.660597,-0.660597,6,mid_exit,24642.325144
2022-12-27T00:00:00+00:00,2022-12-27T14:00:00+00:00,long,1801.705,1803.3449,1795.2896,38.41120607,51.467175,0.208857,0.208857,15,trail,24693.792319
2022-12-27T16:00:00+00:00,2022-12-27T17:00:00+00:00,long,1824.525,1818.2989,1818.2989,39.66173418,-258.836443,-1.048184,-1.048184,2,trail,24434.955876
2022-12-29T06:00:00+00:00,2022-12-29T10:00:00+00:00,long,1809.545,1805.145,1801.6116,30.80010572,-144.760497,-0.592432,-0.592432,5,mid_exit,24290.195379
2022-12-29T15:00:00+00:00,2022-12-30T09:00:00+00:00,long,1813.895,1814.975,1807.3178,36.93090582,28.806107,0.118591,0.118591,18,mid_exit,24319.001485
2022-12-30T14:00:00+00:00,2022-12-30T15:00:00+00:00,long,1821.598,1815.6367,1815.6367,40.79479557,-255.428454,-1.050325,-1.050325,2,trail,24063.573032
2022-12-30T18:00:00+00:00,2023-01-03T08:00:00+00:00,long,1823.867,1837.0481,1817.181,35.99098569,463.603486,1.926578,1.926578,14,trail,24527.176518
2023-01-04T08:00:00+00:00,2023-01-04T15:00:00+00:00,long,1858.165,1851.1771,1848.4237,25.17854549,-183.498722,-0.748144,-0.748144,8,trail,24343.677796
2023-01-06T14:00:00+00:00,2023-01-06T14:00:00+00:00,long,1851.625,1844.3672,1844.3672,33.54140069,-253.499198,-1.041335,-1.041335,1,trail,24090.178598
2023-01-06T16:00:00+00:00,2023-01-09T17:00:00+00:00,long,1862.225,1870.0925,1853.0695,26.31224794,199.117936,0.826552,0.826552,25,trail,24289.296534
2023-01-10T15:00:00+00:00,2023-01-10T16:00:00+00:00,long,1878.077,1871.495,1870.3034,31.24587904,-215.03414,-0.885304,-0.885304,2,mid_exit,24074.262394
2023-01-10T21:00:00+00:00,2023-01-11T01:00:00+00:00,long,1877.985,1872.935,1869.8414,29.56218674,-158.157699,-0.656958,-0.656958,4,mid_exit,23916.104695
2023-01-11T06:00:00+00:00,2023-01-11T12:00:00+00:00,long,1882.198,1876.7964,1874.549,31.26696914,-178.271751,-0.745405,-0.745405,7,trail,23737.832944
2023-01-12T14:00:00+00:00,2023-01-12T14:00:00+00:00,long,1899.525,1893.067,1893.067,36.75725138,-248.405505,-1.046454,-1.046454,1,trail,23489.427439
2023-01-12T18:00:00+00:00,2023-01-13T05:00:00+00:00,long,1897.625,1893.575,1886.3065,20.75312757,-90.276105,-0.384327,-0.384327,11,mid_exit,23399.151334
2023-01-13T09:00:00+00:00,2023-01-13T12:00:00+00:00,long,1906.355,1894.7169,1893.4728,18.16394042,-216.842937,-0.926713,-0.926713,4,trail,23182.308397
2023-01-13T15:00:00+00:00,2023-01-16T06:00:00+00:00,long,1911.437,1916.3658,1901.7161,23.84790338,110.387175,0.47617,0.47617,15,trail,23292.695572
2023-01-18T14:00:00+00:00,2023-01-18T15:00:00+00:00,long,1921.195,1912.3721,1912.3721,26.40027153,-240.847037,-1.034002,-1.034002,2,trail,23051.848535
2023-01-19T14:00:00+00:00,2023-01-20T05:00:00+00:00,long,1913.075,1923.4501,1904.5862,27.15560331,273.595419,1.18687,1.18687,15,trail,23325.443954
2023-01-23T01:00:00+00:00,2023-01-23T05:00:00+00:00,long,1932.115,1926.145,1922.8752,25.24453338,-158.283224,-0.678586,-0.678586,5,mid_exit,23167.16073
2023-01-24T02:00:00+00:00,2023-01-24T13:00:00+00:00,long,1935.695,1930.7489,1925.5407,22.81512338,-119.690419,-0.516638,-0.516638,12,trail,23047.470311
2023-01-25T20:00:00+00:00,2023-01-26T09:00:00+00:00,long,1942.137,1937.6352,1931.1963,21.0658096,-101.153805,-0.438893,-0.438893,13,trail,22946.316506
2023-01-30T05:00:00+00:00,2023-01-30T07:00:00+00:00,long,1933.237,1923.8883,1923.8883,24.54492764,-236.826643,-1.03209,-1.03209,3,trail,22709.489863
2023-02-01T16:00:00+00:00,2023-02-01T16:00:00+00:00,long,1931.795,1925.5044,1925.5044,36.1006738,-237.925101,-1.04769,-1.04769,1,trail,22471.564762
2023-02-01T20:00:00+00:00,2023-02-02T13:00:00+00:00,long,1942.895,1944.5427,1934.8184,27.82305025,37.497125,0.166865,0.166865,17,trail,22509.061887
2023-02-07T16:00:00+00:00,2023-02-07T17:00:00+00:00,long,1879.247,1871.0651,1871.0651,27.51080053,-233.343859,-1.036666,-1.036666,2,trail,22275.718028
2023-02-08T08:00:00+00:00,2023-02-08T13:00:00+00:00,long,1886.345,1874.4922,1874.4922,18.7936336,-228.39527,-1.02531,-1.02531,6,trail,22047.322758
2023-02-09T09:00:00+00:00,2023-02-09T14:00:00+00:00,long,1883.725,1881.7601,1875.4342,26.59251551,-60.229388,-0.273182,-0.273182,6,trail,21987.093369
2023-03-15T12:00:00+00:00,2023-03-15T18:00:00+00:00,long,1917.905,1919.7962,1907.659,21.45919712,34.145874,0.1553,0.1553,7,trail,22021.239244
2023-03-17T05:00:00+00:00,2023-03-20T00:00:00+00:00,long,1930.855,1971.8869,1919.4653,19.33434528,787.524619,3.576205,3.576205,19,trail,22808.763862
2023-03-20T08:00:00+00:00,2023-03-20T09:00:00+00:00,long,2003.415,1984.8926,1984.8926,12.31415144,-231.781884,-1.016197,-1.016197,2,trail,22576.981978
2023-03-22T15:00:00+00:00,2023-03-22T19:00:00+00:00,long,1950.535,1958.2781,1941.3465,24.57091144,182.883751,0.810045,0.810045,5,trail,22759.865729
2023-03-22T22:00:00+00:00,2023-03-24T06:00:00+00:00,long,1969.714,1985.8164,1955.4019,15.90253403,251.298204,1.104129,1.104129,32,trail,23011.163933
2023-03-28T13:00:00+00:00,2023-03-29T04:00:00+00:00,long,1965.084,1966.145,1957.309,29.59635233,22.522824,0.097878,0.097878,15,mid_exit,23033.686757
2023-03-30T16:00:00+00:00,2023-03-31T07:00:00+00:00,long,1974.625,1976.0694,1966.471,28.24832813,32.327387,0.140348,0.140348,15,trail,23066.014144
2023-04-03T15:00:00+00:00,2023-04-04T03:00:00+00:00,long,1985.895,1978.045,1973.8645,19.17294721,-156.25952,-0.677445,-0.677445,12,mid_exit,22909.754624
2023-04-04T14:00:00+00:00,2023-04-05T13:00:00+00:00,long,1992.275,2024.3031,1985.03,31.62146946,1003.289145,4.37931,4.37931,23,trail,23913.043769
2023-04-11T09:00:00+00:00,2023-04-11T13:00:00+00:00,long,2004.428,1996.927,1995.8678,27.93514611,-217.922075,-0.91131,-0.91131,5,trail,23695.121694
2023-04-12T02:00:00+00:00,2023-04-12T07:00:00+00:00,long,2014.635,2011.8974,2007.3277,32.42664417,-98.499174,-0.415694,-0.415694,6,trail,23596.62252
2023-04-12T13:00:00+00:00,2023-04-12T13:00:00+00:00,long,2022.175,2014.4277,2014.4277,30.45786599,-245.103585,-1.038723,-1.038723,1,trail,23351.518935
2023-04-13T08:00:00+00:00,2023-04-13T14:00:00+00:00,long,2024.395,2036.8855,2012.4647,19.57328729,238.608159,1.02181,1.02181,7,trail,23590.127094
2023-04-18T15:00:00+00:00,2023-04-19T01:00:00+00:00,long,2009.035,2003.298,2001.3461,30.6807568,-185.219729,-0.785158,-0.785158,10,mid_exit,23404.907365
2023-04-20T11:00:00+00:00,2023-04-21T01:00:00+00:00,long,2003.515,2001.995,1994.0991,24.85679262,-45.239363,-0.19329,-0.19329,14,mid_exit,23359.668002
2023-04-24T17:00:00+00:00,2023-04-25T07:00:00+00:00,long,1986.508,1987.9556,1977.8747,27.05763497,31.051342,0.132927,0.132927,14,trail,23390.719344
2023-04-26T14:00:00+00:00,2023-04-26T15:00:00+00:00,long,2002.944,1993.483,1993.483,24.72330551,-241.324185,-1.031709,-1.031709,2,trail,23149.395159
2023-04-28T15:00:00+00:00,2023-04-30T23:00:00+00:00,long,1992.255,1986.748,1984.1914,28.70851128,-166.710325,-0.72015,-0.72015,8,mid_exit,22982.684834
2023-05-01T13:00:00+00:00,2023-05-01T14:00:00+00:00,long,2004.068,1996.617,1996.617,30.84510111,-239.080379,-1.040263,-1.040263,2,trail,22743.604455
2023-05-02T12:00:00+00:00,2023-05-03T11:00:00+00:00,long,1986.265,2015.775,1978.5818,29.60173425,864.666657,3.801801,3.801801,23,mid_exit,23608.271113
2023-05-03T15:00:00+00:00,2023-05-04T02:00:00+00:00,long,2021.145,2040.5026,2014.1844,33.91700588,646.376731,2.737925,2.737925,11,trail,24254.647844
2023-05-08T13:00:00+00:00,2023-05-08T13:00:00+00:00,long,2026.045,2018.749,2018.749,33.24376075,-252.519607,-1.041118,-1.041118,1,trail,24002.128237
2023-05-09T10:00:00+00:00,2023-05-09T13:00:00+00:00,long,2028.244,2024.5149,2020.9368,32.84723045,-132.344776,-0.551388,-0.551388,4,trail,23869.783461
2023-05-09T18:00:00+00:00,2023-05-10T04:00:00+00:00,long,2035.554,2030.615,2028.4449,33.57637881,-175.906649,-0.736943,-0.736943,10,mid_exit,23693.876813
2023-05-10T13:00:00+00:00,2023-05-10T13:00:00+00:00,long,2045.575,2038.933,2038.933,35.6728046,-247.64061,-1.045167,-1.045167,1,trail,23446.236203
2023-05-11T12:00:00+00:00,2023-05-11T13:00:00+00:00,long,2036.714,2028.2588,2028.0787,27.15161743,-237.717841,-1.013885,-1.013885,2,trail,23208.518362
2023-05-12T14:00:00+00:00,2023-05-12T14:00:00+00:00,long,2019.864,2011.8016,2011.8016,28.78611625,-240.721018,-1.03721,-1.03721,1,trail,22967.797344
2023-05-15T14:00:00+00:00,2023-05-15T14:00:00+00:00,long,2020.714,2013.389,2013.389,31.35535474,-239.08458,-1.040956,-1.040956,1,trail,22728.712764
2023-07-18T07:00:00+00:00,2023-07-19T02:00:00+00:00,long,1961.534,1974.7149,1955.2769,36.32467559,467.894514,2.058605,2.058605,19,trail,23196.607278
2023-07-20T02:00:00+00:00,2023-07-20T06:00:00+00:00,long,1984.885,1978.9226,1977.7243,32.39432915,-202.866247,-0.874551,-0.874551,5,trail,22993.741031
2023-07-24T10:00:00+00:00,2023-07-24T13:00:00+00:00,long,1965.278,1961.6797,1958.8324,35.67354634,-139.066186,-0.6048,-0.6048,4,trail,22854.674845
2023-07-26T07:00:00+00:00,2023-07-26T13:00:00+00:00,long,1969.465,1967.282,1962.7688,34.13081277,-84.746808,-0.370807,-0.370807,7,trail,22769.928037
2023-07-26T19:00:00+00:00,2023-07-27T12:00:00+00:00,long,1977.068,1970.8107,1970.6733,35.60750002,-233.48906,-1.025427,-1.025427,17,trail,22536.438977
2023-07-31T13:00:00+00:00,2023-07-31T19:00:00+00:00,long,1965.358,1964.3245,1959.608,39.19380692,-52.264942,-0.231913,-0.231913,7,trail,22484.174035
2023-08-30T12:00:00+00:00,2023-08-30T16:00:00+00:00,long,1938.975,1943.0465,1933.9693,44.91714253,169.405003,0.753441,0.753441,5,trail,22653.579038
2023-09-01T11:00:00+00:00,2023-09-01T13:00:00+00:00,long,1944.165,1945.1325,1939.1598,45.26008759,30.211108,0.133361,0.133361,3,trail,22683.790147
2023-10-17T10:00:00+00:00,2023-10-17T17:00:00+00:00,long,1922.925,1919.9992,1915.8996,32.28825426,-104.155451,-0.459162,-0.459162,8,trail,22579.634696
2023-10-18T02:00:00+00:00,2023-10-18T14:00:00+00:00,long,1938.975,1947.4522,1930.5512,26.80457121,219.18634,0.970726,0.970726,13,trail,22798.821036
2023-10-19T13:00:00+00:00,2023-10-20T17:00:00+00:00,long,1954.665,1980.4792,1945.871,25.92542761,661.466545,2.901319,2.901319,28,trail,23460.287581
2023-10-25T14:00:00+00:00,2023-10-25T14:00:00+00:00,long,1984.985,1977.4169,1977.4169,30.99891331,-243.90255,-1.03964,-1.03964,1,trail,23216.385031
2023-10-25T16:00:00+00:00,2023-10-26T11:00:00+00:00,long,1981.105,1984.525,1972.3015,26.37176695,82.279913,0.354404,0.354404,19,mid_exit,23298.664944
2023-10-27T18:00:00+00:00,2023-10-29T22:00:00+00:00,long,1996.625,1997.0977,1989.1806,31.29690095,5.404975,0.023199,0.023199,4,trail,23304.069919
2023-10-31T11:00:00+00:00,2023-10-31T12:00:00+00:00,long,1999.845,1995.454,1992.9478,33.78772534,-158.49822,-0.680131,-0.680131,2,mid_exit,23145.571699
2023-10-31T14:00:00+00:00,2023-10-31T15:00:00+00:00,long,2002.364,1996.2798,1996.2798,38.04209543,-242.868346,-1.049308,-1.049308,2,trail,22902.703354
2023-11-03T13:00:00+00:00,2023-11-03T13:00:00+00:00,long,2000.045,1994.5681,1994.5681,41.81690985,-241.572106,-1.054776,-1.054776,1,trail,22661.131247
2023-11-09T15:00:00+00:00,2023-11-10T06:00:00+00:00,long,1958.045,1956.925,1951.5715,35.00599559,-49.708514,-0.219356,-0.219356,15,mid_exit,22611.422734
2023-11-13T17:00:00+00:00,2023-11-14T12:00:00+00:00,long,1945.705,1945.055,1938.7738,32.62266669,-30.991533,-0.137061,-0.137061,19,mid_exit,22580.4312
2023-11-14T14:00:00+00:00,2023-11-15T13:00:00+00:00,long,1954.205,1967.7784,1949.5228,48.22611422,640.124504,2.834864,2.834864,23,trail,23220.555705
2023-11-16T14:00:00+00:00,2023-11-17T13:00:00+00:00,long,1972.025,1984.4382,1966.8184,44.59830927,540.22824,2.326509,2.326509,23,trail,23760.783945
2023-11-21T01:00:00+00:00,2023-11-21T09:00:00+00:00,long,1986.355,1984.5211,1978.6321,30.76666012,-65.652976,-0.276308,-0.276308,9,trail,23695.130968
2023-11-21T15:00:00+00:00,2023-11-21T19:00:00+00:00,long,2005.225,1996.7299,1996.7299,27.89270399,-245.319121,-1.035314,-1.035314,5,trail,23449.811848
2023-11-24T11:00:00+00:00,2023-11-27T16:00:00+00:00,long,1995.695,2006.1204,1991.3987,54.58141156,552.658625,2.356772,2.356772,25,trail,24002.470472
2023-11-28T00:00:00+00:00,2023-11-28T07:00:00+00:00,long,2015.115,2013.395,2008.1554,34.48829024,-69.666346,-0.290247,-0.290247,8,mid_exit,23932.804126
2023-11-28T14:00:00+00:00,2023-11-29T07:00:00+00:00,long,2021.335,2040.9995,2015.8442,43.58709865,844.042372,3.526717,3.526717,17,trail,24776.846498
2023-12-01T09:00:00+00:00,2023-12-01T11:00:00+00:00,long,2045.245,2038.1998,2037.8222,33.37938042,-245.178225,-0.989546,-0.989546,3,trail,24531.668273
2023-12-01T16:00:00+00:00,2023-12-04T00:00:00+00:00,long,2049.245,2099.1744,2041.5444,31.85682709,1581.035215,6.444874,6.444874,8,trail,26112.703487
2023-12-06T08:00:00+00:00,2023-12-06T09:00:00+00:00,long,2033.965,2023.5598,2023.5598,25.09582083,-268.655781,-1.028832,-1.028832,2,trail,25844.047706
2023-12-06T14:00:00+00:00,2023-12-06T21:00:00+00:00,long,2030.165,2025.218,2021.2048,28.84315942,-151.340057,-0.58559,-0.58559,8,mid_exit,25692.707649
2023-12-07T09:00:00+00:00,2023-12-07T14:00:00+00:00,long,2032.795,2029.8882,2024.4203,30.67895883,-98.381285,-0.382915,-0.382915,6,trail,25594.326363
2023-12-13T14:00:00+00:00,2023-12-13T15:00:00+00:00,long,1984.345,1978.5029,1978.5029,43.81014766,-269.086308,-1.051351,-1.051351,2,trail,25325.240056
2023-12-13T20:00:00+00:00,2023-12-14T18:00:00+00:00,long,2013.645,2031.065,2006.8456,37.24628652,637.656425,2.517869,2.517869,22,mid_exit,25962.896481
2023-12-15T10:00:00+00:00,2023-12-15T13:00:00+00:00,long,2042.575,2033.9089,2032.9132,26.87169728,-240.934325,-0.927995,-0.927995,4,trail,25721.962156
2023-12-18T18:00:00+00:00,2023-12-18T18:00:00+00:00,long,2033.525,2025.9544,2025.9544,33.97612099,-267.412458,-1.039627,-1.039627,1,trail,25454.549698
2023-12-19T15:00:00+00:00,2023-12-19T18:00:00+00:00,long,2041.395,2036.9407,2034.3397,36.07862132,-171.528589,-0.673862,-0.673862,4,trail,25283.021109
2023-12-21T14:00:00+00:00,2023-12-22T16:00:00+00:00,long,2041.238,2058.8962,2035.0077,40.58074428,704.408675,2.786094,2.786094,26,trail,25987.429784
2023-12-26T21:00:00+00:00,2023-12-27T10:00:00+00:00,long,2068.248,2061.8488,2061.8488,40.61043534,-272.057428,-1.046881,-1.046881,13,trail,25715.372355
2023-12-27T16:00:00+00:00,2023-12-28T08:00:00+00:00,long,2078.745,2079.0615,2071.9474,37.83007584,0.624196,0.002427,0.002427,16,trail,25715.996552
2024-01-02T06:00:00+00:00,2024-01-02T11:00:00+00:00,long,2074.465,2068.3047,2065.7963,29.66534377,-191.64702,-0.745244,-0.745244,6,trail,25524.349531
2024-01-05T16:00:00+00:00,2024-01-05T16:00:00+00:00,long,2054.815,2047.0558,2047.0558,32.8955943,-265.112174,-1.038664,-1.038664,1,trail,25259.237358
2024-01-09T14:00:00+00:00,2024-01-09T15:00:00+00:00,long,2038.488,2031.1777,2031.1777,34.55294223,-262.958256,-1.041038,-1.041038,2,trail,24996.279102
2024-01-12T11:00:00+00:00,2024-01-12T17:00:00+00:00,long,2045.835,2046.293,2034.0146,21.14672862,3.341183,0.013367,0.013367,7,trail,24999.620285
2024-01-19T00:00:00+00:00,2024-01-19T14:00:00+00:00,long,2023.675,2028.6783,2016.343,34.09659068,160.366495,0.641476,0.641476,15,trail,25159.98678
2024-01-24T09:00:00+00:00,2024-01-24T14:00:00+00:00,long,2030.775,2027.1844,2023.7124,35.62425563,-138.599729,-0.550874,-0.550874,6,trail,25021.387051
2024-01-30T08:00:00+00:00,2024-01-30T15:00:00+00:00,long,2037.795,2038.6897,2029.025,28.53065798,16.967182,0.067811,0.067811,8,trail,25038.354233
2024-01-31T14:00:00+00:00,2024-01-31T19:00:00+00:00,long,2041.845,2045.3901,2036.7804,49.43796989,160.431156,0.640742,0.640742,6,trail,25198.785389
2024-02-01T16:00:00+00:00,2024-02-02T09:00:00+00:00,long,2051.875,2052.945,2040.481,22.11583762,17.029195,0.067579,0.067579,17,mid_exit,25215.814584
2024-02-07T15:00:00+00:00,2024-02-07T15:00:00+00:00,long,2042.445,2037.3416,2037.3416,49.4098338,-266.981096,-1.058784,-1.058784,1,trail,24948.833488
2024-02-29T14:00:00+00:00,2024-02-29T21:00:00+00:00,long,2047.555,2043.0331,2043.0331,55.17334193,-266.040337,-1.066344,-1.066344,8,trail,24682.793151
2024-03-01T11:00:00+00:00,2024-03-01T14:00:00+00:00,long,2054.775,2048.7941,2047.2645,32.86438073,-206.417889,-0.836283,-0.836283,4,trail,24476.375262
2024-03-01T16:00:00+00:00,2024-03-04T11:00:00+00:00,long,2069.064,2082.025,2061.6818,33.15593625,419.787309,1.715071,1.715071,19,mid_exit,24896.162571
2024-03-04T14:00:00+00:00,2024-03-06T03:00:00+00:00,long,2091.565,2124.695,2084.4643,35.06156093,1151.071045,4.623488,4.623488,36,mid_exit,26047.233616
2024-03-06T12:00:00+00:00,2024-03-06T15:00:00+00:00,long,2132.435,2136.1807,2123.8884,30.47672012,105.013635,0.403166,0.403166,4,trail,26152.24725
2024-03-06T17:00:00+00:00,2024-03-07T14:00:00+00:00,long,2148.078,2148.6222,2138.6104,27.62288991,6.74551,0.025793,0.025793,21,trail,26158.99276
2024-03-08T00:00:00+00:00,2024-03-08T02:00:00+00:00,long,2161.865,2155.255,2151.2928,24.74318757,-170.975426,-0.653601,-0.653601,3,mid_exit,25988.017334
2024-03-08T09:00:00+00:00,2024-03-08T13:00:00+00:00,long,2165.125,2159.5965,2155.8475,28.01187533,-163.267215,-0.62824,-0.62824,5,trail,25824.750119
2024-03-08T15:00:00+00:00,2024-03-08T19:00:00+00:00,long,2170.715,2171.6285,2160.4018,25.04048222,15.362336,0.059487,0.059487,5,trail,25840.112455
2024-03-13T14:00:00+00:00,2024-03-14T05:00:00+00:00,long,2165.915,2168.765,2157.9635,32.49715457,82.867744,0.320694,0.320694,15,mid_exit,25922.980199
2024-03-15T10:00:00+00:00,2024-03-15T12:00:00+00:00,long,2171.768,2163.5518,2163.5518,31.55105791,-268.695119,-1.036513,-1.036513,3,trail,25654.285079
2024-03-20T19:00:00+00:00,2024-03-21T13:00:00+00:00,long,2181.908,2191.785,2175.017,37.22868245,356.539092,1.389784,1.389784,18,mid_exit,26010.824171
2024-03-25T14:00:00+00:00,2024-03-25T19:00:00+00:00,long,2177.025,2170.865,2166.8787,25.63577281,-165.607092,-0.636685,-0.636685,6,mid_exit,25845.217079
2024-03-26T09:00:00+00:00,2024-03-26T12:00:00+00:00,long,2178.215,2189.1373,2171.2523,37.11953277,394.294813,1.525601,1.525601,4,trail,26239.511892
2024-03-27T10:00:00+00:00,2024-03-27T13:00:00+00:00,long,2189.165,2183.7519,2179.0523,25.94708821,-148.23831,-0.564943,-0.564943,4,trail,26091.273582
2024-03-27T15:00:00+00:00,2024-03-28T13:00:00+00:00,long,2193.365,2205.2752,2183.0632,25.32690751,294.050462,1.127007,1.127007,22,trail,26385.324044
2024-03-28T15:00:00+00:00,2024-04-01T10:00:00+00:00,long,2214.205,2245.9324,2202.6721,22.87830818,719.005743,2.725021,2.725021,19,trail,27104.329786
2024-04-02T18:00:00+00:00,2024-04-03T07:00:00+00:00,long,2265.835,2270.5975,2250.6511,17.85070357,79.658765,0.293897,0.293897,13,trail,27183.988551
2024-04-03T17:00:00+00:00,2024-04-04T08:00:00+00:00,long,2293.685,2291.435,2280.4252,20.50105473,-52.27769,-0.192311,-0.192311,15,mid_exit,27131.710861
2024-04-04T19:00:00+00:00,2024-04-04T19:00:00+00:00,long,2304.005,2293.3534,2293.3534,25.47195807,-278.958696,-1.028165,-1.028165,1,trail,26852.752165
2024-04-05T15:00:00+00:00,2024-04-07T22:00:00+00:00,long,2317.428,2310.1349,2299.8583,15.28355758,-116.049581,-0.43217,-0.43217,7,trail,26736.702584
2024-04-08T03:00:00+00:00,2024-04-08T12:00:00+00:00,long,2348.015,2326.808,2326.808,12.60748931,-271.149273,-1.014146,-1.014146,10,trail,26465.553312
2024-04-09T03:00:00+00:00,2024-04-09T11:00:00+00:00,long,2345.118,2351.0056,2331.177,18.98397053,106.074834,0.400803,0.400803,9,trail,26571.628145
2024-04-11T17:00:00+00:00,2024-04-12T15:00:00+00:00,long,2349.745,2408.9518,2335.9343,19.23988512,1133.360065,4.265302,4.265302,22,trail,27704.98821
2024-04-15T18:00:00+00:00,2024-04-16T07:00:00+00:00,long,2365.335,2366.3837,2342.7768,12.28155979,9.195204,0.03319,0.03319,13,trail,27714.183414
2024-04-16T17:00:00+00:00,2024-04-16T20:00:00+00:00,long,2397.405,2378.4596,2378.4596,14.62844987,-281.530369,-1.015835,-1.015835,4,trail,27432.653045
2024-04-19T02:00:00+00:00,2024-04-19T02:00:00+00:00,long,2409.274,2396.8393,2396.8393,22.06137104,-280.944942,-1.024126,-1.024126,1,trail,27151.708103
2024-04-25T13:00:00+00:00,2024-04-25T13:00:00+00:00,long,2330.615,2319.0095,2319.0095,23.3955522,-278.535747,-1.02585,-1.02585,1,trail,26873.172357
2024-04-25T15:00:00+00:00,2024-04-26T14:00:00+00:00,long,2333.694,2335.176,2321.0371,21.2320334,25.096263,0.093388,0.093388,23,trail,26898.26862
2024-05-01T13:00:00+00:00,2024-05-01T18:00:00+00:00,long,2298.155,2295.5776,2287.5565,25.37931653,-73.026445,-0.271491,-0.271491,6,trail,26825.242175
2024-05-01T22:00:00+00:00,2024-05-02T07:00:00+00:00,long,2319.298,2309.115,2303.7323,17.2335598,-180.659407,-0.673468,-0.673468,10,mid_exit,26644.582767
2024-05-06T02:00:00+00:00,2024-05-07T02:00:00+00:00,long,2308.245,2321.405,2291.1073,15.54735044,199.938927,0.750392,0.750392,24,mid_exit,26844.521694
2024-05-09T13:00:00+00:00,2024-05-09T13:00:00+00:00,long,2326.585,2318.1595,2318.1595,31.8610429,-278.00353,-1.035606,-1.035606,1,trail,26566.518164
2024-05-09T15:00:00+00:00,2024-05-10T12:00:00+00:00,long,2333.205,2362.0926,2323.1445,26.40675728,754.905814,2.841569,2.841569,21,trail,27321.423979
2024-05-14T13:00:00+00:00,2024-05-15T11:00:00+00:00,long,2348.158,2362.2779,2339.4811,31.48754046,435.15466,1.592723,1.592723,22,trail,27756.578639
2024-05-15T13:00:00+00:00,2024-05-15T13:00:00+00:00,long,2372.455,2363.289,2363.289,30.2821063,-286.650418,-1.03273,-1.03273,1,trail,27469.928221
2024-05-15T15:00:00+00:00,2024-05-16T09:00:00+00:00,long,2373.675,2385.305,2361.7051,22.94917102,260.014108,0.946541,0.946541,18,mid_exit,27729.942328
2024-05-17T07:00:00+00:00,2024-05-20T11:00:00+00:00,long,2385.858,2431.8421,2376.4191,29.37836223,1342.124038,4.839981,4.839981,28,trail,29072.066366
2024-05-27T03:00:00+00:00,2024-05-28T06:00:00+00:00,long,2346.035,2345.6383,2335.5265,27.66528655,-19.274405,-0.066299,-0.066299,25,trail,29052.791961
2024-05-28T16:00:00+00:00,2024-05-29T06:00:00+00:00,long,2360.155,2355.695,2350.1822,29.13203109,-138.668468,-0.477298,-0.477298,14,mid_exit,28914.123493
2024-05-30T14:00:00+00:00,2024-05-31T05:00:00+00:00,long,2348.475,2342.305,2336.2266,23.60644941,-152.733728,-0.528232,-0.528232,15,mid_exit,28761.389766
2024-05-31T13:00:00+00:00,2024-05-31T13:00:00+00:00,long,2354.545,2346.0685,2346.0685,33.93073765,-297.793119,-1.035392,-1.035392,1,trail,28463.596647
2024-06-03T13:00:00+00:00,2024-06-04T06:00:00+00:00,long,2333.805,2344.365,2322.247,24.62674913,252.670446,0.887697,0.887697,17,mid_exit,28716.267093
2024-06-06T02:00:00+00:00,2024-06-06T08:00:00+00:00,long,2367.265,2361.4698,2356.5491,26.79781175,-163.338022,-0.5688,-0.5688,7,trail,28552.929071
2024-06-06T16:00:00+00:00,2024-06-07T06:00:00+00:00,long,2374.128,2374.2192,2362.5491,24.65944871,-5.148893,-0.018033,-0.018033,14,trail,28547.780178
2024-07-05T03:00:00+00:00,2024-07-05T12:00:00+00:00,long,2360.325,2360.1817,2353.9803,44.99468876,-19.946146,-0.069869,-0.069869,10,trail,28527.834032
2024-07-05T14:00:00+00:00,2024-07-08T06:00:00+00:00,long,2383.015,2378.5271,2373.9134,31.34375718,-150.070775,-0.52605,-0.52605,16,trail,28377.763257
2024-07-10T03:00:00+00:00,2024-07-10T14:00:00+00:00,long,2369.238,2375.37,2358.5594,26.57442292,154.982034,0.546139,0.546139,12,trail,28532.745292
2024-07-11T05:00:00+00:00,2024-07-11T13:00:00+00:00,long,2381.838,2396.4628,2373.0588,32.50039331,465.561634,1.631675,1.631675,9,trail,28998.306926
2024-07-11T15:00:00+00:00,2024-07-12T02:00:00+00:00,long,2417.665,2406.6458,2406.6458,26.31616354,-297.877918,-1.027225,-1.027225,11,trail,28700.429007
2024-07-15T12:00:00+00:00,2024-07-15T17:00:00+00:00,long,2418.155,2422.4436,2408.8569,30.86698251,123.116046,0.428969,0.428969,6,trail,28823.545054
2024-07-16T08:00:00+00:00,2024-07-16T12:00:00+00:00,long,2436.875,2430.9153,2425.6226,25.6154643,-160.345122,-0.556299,-0.556299,5,trail,28663.199932
2024-07-16T15:00:00+00:00,2024-07-17T03:00:00+00:00,long,2452.008,2464.4921,2440.4068,24.70709921,301.033767,1.050245,1.050245,12,trail,28964.233699
2024-07-17T14:00:00+00:00,2024-07-17T14:00:00+00:00,long,2482.845,2469.1602,2469.1602,21.16525905,-295.991915,-1.021922,-1.021922,1,trail,28668.241785
2024-07-23T09:00:00+00:00,2024-07-24T16:00:00+00:00,long,2403.958,2419.3754,2391.968,23.91012659,361.458948,1.260834,1.260834,31,trail,29029.700732
2024-07-26T14:00:00+00:00,2024-07-29T08:00:00+00:00,long,2381.514,2387.3946,2368.6262,22.52494664,125.702717,0.433014,0.433014,18,trail,29155.40345
2024-07-30T14:00:00+00:00,2024-07-30T15:00:00+00:00,long,2393.935,2385.902,2385.902,36.29453934,-302.442396,-1.037346,-1.037346,2,trail,28852.961053
2024-07-30T17:00:00+00:00,2024-08-01T08:00:00+00:00,long,2399.825,2437.2135,2390.2813,30.2324686,1121.276911,3.886176,3.886176,38,trail,29974.237965
2024-08-02T03:00:00+00:00,2024-08-02T13:00:00+00:00,long,2455.324,2457.913,2439.7401,19.23410569,44.026868,0.146882,0.146882,11,trail,30018.264833
2024-08-07T11:00:00+00:00,2024-08-07T17:00:00+00:00,long,2397.275,2391.0876,2383.1299,21.22167028,-137.673464,-0.458632,-0.458632,7,trail,29880.591369
2024-08-08T11:00:00+00:00,2024-08-09T05:00:00+00:00,long,2405.055,2417.028,2393.1834,25.16980977,293.807189,0.983271,0.983271,18,mid_exit,30174.398558
2024-08-09T11:00:00+00:00,2024-08-12T01:00:00+00:00,long,2430.355,2425.915,2418.1001,24.62231316,-116.709764,-0.386784,-0.386784,14,mid_exit,30057.688794
2024-08-12T06:00:00+00:00,2024-08-13T01:00:00+00:00,long,2434.525,2464.2855,2423.492,27.24344131,802.605403,2.670217,2.670217,19,trail,30860.294197
2024-08-14T09:00:00+00:00,2024-08-14T12:00:00+00:00,long,2474.265,2464.5086,2462.572,26.39210998,-265.409615,-0.860036,-0.860036,4,trail,30594.884582
2024-08-15T12:00:00+00:00,2024-08-15T12:00:00+00:00,long,2463.418,2454.1243,2454.1243,32.92002602,-315.824854,-1.03228,-1.03228,1,trail,30279.059728
2024-08-16T11:00:00+00:00,2024-08-16T14:00:00+00:00,long,2464.495,2482.4627,2452.8697,26.04583084,460.169926,1.519763,1.519763,4,trail,30739.229654
2024-08-16T16:00:00+00:00,2024-08-19T09:00:00+00:00,long,2491.645,2499.828,2478.2284,22.91134092,180.6101,0.587556,0.587556,17,mid_exit,30919.839754
2024-08-20T08:00:00+00:00,2024-08-20T15:00:00+00:00,long,2514.825,2519.242,2503.9547,28.44432974,117.105306,0.378738,0.378738,8,trail,31036.94506
2024-08-23T12:00:00+00:00,2024-08-26T13:00:00+00:00,long,2501.495,2517.0954,2491.6887,31.65000567,484.257747,1.560262,1.560262,25,trail,31521.202807
2024-08-27T18:00:00+00:00,2024-08-28T02:00:00+00:00,long,2519.945,2513.4483,2508.4612,27.44840802,-186.558595,-0.591851,-0.591851,8,trail,31334.644212
2024-08-29T02:00:00+00:00,2024-08-29T12:00:00+00:00,long,2512.955,2513.0687,2501.5398,27.4499301,-5.113922,-0.01632,-0.01632,11,trail,31329.53029
2024-09-03T09:00:00+00:00,2024-09-03T10:00:00+00:00,long,2503.865,2496.2707,2496.2707,41.25400668,-325.671505,-1.039503,-1.039503,2,trail,31003.858785
2024-09-05T07:00:00+00:00,2024-09-05T14:00:00+00:00,long,2504.185,2508.8568,2493.6432,29.41040314,128.5764,0.414711,0.414711,8,trail,31132.435185
2024-09-09T17:00:00+00:00,2024-09-10T07:00:00+00:00,long,2504.205,2502.595,2493.6601,29.52368935,-56.390247,-0.18113,-0.18113,14,mid_exit,31076.044939
2024-09-10T13:00:00+00:00,2024-09-10T14:00:00+00:00,long,2513.755,2506.0679,2506.0679,40.42622698,-322.888317,-1.039026,-1.039026,2,trail,30753.156621
2024-09-10T16:00:00+00:00,2024-09-11T12:00:00+00:00,long,2512.685,2517.0387,2504.2385,36.40934899,147.592578,0.479927,0.479927,20,trail,30900.749199
2024-09-12T13:00:00+00:00,2024-09-16T10:00:00+00:00,long,2528.395,2578.7123,2520.3904,38.60373935,1930.854812,6.24857,6.24857,44,trail,32831.604011
2024-09-19T08:00:00+00:00,2024-09-19T13:00:00+00:00,long,2584.324,2572.3374,2565.7396,17.66621683,-217.05774,-0.661124,-0.661124,6,trail,32614.546272
2024-09-20T07:00:00+00:00,2024-09-20T13:00:00+00:00,long,2605.364,2605.7808,2593.4363,27.34353335,3.193725,0.009792,0.009792,7,trail,32617.739996
2024-09-20T16:00:00+00:00,2024-09-23T07:00:00+00:00,long,2622.728,2617.5686,2611.3909,28.77079676,-157.071288,-0.481552,-0.481552,15,trail,32460.668708
2024-09-23T14:00:00+00:00,2024-09-24T00:00:00+00:00,long,2631.765,2625.045,2621.4998,31.62205189,-221.986804,-0.683864,-0.683864,10,mid_exit,32238.681904
2024-09-24T05:00:00+00:00,2024-09-24T05:00:00+00:00,long,2637.955,2628.311,2628.311,33.42874523,-332.415443,-1.031107,-1.031107,1,trail,31906.266462
2024-09-24T15:00:00+00:00,2024-09-25T05:00:00+00:00,long,2643.448,2656.1276,2632.9347,30.34847903,375.702031,1.177518,1.177518,14,trail,32281.968493
2024-09-26T08:00:00+00:00,2024-09-26T12:00:00+00:00,long,2664.535,2671.9963,2654.3563,31.71521755,227.122187,0.703557,0.703557,5,trail,32509.09068
2024-10-01T08:00:00+00:00,2024-10-01T15:00:00+00:00,long,2645.505,2656.3074,2633.1319,26.27400626,275.940123,0.848809,0.848809,8,trail,32785.030803
2024-10-01T17:00:00+00:00,2024-10-02T03:00:00+00:00,long,2666.315,2655.238,2654.6042,27.9955518,-318.505393,-0.971496,-0.971496,10,mid_exit,32466.525411
2024-10-04T06:00:00+00:00,2024-10-04T09:00:00+00:00,long,2667.295,2657.365,2655.3362,27.1486482,-277.730671,-0.855437,-0.855437,4,mid_exit,32188.794739
2024-10-08T12:00:00+00:00,2024-10-08T13:00:00+00:00,long,2650.695,2636.651,2636.651,22.91996208,-328.763936,-1.021361,-1.021361,2,trail,31860.030803
2024-10-10T11:00:00+00:00,2024-10-10T12:00:00+00:00,long,2617.885,2607.3863,2607.3863,30.34664368,-327.704301,-1.028575,-1.028575,2,trail,31532.326502
2024-10-10T14:00:00+00:00,2024-10-13T22:00:00+00:00,long,2626.575,2648.5403,2615.3791,28.16417305,610.185258,1.93511,1.93511,31,trail,32142.511761
2024-10-15T15:00:00+00:00,2024-10-16T14:00:00+00:00,long,2659.655,2671.664,2649.1155,30.49718844,357.091579,1.110964,1.110964,23,trail,32499.60334
2024-10-17T02:00:00+00:00,2024-10-17T12:00:00+00:00,long,2682.915,2677.0448,2671.9802,29.72125996,-183.386118,-0.564272,-0.564272,11,trail,32316.217222
2024-10-17T14:00:00+00:00,2024-10-17T16:00:00+00:00,long,2688.725,2684.2364,2678.7667,32.45154014,-155.397445,-0.480865,-0.480865,3,trail,32160.819777
2024-10-18T02:00:00+00:00,2024-10-21T14:00:00+00:00,long,2704.475,2728.2979,2692.7552,27.44144079,645.502268,2.007108,2.007108,36,trail,32806.322044
2024-10-22T17:00:00+00:00,2024-10-23T01:00:00+00:00,long,2745.225,2738.395,2733.6021,28.2255909,-201.248463,-0.613444,-0.613444,8,mid_exit,32605.073581
2024-10-23T08:00:00+00:00,2024-10-23T12:00:00+00:00,long,2754.815,2746.2844,2743.3857,28.52762075,-251.916008,-0.772628,-0.772628,5,trail,32353.157573
2024-10-25T18:00:00+00:00,2024-10-27T22:00:00+00:00,long,2744.195,2734.5965,2733.1588,29.31548683,-290.179346,-0.896912,-0.896912,4,trail,32062.978227
2024-10-29T02:00:00+00:00,2024-10-30T12:00:00+00:00,long,2752.024,2774.8797,2741.6733,30.97662789,698.699526,2.179147,2.179147,34,trail,32761.677753
2024-10-30T18:00:00+00:00,2024-10-31T06:00:00+00:00,long,2788.445,2779.715,2776.0024,26.33025071,-237.762164,-0.725733,-0.725733,12,mid_exit,32523.915589
2024-11-04T14:00:00+00:00,2024-11-04T15:00:00+00:00,long,2746.625,2738.385,2734.5639,26.9659613,-230.28931,-0.708061,-0.708061,2,mid_exit,32293.626279
2024-11-05T14:00:00+00:00,2024-11-05T15:00:00+00:00,long,2744.605,2735.5869,2734.1632,30.92725994,-288.183301,-0.892384,-0.892384,2,trail,32005.442978
2024-11-07T13:00:00+00:00,2024-11-08T06:00:00+00:00,long,2673.515,2689.9511,2656.7616,19.10384935,308.261624,0.963154,0.963154,17,trail,32313.704602
2024-11-22T02:00:00+00:00,2024-11-22T13:00:00+00:00,long,2677.705,2693.5742,2665.9863,27.57447891,429.312577,1.328577,1.328577,12,trail,32743.017179
2024-11-24T23:00:00+00:00,2024-11-24T23:00:00+00:00,long,2713.375,2697.161,2697.161,20.19428715,-333.488458,-1.018503,-1.018503,1,trail,32409.528721
2024-12-11T15:00:00+00:00,2024-12-12T01:00:00+00:00,long,2706.144,2706.08,2690.7701,21.0808765,-7.673439,-0.023676,-0.023676,10,trail,32401.855282
2025-01-09T12:00:00+00:00,2025-01-10T13:00:00+00:00,long,2669.954,2673.1745,2657.7326,26.51239243,77.429442,0.238966,0.238966,25,trail,32479.284724
2025-01-10T15:00:00+00:00,2025-01-10T20:00:00+00:00,long,2685.164,2684.2404,2675.6884,34.27675791,-41.941041,-0.129132,-0.129132,6,trail,32437.343683
2025-01-14T20:00:00+00:00,2025-01-15T01:00:00+00:00,long,2674.009,2669.905,2662.7439,28.79454571,-126.811179,-0.390942,-0.390942,5,mid_exit,32310.532504
2025-01-15T06:00:00+00:00,2025-01-15T14:00:00+00:00,long,2679.095,2684.2804,2668.4433,30.33368618,148.19219,0.45865,0.45865,9,trail,32458.724694
2025-01-15T18:00:00+00:00,2025-01-17T01:00:00+00:00,long,2692.595,2710.0024,2680.9861,27.96020699,478.326445,1.473645,1.473645,30,trail,32937.051139
2025-01-21T02:00:00+00:00,2025-01-22T06:00:00+00:00,long,2717.889,2746.7372,2705.7874,27.21710447,776.999342,2.359043,2.359043,28,trail,33714.050481
2025-01-24T01:00:00+00:00,2025-01-24T16:00:00+00:00,long,2759.585,2771.8371,2748.1323,29.43764395,351.841664,1.043605,1.043605,16,trail,34065.892145
2025-01-28T13:00:00+00:00,2025-01-29T10:00:00+00:00,long,2745.415,2757.985,2735.0185,32.76669278,402.04732,1.180205,1.180205,21,mid_exit,34467.939466
2025-01-30T07:00:00+00:00,2025-01-31T08:00:00+00:00,long,2765.248,2793.135,2754.9983,33.62824226,927.702319,2.691493,2.691493,25,mid_exit,35395.641785
2025-01-31T12:00:00+00:00,2025-01-31T18:00:00+00:00,long,2799.905,2801.6416,2788.838,31.98305032,45.94685,0.129809,0.129809,7,trail,35441.588635
2025-02-03T15:00:00+00:00,2025-02-03T23:00:00+00:00,long,2829.265,2811.5667,2811.5667,20.02541975,-360.423512,-1.016951,-1.016951,8,trail,35081.165123
2025-02-04T14:00:00+00:00,2025-02-05T16:00:00+00:00,long,2831.555,2865.8194,2818.3863,26.63980888,904.805125,2.579176,2.579176,26,trail,35985.970247
2025-02-07T15:00:00+00:00,2025-02-07T16:00:00+00:00,long,2875.465,2866.8623,2864.9106,34.0957044,-303.543828,-0.843506,-0.843506,2,trail,35682.42642
2025-02-10T05:00:00+00:00,2025-02-11T02:00:00+00:00,long,2879.045,2916.7061,2862.2963,21.30459464,795.963091,2.230687,2.230687,21,trail,36478.389511
2025-02-12T17:00:00+00:00,2025-02-13T13:00:00+00:00,long,2902.295,2908.405,2885.6052,21.85669661,126.987407,0.348117,0.348117,20,mid_exit,36605.376918
2025-02-13T19:00:00+00:00,2025-02-14T13:00:00+00:00,long,2923.805,2923.6466,2910.5372,27.58963575,-12.647089,-0.03455,-0.03455,18,trail,36592.729829
2025-02-18T04:00:00+00:00,2025-02-19T02:00:00+00:00,long,2908.735,2926.1537,2897.1996,31.72211612,543.041389,1.484014,1.484014,22,trail,37135.771218
2025-02-19T10:00:00+00:00,2025-02-19T12:00:00+00:00,long,2945.305,2932.1665,2932.1665,28.26484851,-379.837167,-1.022834,-1.022834,3,trail,36755.934051
2025-02-20T09:00:00+00:00,2025-02-20T12:00:00+00:00,long,2954.335,2939.5513,2939.5513,24.86247289,-375.018082,-1.020293,-1.020293,4,trail,36380.915969
2025-02-24T03:00:00+00:00,2025-02-24T14:00:00+00:00,long,2940.645,2938.9947,2924.6303,22.71720105,-44.305357,-0.121782,-0.121782,12,trail,36336.610612
2025-03-03T16:00:00+00:00,2025-03-04T14:00:00+00:00,long,2887.785,2908.387,2872.5664,23.87644764,484.73964,1.334025,1.334025,22,trail,36821.350252
2025-03-07T09:00:00+00:00,2025-03-07T14:00:00+00:00,long,2922.195,2906.9205,2906.9205,24.10641936,-375.445428,-1.019641,-1.019641,6,trail,36445.904823
2025-03-11T14:00:00+00:00,2025-03-12T04:00:00+00:00,long,2917.465,2914.785,2903.1982,25.54595622,-76.12695,-0.208877,-0.208877,14,mid_exit,36369.777874
2025-03-12T09:00:00+00:00,2025-03-12T10:00:00+00:00,long,2922.065,2914.195,2910.6148,31.76344332,-259.507332,-0.713525,-0.713525,2,mid_exit,36110.270542
2025-03-12T15:00:00+00:00,2025-03-14T13:00:00+00:00,long,2921.678,2984.895,2909.39,29.3866134,1848.917555,5.120199,5.120199,45,mid_exit,37959.188097
2025-03-17T10:00:00+00:00,2025-03-17T12:00:00+00:00,long,2995.465,2987.055,2983.323,31.26271462,-272.298244,-0.717345,-0.717345,3,trail,37686.889853
2025-03-17T15:00:00+00:00,2025-03-19T08:00:00+00:00,long,2998.485,3032.1332,2987.1433,33.22860757,1108.114251,2.940318,2.940318,40,trail,38795.004104
2025-03-19T19:00:00+00:00,2025-03-20T07:00:00+00:00,long,3046.705,3042.105,3033.3032,28.94760712,-141.843275,-0.365623,-0.365623,12,mid_exit,38653.160829
2025-03-25T11:00:00+00:00,2025-03-25T18:00:00+00:00,long,3023.378,3018.355,3010.5222,30.06670983,-160.045096,-0.414054,-0.414054,8,mid_exit,38493.115733
2025-03-26T08:00:00+00:00,2025-03-26T09:00:00+00:00,long,3030.345,3018.6207,3018.6207,32.83190957,-394.78073,-1.025588,-1.025588,2,trail,38098.335002
2025-03-27T03:00:00+00:00,2025-03-27T13:00:00+00:00,long,3031.475,3042.5705,3019.6943,32.33961904,349.122357,0.916372,0.916372,11,trail,38447.45736
2025-03-27T15:00:00+00:00,2025-03-28T08:00:00+00:00,long,3057.468,3068.4443,3043.9935,28.53349465,304.632149,0.792334,0.792334,17,trail,38752.089509
2025-03-30T23:00:00+00:00,2025-03-31T00:00:00+00:00,long,3089.755,3078.748,3071.5963,21.34078404,-241.300245,-0.622677,-0.622677,2,mid_exit,38510.789263
2025-03-31T02:00:00+00:00,2025-03-31T13:00:00+00:00,long,3094.605,3105.6715,3076.195,20.91840807,225.218041,0.584818,0.584818,12,trail,38736.007304
2025-04-01T02:00:00+00:00,2025-04-01T06:00:00+00:00,long,3135.235,3128.1893,3116.8213,21.03651483,-154.527927,-0.398926,-0.398926,5,trail,38581.479377
2025-04-02T23:00:00+00:00,2025-04-03T05:00:00+00:00,long,3145.668,3136.828,3122.739,16.82649892,-153.7942,-0.398622,-0.398622,7,trail,38427.685177
2025-04-09T07:00:00+00:00,2025-04-09T17:00:00+00:00,long,3038.685,3056.545,3010.827,13.79412922,242.224909,0.63034,0.63034,11,trail,38669.910086
2025-04-10T03:00:00+00:00,2025-04-13T22:00:00+00:00,long,3119.095,3220.855,3075.666,8.90416774,903.416859,2.336227,2.336227,42,mid_exit,39573.326945
2025-04-15T23:00:00+00:00,2025-04-17T01:00:00+00:00,long,3241.195,3323.5136,3224.078,23.11931235,1896.213632,4.791646,4.791646,26,trail,41469.540577
2025-04-21T01:00:00+00:00,2025-04-22T08:00:00+00:00,long,3368.555,3459.534,3340.772,14.92622848,1353.495472,3.26383,3.26383,31,trail,42823.036049
2025-04-24T02:00:00+00:00,2025-04-24T13:00:00+00:00,long,3357.345,3314.995,3312.16,9.47726813,-404.205486,-0.943897,-0.943897,12,mid_exit,42418.830563
2025-04-24T23:00:00+00:00,2025-04-25T03:00:00+00:00,long,3366.355,3334.5523,3334.5523,13.33812241,-428.189742,-1.009433,-1.009433,5,trail,41990.640821
2025-04-28T15:00:00+00:00,2025-04-29T02:00:00+00:00,long,3328.295,3320.2774,3296.008,13.00543278,-108.173988,-0.257615,-0.257615,11,trail,41882.466833
2025-05-02T03:00:00+00:00,2025-05-02T13:00:00+00:00,long,3248.085,3241.697,3220.759,15.32696583,-102.506747,-0.244749,-0.244749,11,trail,41779.960085
2025-05-05T09:00:00+00:00,2025-05-06T05:00:00+00:00,long,3282.545,3352.4037,3255.048,15.19437033,1056.900647,2.529683,2.529683,20,trail,42836.860733
2025-05-06T20:00:00+00:00,2025-05-06T22:00:00+00:00,long,3422.765,3399.0085,3391.4498,13.67925504,-329.074999,-0.768205,-0.768205,2,trail,42507.785734
2025-05-08T02:00:00+00:00,2025-05-08T04:00:00+00:00,long,3408.325,3382.177,3382.177,16.25661073,-429.954841,-1.011473,-1.011473,3,trail,42077.830893
2025-05-09T16:00:00+00:00,2025-05-09T20:00:00+00:00,long,3344.785,3323.345,3315.06,14.15570425,-307.74501,-0.731371,-0.731371,5,mid_exit,41770.085883
2025-05-13T05:00:00+00:00,2025-05-13T13:00:00+00:00,long,3252.405,3234.77,3220.574,13.1224548,-235.351227,-0.563444,-0.563444,9,trail,41534.734656
2025-05-15T15:00:00+00:00,2025-05-16T01:00:00+00:00,long,3205.185,3220.115,3175.3625,13.92731483,203.756616,0.490569,0.490569,10,trail,41738.491272
2025-05-18T23:00:00+00:00,2025-05-19T03:00:00+00:00,long,3239.175,3212.022,3206.775,12.88225039,-353.65642,-0.847315,-0.847315,5,trail,41384.834852
2025-05-20T14:00:00+00:00,2025-05-21T12:00:00+00:00,long,3261.015,3293.697,3241.1664,20.85025385,675.17292,1.63145,1.63145,22,trail,42060.007772
2025-05-22T01:00:00+00:00,2025-05-22T08:00:00+00:00,long,3323.585,3319.2307,3301.837,19.33971297,-90.012826,-0.21401,-0.21401,8,trail,41969.994946
2025-05-23T06:00:00+00:00,2025-05-26T00:00:00+00:00,long,3323.575,3337.2919,3294.5321,14.45103449,193.888085,0.461968,0.461968,18,trail,42163.88303
2025-05-28T08:00:00+00:00,2025-05-28T13:00:00+00:00,long,3318.948,3304.0972,3299.1598,21.30758888,-322.827018,-0.765648,-0.765648,6,trail,41841.056013
2025-05-29T13:00:00+00:00,2025-05-30T02:00:00+00:00,long,3316.209,3296.803,3289.8244,15.85813543,-312.500417,-0.746875,-0.746875,13,trail,41528.555596
2025-06-01T23:00:00+00:00,2025-06-03T01:00:00+00:00,long,3312.415,3368.9419,3288.0238,17.02604037,957.321469,2.305213,2.305213,26,trail,42485.877066
2025-06-04T02:00:00+00:00,2025-06-04T04:00:00+00:00,long,3370.548,3352.9154,3352.9154,24.09507223,-432.087292,-1.017014,-1.017014,3,trail,42053.789773
2025-06-04T15:00:00+00:00,2025-06-05T04:00:00+00:00,long,3377.148,3368.235,3357.6304,21.54659885,-198.508815,-0.472035,-0.472035,13,mid_exit,41855.280958
2025-06-05T10:00:00+00:00,2025-06-05T12:00:00+00:00,long,3389.325,3380.7927,3370.4731,22.2021552,-196.096095,-0.46851,-0.46851,3,trail,41659.184863
2025-06-09T16:00:00+00:00,2025-06-10T00:00:00+00:00,long,3328.378,3318.3537,3309.623,22.21230864,-229.326538,-0.550483,-0.550483,8,trail,41429.858324
2025-06-11T08:00:00+00:00,2025-06-11T10:00:00+00:00,long,3345.409,3329.685,3326.854,22.32813707,-357.786068,-0.863595,-0.863595,3,mid_exit,41072.072256
2025-06-11T22:00:00+00:00,2025-06-12T07:00:00+00:00,long,3356.915,3350.4867,3333.6467,17.65151397,-118.764681,-0.289162,-0.289162,10,trail,40953.307575
2025-06-13T01:00:00+00:00,2025-06-13T06:00:00+00:00,long,3416.348,3412.2619,3392.4299,17.12230803,-75.100155,-0.18338,-0.18338,6,trail,40878.207419
2025-06-15T23:00:00+00:00,2025-06-16T03:00:00+00:00,long,3448.095,3431.365,3422.9194,16.23723265,-276.520072,-0.676449,-0.676449,5,mid_exit,40601.687347
2025-06-22T23:00:00+00:00,2025-06-23T00:00:00+00:00,long,3378.555,3360.6763,3360.6763,22.70952997,-412.829732,-1.01678,-1.01678,2,trail,40188.857615
2025-06-23T12:00:00+00:00,2025-06-23T12:00:00+00:00,long,3380.585,3362.7664,3362.7664,22.55444177,-408.654909,-1.016836,-1.016836,1,trail,39780.202706
2025-06-23T14:00:00+00:00,2025-06-23T20:00:00+00:00,long,3380.145,3367.955,3359.8951,19.64464156,-245.361573,-0.616793,-0.616793,7,mid_exit,39534.841133
2025-06-26T00:00:00+00:00,2025-06-26T11:00:00+00:00,long,3338.835,3332.1329,3324.3643,27.32061416,-191.301672,-0.483881,-0.483881,12,trail,39343.539461
2025-07-02T13:00:00+00:00,2025-07-03T00:00:00+00:00,long,3346.408,3346.6174,3332.609,28.51187728,-2.583176,-0.006566,-0.006566,11,trail,39340.956285
2025-07-07T20:00:00+00:00,2025-07-08T08:00:00+00:00,long,3337.045,3323.455,3317.7732,20.41374251,-283.546883,-0.720742,-0.720742,12,mid_exit,39057.409401
2025-07-11T01:00:00+00:00,2025-07-14T12:00:00+00:00,long,3329.858,3355.5388,3315.259,26.75348271,679.024794,1.73853,1.73853,35,trail,39736.434195
2025-07-18T12:00:00+00:00,2025-07-18T19:00:00+00:00,long,3354.085,3348.5268,3341.8581,32.49918965,-190.386753,-0.479124,-0.479124,8,trail,39546.047442
2025-07-21T06:00:00+00:00,2025-07-22T01:00:00+00:00,long,3366.588,3385.8678,3355.1553,34.59029577,656.516896,1.660133,1.660133,19,trail,40202.564338
2025-07-22T13:00:00+00:00,2025-07-23T05:00:00+00:00,long,3407.369,3416.8909,3396.7103,37.71807475,347.832314,0.865199,0.865199,16,trail,40550.396652
2025-08-04T12:00:00+00:00,2025-08-05T04:00:00+00:00,long,3370.175,3370.965,3354.1993,25.38254765,12.437448,0.030672,0.030672,16,mid_exit,40562.8341
2025-08-05T16:00:00+00:00,2025-08-06T01:00:00+00:00,long,3389.398,3375.0488,3375.0488,28.26835928,-414.108849,-1.020907,-1.020907,9,trail,40148.725251
2025-08-07T02:00:00+00:00,2025-08-07T08:00:00+00:00,long,3382.125,3381.0122,3368.2309,28.89624031,-40.824608,-0.101683,-0.101683,7,trail,40107.900643
2025-08-07T20:00:00+00:00,2025-08-08T01:00:00+00:00,long,3399.579,3384.647,3379.914,20.39557622,-310.665417,-0.774574,-0.774574,5,trail,39797.235226
2025-08-14T01:00:00+00:00,2025-08-14T03:00:00+00:00,long,3369.295,3355.7706,3355.7706,29.42624828,-406.800227,-1.022182,-1.022182,3,trail,39390.434999
2025-08-26T01:00:00+00:00,2025-08-26T01:00:00+00:00,long,3383.039,3373.1247,3373.1247,39.73092906,-405.823629,-1.030259,-1.030259,1,trail,38984.61137
2025-08-26T16:00:00+00:00,2025-08-27T03:00:00+00:00,long,3386.348,3380.485,3369.54,23.19408102,-142.945121,-0.366671,-0.366671,11,mid_exit,38841.666249
2025-08-27T17:00:00+00:00,2025-08-28T01:00:00+00:00,long,3395.205,3385.745,3383.2726,32.55142825,-317.70194,-0.817941,-0.817941,8,mid_exit,38523.964309
2025-08-28T12:00:00+00:00,2025-08-29T01:00:00+00:00,long,3403.895,3408.4422,3393.1426,35.828247,152.169731,0.395,0.395,13,trail,38676.13404
2025-08-29T14:00:00+00:00,2025-09-01T01:00:00+00:00,long,3428.425,3438.642,3418.3938,38.55583982,382.358263,0.988616,0.988616,11,trail,39058.492303
2025-09-01T03:00:00+00:00,2025-09-01T10:00:00+00:00,long,3483.225,3466.4043,3466.4043,23.2204916,-397.551071,-1.017835,-1.017835,8,trail,38660.941233
2025-09-02T02:00:00+00:00,2025-09-02T07:00:00+00:00,long,3497.265,3479.955,3479.8583,22.21037947,-391.124782,-1.011679,-1.011679,6,trail,38269.81645
2025-09-02T15:00:00+00:00,2025-09-03T23:00:00+00:00,long,3510.815,3554.9865,3491.3106,19.62111957,860.807947,2.249313,2.249313,31,trail,39130.624398
2025-09-05T04:00:00+00:00,2025-09-05T07:00:00+00:00,long,3558.185,3548.025,3538.4076,19.78552509,-206.956592,-0.528887,-0.528887,4,mid_exit,38923.667805
2025-09-05T13:00:00+00:00,2025-09-05T14:00:00+00:00,long,3580.195,3574.6657,3564.9334,25.50431659,-148.672313,-0.381959,-0.381959,2,trail,38774.995492
2025-09-05T16:00:00+00:00,2025-09-08T04:00:00+00:00,long,3591.785,3581.435,3571.0714,18.71958302,-199.363559,-0.514155,-0.514155,12,mid_exit,38575.631933
2025-09-08T09:00:00+00:00,2025-09-09T06:00:00+00:00,long,3611.005,3637.2853,3586.4842,15.73179991,408.716881,1.059521,1.059521,21,trail,38984.348815
2025-09-09T14:00:00+00:00,2025-09-09T14:00:00+00:00,long,3665.418,3648.0574,3648.0574,22.45564601,-396.580182,-1.017281,-1.017281,1,trail,38587.768633
2025-09-12T02:00:00+00:00,2025-09-12T15:00:00+00:00,long,3646.175,3644.285,3627.1194,20.25009374,-44.347705,-0.114927,-0.114927,14,mid_exit,38543.420927
2025-09-15T14:00:00+00:00,2025-09-16T15:00:00+00:00,long,3656.945,3681.0945,3642.8503,27.34603853,652.189346,1.69209,1.69209,25,trail,39195.610273
2025-09-19T14:00:00+00:00,2025-09-23T16:00:00+00:00,long,3663.045,3764.935,3647.7849,25.68502846,2609.342041,6.65723,6.65723,49,trail,41804.952314
2025-09-26T14:00:00+00:00,2025-09-26T20:00:00+00:00,long,3761.358,3762.2586,3741.1559,20.69336966,12.428438,0.02973,0.02973,7,trail,41817.380752
2025-09-29T01:00:00+00:00,2025-09-30T07:00:00+00:00,long,3786.895,3847.6053,3765.7382,19.76545638,1194.037149,2.855361,2.855361,30,trail,43011.417901
2025-10-01T09:00:00+00:00,2025-10-01T12:00:00+00:00,long,3892.665,3867.4134,3867.4134,17.03314558,-435.224123,-1.01188,-1.01188,4,trail,42576.193779
2025-10-02T10:00:00+00:00,2025-10-02T14:00:00+00:00,long,3878.935,3866.3193,3855.1427,17.89494659,-231.125762,-0.542852,-0.542852,5,trail,42345.068017
2025-10-03T13:00:00+00:00,2025-10-07T06:00:00+00:00,long,3873.678,3954.785,3853.234,20.71271181,1673.732103,3.952602,3.952602,40,mid_exit,44018.80012
2025-10-07T13:00:00+00:00,2025-10-07T15:00:00+00:00,long,3979.295,3961.7768,3955.6747,18.63600383,-332.060043,-0.75436,-0.75436,3,trail,43686.740076
2025-10-08T03:00:00+00:00,2025-10-08T22:00:00+00:00,long,4011.415,4031.734,3985.6592,16.96190376,339.560351,0.777262,0.777262,19,trail,44026.300428
2025-10-10T20:00:00+00:00,2025-10-14T05:00:00+00:00,long,4011.055,4139.6261,3973.6643,11.77466601,1510.349361,3.430562,3.430562,32,trail,45536.649789
2025-10-15T02:00:00+00:00,2025-10-15T09:00:00+00:00,long,4181.555,4172.695,4136.8285,10.18113418,-93.259189,-0.2048,-0.2048,8,trail,45443.3906
2025-10-16T02:00:00+00:00,2025-10-16T05:00:00+00:00,long,4230.008,4204.2949,4195.4879,13.16432762,-342.444971,-0.753564,-0.753564,4,trail,45100.945629
2025-10-16T15:00:00+00:00,2025-10-17T01:00:00+00:00,long,4263.055,4321.7547,4231.287,14.19697357,829.098997,1.838318,1.838318,10,trail,45930.044626
2025-10-20T12:00:00+00:00,2025-10-21T05:00:00+00:00,long,4278.905,4330.5607,4224.0106,8.36698181,429.692208,0.935536,0.935536,17,trail,46359.736834
2025-10-23T14:00:00+00:00,2025-10-23T22:00:00+00:00,long,4144.509,4115.598,4096.7828,9.713687,-283.746511,-0.612054,-0.612054,8,mid_exit,46075.990323
2025-10-29T08:00:00+00:00,2025-10-29T17:00:00+00:00,long,4001.385,3985.9072,3958.2039,10.6704068,-168.355544,-0.365387,-0.365387,10,trail,45907.634778
2025-10-30T23:00:00+00:00,2025-10-31T03:00:00+00:00,long,4037.448,3995.955,3989.8167,9.63812341,-402.806092,-0.877427,-0.877427,5,mid_exit,45504.828686
2025-11-06T08:00:00+00:00,2025-11-06T14:00:00+00:00,long,4005.398,3996.7187,3983.2987,20.59107243,-184.893417,-0.406316,-0.406316,7,trail,45319.93527
2025-11-10T01:00:00+00:00,2025-11-11T14:00:00+00:00,long,4020.045,4123.002,3993.6083,17.14281104,1759.829553,3.883125,3.883125,37,trail,47079.764823
2025-11-12T16:00:00+00:00,2025-11-13T14:00:00+00:00,long,4181.095,4209.4925,4155.5734,18.44702715,518.315345,1.10093,1.10093,22,trail,47598.080169
2025-11-18T18:00:00+00:00,2025-11-19T15:00:00+00:00,long,4071.425,4097.9507,4029.8774,11.4562767,300.448876,0.631221,0.631221,21,trail,47898.529044
2025-11-21T17:00:00+00:00,2025-11-21T20:00:00+00:00,long,4099.619,4060.1981,4060.1981,12.15054173,-482.630453,-1.00761,-1.00761,4,trail,47415.898591
2025-11-24T17:00:00+00:00,2025-11-25T08:00:00+00:00,long,4096.975,4121.0584,4066.5411,15.57996136,370.544453,0.781477,0.781477,15,trail,47786.443044
2025-11-26T03:00:00+00:00,2025-11-26T14:00:00+00:00,long,4161.745,4145.6829,4129.3253,14.73993993,-241.176371,-0.504696,-0.504696,12,trail,47545.266673
2025-11-28T01:00:00+00:00,2025-11-28T07:00:00+00:00,long,4180.405,4173.1933,4163.1473,27.55017567,-206.948655,-0.435267,-0.435267,7,trail,47338.318019
2025-11-28T15:00:00+00:00,2025-12-01T05:00:00+00:00,long,4197.765,4222.4064,4174.5435,20.38555564,496.212964,1.048227,1.048227,12,trail,47834.530983
2025-12-03T14:00:00+00:00,2025-12-03T14:00:00+00:00,long,4237.025,4213.8993,4213.8993,20.68457646,-484.550683,-1.012973,-1.012973,1,trail,47349.9803
2025-12-04T17:00:00+00:00,2025-12-05T16:00:00+00:00,long,4215.575,4224.1454,4191.0937,19.3412851,159.960164,0.337825,0.337825,23,trail,47509.940464
2025-12-09T11:00:00+00:00,2025-12-10T04:00:00+00:00,long,4203.795,4206.825,4180.4646,20.3639631,55.593619,0.117015,0.117015,17,mid_exit,47565.534083
2025-12-10T21:00:00+00:00,2025-12-11T03:00:00+00:00,long,4229.205,4213.0676,4207.7112,22.12988587,-363.757786,-0.764751,-0.764751,6,trail,47201.776297
2025-12-11T16:00:00+00:00,2025-12-12T15:00:00+00:00,long,4255.825,4319.8714,4226.0753,15.86630329,1011.419716,2.142758,2.142758,23,trail,48213.196013
2025-12-16T15:00:00+00:00,2025-12-16T16:00:00+00:00,long,4324.305,4298.2647,4298.2647,18.51483893,-487.686412,-1.011521,-1.011521,2,trail,47725.509602
2025-12-17T14:00:00+00:00,2025-12-18T07:00:00+00:00,long,4341.878,4331.205,4316.4709,18.78431997,-206.120343,-0.431887,-0.431887,17,mid_exit,47519.389259
2025-12-18T17:00:00+00:00,2025-12-18T17:00:00+00:00,long,4360.195,4338.7117,4338.7117,22.11922249,-481.829659,-1.013964,-1.013964,1,trail,47037.559599
2025-12-19T16:00:00+00:00,2025-12-23T14:00:00+00:00,long,4347.595,4468.3622,4326.7146,22.5271353,2713.780914,5.769391,5.769391,45,trail,49751.340513
2025-12-24T01:00:00+00:00,2025-12-24T02:00:00+00:00,long,4511.748,4486.2423,4480.6973,16.02261479,-413.474791,-0.831083,-0.831083,2,trail,49337.865723
2025-12-26T01:00:00+00:00,2025-12-26T17:00:00+00:00,long,4517.375,4514.4016,4481.3764,13.70549569,-44.86357,-0.090931,-0.090931,17,trail,49293.002153
2025-12-30T13:00:00+00:00,2025-12-30T14:00:00+00:00,long,4401.065,4359.6472,4359.6472,11.90140523,-496.500443,-1.007243,-1.007243,2,trail,48796.50171
2026-01-02T03:00:00+00:00,2026-01-02T13:00:00+00:00,long,4362.555,4365.51,4314.1363,10.07802806,26.757164,0.054834,0.054834,11,trail,48823.258874
2026-01-06T04:00:00+00:00,2026-01-06T09:00:00+00:00,long,4467.298,4446.055,4435.5743,15.39015275,-331.550061,-0.679082,-0.679082,6,mid_exit,48491.708814
2026-01-06T15:00:00+00:00,2026-01-07T01:00:00+00:00,long,4487.255,4462.7706,4457.2262,16.14840047,-400.228417,-0.825354,-0.825354,10,trail,48091.480397
2026-01-08T21:00:00+00:00,2026-01-09T12:00:00+00:00,long,4475.835,4465.685,4444.823,15.50737792,-162.052099,-0.336966,-0.336966,15,mid_exit,47929.428298
2026-01-09T14:00:00+00:00,2026-01-09T17:00:00+00:00,long,4482.178,4483.8958,4457.8901,19.7338709,27.978682,0.058375,0.058375,4,trail,47957.40698
2026-01-12T00:00:00+00:00,2026-01-12T20:00:00+00:00,long,4539.775,4593.555,4511.0431,16.6913455,892.653157,1.861346,1.861346,21,mid_exit,48850.060137
2026-01-13T15:00:00+00:00,2026-01-13T16:00:00+00:00,long,4629.075,4598.7727,4598.7727,16.12090836,-493.336874,-1.0099,-1.0099,2,trail,48356.723264
2026-01-14T07:00:00+00:00,2026-01-14T14:00:00+00:00,long,4637.055,4607.2956,4601.7856,13.71067363,-412.134623,-0.85228,-0.85228,8,trail,47944.588641
2026-01-19T00:00:00+00:00,2026-01-19T23:00:00+00:00,long,4672.375,4665.135,4634.6128,12.69645006,-95.731233,-0.199671,-0.199671,21,mid_exit,47848.857407
2026-01-20T04:00:00+00:00,2026-01-21T15:00:00+00:00,long,4679.965,4835.7349,4658.8209,22.62988607,3518.266124,7.352874,7.352874,35,trail,51367.123532
2026-01-22T16:00:00+00:00,2026-01-23T08:00:00+00:00,long,4871.645,4923.0435,4816.5722,9.32713128,476.602417,0.927836,0.927836,16,trail,51843.725949
2026-01-23T17:00:00+00:00,2026-01-26T18:00:00+00:00,long,4980.165,5068.685,4936.756,11.9430823,1053.61872,2.032297,2.032297,25,mid_exit,52897.344669
2026-01-27T21:00:00+00:00,2026-01-29T15:00:00+00:00,long,5176.748,5456.4373,5126.5759,10.54317931,2945.651487,5.568619,5.568619,41,trail,55842.996157
2026-02-03T02:00:00+00:00,2026-02-04T14:00:00+00:00,long,4840.795,4989.6399,4638.6594,2.76265023,410.377602,0.734877,0.734877,36,trail,56253.373759
2026-02-06T15:00:00+00:00,2026-02-09T23:00:00+00:00,long,4947.038,5017.3359,4840.2419,5.26736218,368.704291,0.655435,0.655435,31,trail,56622.07805
2026-02-11T11:00:00+00:00,2026-02-11T12:00:00+00:00,long,5093.015,5064.2612,5044.0939,11.5741629,-336.273414,-0.593891,-0.593891,2,trail,56285.804636
2026-02-13T18:00:00+00:00,2026-02-16T02:00:00+00:00,long,5020.745,4994.405,4955.1271,8.57781255,-228.512926,-0.405987,-0.405987,8,mid_exit,56057.291709
2026-02-18T14:00:00+00:00,2026-02-19T00:00:00+00:00,long,4954.285,4961.8051,4914.4807,14.08322511,101.682294,0.18139,0.18139,10,trail,56158.974003
2026-02-20T07:00:00+00:00,2026-02-20T15:00:00+00:00,long,5020.365,5016.6666,4980.7512,14.17661875,-56.683792,-0.100935,-0.100935,9,trail,56102.29021
2026-02-20T17:00:00+00:00,2026-02-24T01:00:00+00:00,long,5065.968,5191.5237,5022.5236,12.91358385,1617.499984,2.883126,2.883126,31,trail,57719.790195
2026-02-25T06:00:00+00:00,2026-02-25T20:00:00+00:00,long,5201.298,5166.9553,5152.489,11.8256449,-409.672269,-0.70976,-0.70976,15,trail,57310.117926
2026-02-27T14:00:00+00:00,2026-03-02T01:00:00+00:00,long,5222.575,5339.4757,5189.5926,17.37596959,2026.050217,3.53524,3.53524,11,trail,59336.168143
2026-03-06T19:00:00+00:00,2026-03-08T22:00:00+00:00,long,5160.558,5120.5546,5104.7209,10.6266565,-428.290387,-0.721803,-0.721803,4,trail,58907.877755
2026-03-09T20:00:00+00:00,2026-03-10T18:00:00+00:00,long,5140.765,5180.1195,5067.7516,8.0680913,315.095272,0.534895,0.534895,22,trail,59222.973027
2026-03-17T05:00:00+00:00,2026-03-17T06:00:00+00:00,long,5037.675,5009.735,4992.5903,13.13593592,-370.95883,-0.626377,-0.626377,2,mid_exit,58852.014197
2026-08-07T07:00:00+00:00,2026-08-10T01:00:00+00:00,long,4297.035,4323.343,4259.97,15.8780559,412.956478,0.701686,0.701686,18,trail,59264.970675
2026-08-10T07:00:00+00:00,2026-08-10T10:00:00+00:00,long,4357.835,4335.535,4317.77,14.79220534,-334.303841,-0.564083,-0.564083,4,mid_exit,58930.666834
2026-08-10T16:00:00+00:00,2026-08-11T05:00:00+00:00,long,4358.205,4394.9868,4326.131,18.37334503,670.292699,1.137426,1.137426,13,trail,59600.959533
2026-08-12T03:00:00+00:00,2026-08-12T12:00:00+00:00,long,4410.755,4384.402,4378.126,18.2662538,-486.850463,-0.81685,-0.81685,10,trail,59114.10907
2026-08-14T14:00:00+00:00,2026-08-17T12:00:00+00:00,long,4384.205,4384.625,4353.46,19.22722689,2.307267,0.003903,0.003903,22,mid_exit,59116.416337
2026-08-17T15:00:00+00:00,2026-08-18T01:00:00+00:00,long,4417.245,4404.51,4387.311,19.74891974,-257.427169,-0.435458,-0.435458,10,trail,58858.989169
2026-08-19T13:00:00+00:00,2026-08-20T05:00:00+00:00,long,4438.515,4480.3438,4410.2665,20.83614676,865.300171,1.470124,1.470124,16,trail,59724.28934
2026-08-20T20:00:00+00:00,2026-08-24T17:00:00+00:00,long,4528.305,4636.355,4491.705,16.31811184,1758.276551,2.943989,2.943989,44,mid_exit,61482.565891
2026-08-25T00:00:00+00:00,2026-08-25T02:00:00+00:00,long,4679.875,4644.141,4639.038,15.05560298,-542.513598,-0.882386,-0.882386,3,trail,60940.052293
2026-08-25T23:00:00+00:00,2026-08-26T00:00:00+00:00,long,4671.135,4637.285,4630.913,15.15092544,-517.404104,-0.849038,-0.849038,2,mid_exit,60422.648189
2026-09-02T14:00:00+00:00,2026-09-03T13:00:00+00:00,long,4384.845,4460.022,4349.408,17.05072331,1276.707009,2.112961,2.112961,23,trail,61699.355199
2026-09-03T15:00:00+00:00,2026-09-04T03:00:00+00:00,long,4485.145,4466.785,4448.853,17.00081428,-317.235195,-0.514163,-0.514163,12,mid_exit,61382.120004
2026-09-08T00:00:00+00:00,2026-09-08T06:00:00+00:00,long,4422.615,4409.079,4394.833,22.09420488,-305.695419,-0.49802,-0.49802,7,trail,61076.424585
2026-09-10T03:00:00+00:00,2026-09-10T08:00:00+00:00,long,4419.167,4394.9443,4383.4927,17.12056707,-419.84253,-0.687405,-0.687405,6,trail,60656.582055
2026-09-11T13:00:00+00:00,2026-09-11T16:00:00+00:00,long,4388.205,4357.1984,4352.6881,17.07823094,-534.661345,-0.881456,-0.881456,4,trail,60121.92071
2026-09-16T03:00:00+00:00,2026-09-16T18:00:00+00:00,long,4321.365,4323.651,4291.4171,20.0755047,39.869952,0.066315,0.066315,16,trail,60161.790663
2026-09-18T07:00:00+00:00,2026-09-18T12:00:00+00:00,long,4393.015,4357.968,4356.853,16.63674317,-588.058961,-0.977463,-0.977463,6,trail,59573.731702
2026-09-22T00:00:00+00:00,2026-09-22T01:00:00+00:00,long,4368.392,4348.335,4337.487,19.27640566,-392.40979,-0.658696,-0.658696,2,mid_exit,59181.321912
