entry_time_utc,exit_time_utc,side,entry_price,exit_price,stop_init,size_oz,pnl_usd,pnl_R,return_pct,bars_held,exit_reason,equity_after
2010-02-22T01:00:00+00:00,2010-02-22T07:00:00+00:00,long,1128.956,1122.1115,1122.1115,14.61027102,-104.383081,-1.043831,-1.043831,7,stop,9895.616919
2010-02-26T08:00:00+00:00,2010-03-01T01:00:00+00:00,long,1110.464,1114.969,1101.8613,11.50291992,48.369778,0.4888,0.4888,26,donch_exit,9943.986697
2010-03-01T08:00:00+00:00,2010-03-01T10:00:00+00:00,long,1120.291,1117.1764,1117.1764,31.92701052,-109.01797,-1.096321,-1.096321,3,stop,9834.968727
2010-03-02T13:00:00+00:00,2010-03-03T23:00:00+00:00,long,1123.718,1138.4519,1117.764,16.5182545,238.422834,2.424236,2.424236,35,stop,10073.39156
2010-03-05T15:00:00+00:00,2010-03-05T18:00:00+00:00,long,1135.937,1133.4511,1131.6292,23.38407438,-65.145693,-0.646711,-0.646711,4,stop,10008.245868
2010-03-08T08:00:00+00:00,2010-03-08T10:00:00+00:00,long,1137.113,1133.9465,1133.9465,31.60665046,-109.564454,-1.094742,-1.094742,3,stop,9898.681414
2010-03-10T04:00:00+00:00,2010-03-10T14:00:00+00:00,long,1123.977,1120.5291,1116.8331,13.85613098,-51.931393,-0.524629,-0.524629,11,stop,9846.75002
2010-03-12T00:00:00+00:00,2010-03-12T13:00:00+00:00,long,1110.343,1112.4076,1104.3328,16.38339826,28.910145,0.293601,0.293601,14,stop,9875.660165
2010-03-16T04:00:00+00:00,2010-03-17T12:00:00+00:00,long,1110.324,1126.3246,1105.1466,19.07455511,299.48196,3.032526,3.032526,33,stop,10175.142125
2010-04-01T13:00:00+00:00,2010-04-02T01:00:00+00:00,long,1123.605,1122.704,1119.2161,23.18380944,-27.843755,-0.273645,-0.273645,13,donch_exit,10147.29837
2010-04-04T23:00:00+00:00,2010-04-06T03:00:00+00:00,long,1124.923,1127.081,1120.6494,23.74414632,44.116624,0.434762,0.434762,29,donch_exit,10191.414994
2010-04-06T15:00:00+00:00,2010-04-08T01:00:00+00:00,long,1136.86,1145.8428,1131.7265,19.85276126,172.377555,1.6914,1.6914,35,stop,10363.792549
2010-04-08T16:00:00+00:00,2010-04-09T13:00:00+00:00,long,1152.26,1153.1701,1146.4577,17.86152483,10.897316,0.105148,0.105148,22,stop,10374.689866
2010-04-09T15:00:00+00:00,2010-04-11T21:00:00+00:00,long,1158.524,1158.688,1154.4022,25.17028935,-3.423159,-0.032995,-0.032995,16,donch_exit,10371.266706
2010-04-11T23:00:00+00:00,2010-04-12T09:00:00+00:00,long,1165.997,1162.1046,1162.1046,26.64491498,-111.706142,-1.077073,-1.077073,11,stop,10259.560565
2010-04-14T09:00:00+00:00,2010-04-14T13:00:00+00:00,long,1158.647,1154.1293,1152.4249,16.48890337,-79.43859,-0.774288,-0.774288,5,stop,10180.121975
2010-04-15T15:00:00+00:00,2010-04-16T01:00:00+00:00,long,1158.718,1154.1579,1152.8903,17.46850726,-84.898692,-0.833965,-0.833965,11,stop,10095.223283
2010-04-20T08:00:00+00:00,2010-04-20T15:00:00+00:00,long,1140.813,1139.6847,1135.1895,17.95185077,-25.640628,-0.253988,-0.253988,8,stop,10069.582654
2010-04-21T17:00:00+00:00,2010-04-22T09:00:00+00:00,long,1149.272,1143.9582,1143.9582,18.94987138,-106.380788,-1.056457,-1.056457,17,stop,9963.201866
2010-04-23T15:00:00+00:00,2010-04-25T23:00:00+00:00,long,1152.852,1153.685,1147.4341,18.38941632,9.801559,0.098378,0.098378,18,donch_exit,9973.003425
2010-04-26T02:00:00+00:00,2010-04-26T07:00:00+00:00,long,1158.535,1155.5194,1153.9688,21.84092555,-72.415773,-0.726118,-0.726118,6,stop,9900.587652
2010-04-27T15:00:00+00:00,2010-04-28T05:00:00+00:00,long,1157.568,1163.2504,1152.7778,20.6684223,111.245716,1.123627,1.123627,15,stop,10011.833369
2010-04-30T01:00:00+00:00,2010-05-02T21:00:00+00:00,long,1174.033,1177.102,1168.1097,16.90245871,46.802908,0.467476,0.467476,30,donch_exit,10058.636277
2010-05-03T11:00:00+00:00,2010-05-03T14:00:00+00:00,long,1180.398,1181.6215,1177.5198,34.94766269,32.274166,0.32086,0.32086,4,stop,10090.910443
2010-05-04T13:00:00+00:00,2010-05-04T13:00:00+00:00,long,1189.965,1184.8317,1184.8317,19.65774539,-106.806428,-1.058442,-1.058442,1,stop,9984.104015
2010-05-05T16:00:00+00:00,2010-05-06T12:00:00+00:00,long,1174.783,1177.2914,1166.641,12.26247116,27.080441,0.271236,0.271236,21,stop,10011.184457
2010-05-06T15:00:00+00:00,2010-05-07T02:00:00+00:00,long,1184.878,1197.6283,1178.063,14.68992584,182.893984,1.826897,1.826897,12,stop,10194.07844
2010-05-07T17:00:00+00:00,2010-05-09T22:00:00+00:00,long,1210.684,1200.8739,1200.8739,10.39141134,-105.058208,-1.030581,-1.030581,15,stop,10089.020232
2010-05-11T05:00:00+00:00,2010-05-11T15:00:00+00:00,long,1203.982,1215.385,1196.0545,12.7266102,141.303553,1.400568,1.400568,11,stop,10230.323785
2010-05-11T19:00:00+00:00,2010-05-12T22:00:00+00:00,long,1228.426,1235.1683,1221.0497,13.86918073,89.349423,0.873378,0.873378,28,stop,10319.673208
2010-05-14T10:00:00+00:00,2010-05-14T13:00:00+00:00,long,1244.258,1240.8986,1237.4801,15.2254728,-55.716095,-0.539902,-0.539902,4,stop,10263.957113
2010-05-17T03:00:00+00:00,2010-05-17T06:00:00+00:00,long,1238.265,1236.3465,1231.4037,14.95920177,-33.186989,-0.323335,-0.323335,4,stop,10230.770124
2010-05-18T19:00:00+00:00,2010-05-18T20:00:00+00:00,long,1227.284,1219.7233,1219.7233,13.5315118,-106.367155,-1.039679,-1.039679,2,stop,10124.402969
2010-05-24T03:00:00+00:00,2010-05-24T08:00:00+00:00,long,1184.51,1184.457,1180.4912,25.19260219,-8.892989,-0.087837,-0.087837,6,stop,10115.509981
2010-05-24T16:00:00+00:00,2010-05-25T00:00:00+00:00,long,1192.15,1188.162,1185.5938,15.42892221,-66.159218,-0.654037,-0.654037,9,stop,10049.350762
2010-05-25T14:00:00+00:00,2010-05-27T07:00:00+00:00,long,1197.31,1210.9304,1189.1352,12.29308456,163.748804,1.629447,1.629447,42,stop,10213.099566
2010-05-31T15:00:00+00:00,2010-06-01T04:00:00+00:00,long,1216.124,1216.6419,1212.6413,29.32523492,6.389969,0.062566,0.062566,14,stop,10219.489535
2010-06-01T09:00:00+00:00,2010-06-02T01:00:00+00:00,long,1222.266,1221.1996,1217.5914,21.86174119,-29.871883,-0.292303,-0.292303,17,stop,10189.617651
2010-06-04T16:00:00+00:00,2010-06-06T21:00:00+00:00,long,1212.37,1217.868,1204.3075,12.63828546,65.693808,0.644713,0.644713,16,donch_exit,10255.311459
2010-06-07T15:00:00+00:00,2010-06-08T18:00:00+00:00,long,1231.668,1239.6984,1226.4367,19.60375329,151.544854,1.477721,1.477721,28,stop,10406.856314
2010-06-11T13:00:00+00:00,2010-06-11T13:00:00+00:00,long,1227.505,1221.5185,1221.5185,17.38387424,-109.283725,-1.050113,-1.050113,1,stop,10297.572588
2010-06-14T07:00:00+00:00,2010-06-14T09:00:00+00:00,long,1232.495,1229.5433,1229.5433,34.8869214,-113.441802,-1.101636,-1.101636,3,stop,10184.130786
2010-06-15T13:00:00+00:00,2010-06-16T16:00:00+00:00,long,1225.506,1229.5208,1220.4839,20.27863003,75.331055,0.739691,0.739691,28,stop,10259.461841
2010-06-17T11:00:00+00:00,2010-06-18T02:00:00+00:00,long,1235.828,1241.4867,1230.3093,18.59035976,99.620161,0.971008,0.971008,16,stop,10359.082002
2010-06-18T12:00:00+00:00,2010-06-21T02:00:00+00:00,long,1256.165,1255.2354,1251.076,20.35583023,-25.029529,-0.241619,-0.241619,24,stop,10334.052473
2010-06-21T07:00:00+00:00,2010-06-21T08:00:00+00:00,long,1260.717,1261.1172,1257.8103,35.55252511,3.562363,0.034472,0.034472,2,stop,10337.614836
2010-06-22T15:00:00+00:00,2010-06-23T12:00:00+00:00,long,1241.004,1238.6924,1234.7569,16.54786195,-43.216396,-0.41805,-0.41805,22,stop,10294.39844
2010-06-24T15:00:00+00:00,2010-06-24T19:00:00+00:00,long,1242.429,1239.1721,1235.5843,15.03995564,-53.495618,-0.519658,-0.519658,5,stop,10240.902821
2010-06-25T12:00:00+00:00,2010-06-28T03:00:00+00:00,long,1251.377,1254.6675,1245.0558,16.20088404,48.448744,0.473091,0.473091,26,stop,10289.351565
2010-06-28T14:00:00+00:00,2010-06-28T14:00:00+00:00,long,1260.173,1255.6258,1255.6258,22.62788434,-109.681881,-1.065975,-1.065975,1,stop,10179.669684
2010-06-29T17:00:00+00:00,2010-06-30T12:00:00+00:00,long,1242.545,1238.5905,1234.8633,13.25184488,-56.379974,-0.553849,-0.553849,20,stop,10123.28971
2010-08-13T05:00:00+00:00,2010-08-13T12:00:00+00:00,long,1214.975,1212.1375,1209.4412,18.29355906,-57.396042,-0.56697,-0.56697,8,stop,10065.893669
2010-08-16T03:00:00+00:00,2010-08-16T15:00:00+00:00,long,1218.601,1221.2677,1215.9554,38.04767791,90.047439,0.89458,0.89458,13,stop,10155.941108
2010-08-18T16:00:00+00:00,2010-08-19T15:00:00+00:00,long,1227.557,1230.5581,1223.295,23.82904999,64.364647,0.633763,0.633763,24,stop,10220.305755
2010-08-23T05:00:00+00:00,2010-08-23T07:00:00+00:00,long,1229.542,1226.895,1226.895,38.61090198,-113.786328,-1.113336,-1.113336,3,stop,10106.519427
2010-08-24T15:00:00+00:00,2010-08-25T12:00:00+00:00,long,1232.054,1231.7576,1225.9709,16.61409384,-9.908646,-0.098042,-0.098042,22,stop,10096.610781
2010-08-26T06:00:00+00:00,2010-08-26T12:00:00+00:00,long,1241.006,1238.4969,1235.4076,18.03481491,-50.661599,-0.501768,-0.501768,7,stop,10045.949182
2010-08-27T13:00:00+00:00,2010-08-27T14:00:00+00:00,long,1238.883,1234.0676,1234.0676,20.86212814,-106.71813,-1.0623,-1.0623,2,stop,9939.231052
2010-08-31T13:00:00+00:00,2010-09-01T12:00:00+00:00,long,1242.906,1248.9199,1239.3128,27.66122412,158.053469,1.590198,1.590198,24,stop,10097.284521
2010-09-02T14:00:00+00:00,2010-09-03T12:00:00+00:00,long,1249.851,1248.9382,1245.6159,23.84190343,-28.91546,-0.286369,-0.286369,23,stop,10068.36906
2010-09-06T08:00:00+00:00,2010-09-07T00:00:00+00:00,long,1249.651,1247.3285,1247.3285,40.28472374,-105.646688,-1.129171,-1.049293,17,stop,9962.722372
2010-09-07T13:00:00+00:00,2010-09-07T21:00:00+00:00,long,1257.005,1253.912,1253.912,32.2105476,-109.290388,-1.096993,-1.096993,9,stop,9853.431984
2010-09-08T07:00:00+00:00,2010-09-08T12:00:00+00:00,long,1259.567,1255.8598,1254.6872,20.19228654,-80.914531,-0.821181,-0.821181,6,stop,9772.517454
2010-09-14T00:00:00+00:00,2010-09-14T19:00:00+00:00,long,1248.148,1267.409,1242.7592,18.1348676,343.855225,3.518594,3.518594,20,stop,10116.372678
2010-09-16T10:00:00+00:00,2010-09-16T13:00:00+00:00,long,1271.641,1271.3839,1266.6781,20.3839946,-11.355923,-0.112253,-0.112253,4,stop,10105.016755
2010-09-17T06:00:00+00:00,2010-09-17T12:00:00+00:00,long,1278.829,1275.5271,1273.0747,17.56080975,-63.252281,-0.625949,-0.625949,7,stop,10041.764474
2010-09-20T05:00:00+00:00,2010-09-20T10:00:00+00:00,long,1279.914,1278.558,1276.6754,31.0064981,-51.346761,-0.511332,-0.511332,6,stop,9990.417713
2010-09-21T20:00:00+00:00,2010-09-23T12:00:00+00:00,long,1287.574,1287.6282,1280.3808,13.88869726,-3.413842,-0.034171,-0.034171,41,stop,9987.003872
2010-09-24T09:00:00+00:00,2010-09-24T15:00:00+00:00,long,1296.988,1294.0511,1291.8418,19.40655993,-62.817094,-0.628988,-0.628988,7,stop,9924.186778
2010-09-27T06:00:00+00:00,2010-09-27T07:00:00+00:00,long,1298.086,1296.7691,1295.8848,38.22622992,-61.807991,-0.734554,-0.622802,2,stop,9862.378787
2010-09-28T15:00:00+00:00,2010-09-29T08:00:00+00:00,long,1305.571,1306.212,1299.32,15.77728169,5.380053,0.054551,0.054551,18,donch_exit,9867.75884
2010-09-30T08:00:00+00:00,2010-09-30T13:00:00+00:00,long,1311.915,1310.4354,1306.6616,18.78356653,-33.427235,-0.338752,-0.338752,6,stop,9834.331605
2010-10-01T10:00:00+00:00,2010-10-04T00:00:00+00:00,long,1315.308,1315.4672,1308.24,13.91388173,-1.959075,-0.019921,-0.019921,24,stop,9832.37253
2010-10-05T08:00:00+00:00,2010-10-07T09:00:00+00:00,long,1326.422,1354.144,1321.584,20.3232173,557.303265,5.668045,5.668045,50,stop,10389.675795
2010-10-08T15:00:00+00:00,2010-10-11T07:00:00+00:00,long,1347.133,1347.9247,1337.9498,11.31378582,5.562988,0.053543,0.053543,24,stop,10395.238783
2010-10-11T23:00:00+00:00,2010-10-12T01:00:00+00:00,long,1353.917,1347.4432,1347.4432,16.05739872,-108.769607,-1.046341,-1.046341,3,stop,10286.469176
2010-10-13T01:00:00+00:00,2010-10-14T10:00:00+00:00,long,1353.016,1376.6445,1345.3489,13.41637539,312.983913,3.042676,3.042676,34,stop,10599.453089
2010-10-18T15:00:00+00:00,2010-10-18T22:00:00+00:00,long,1371.292,1366.3917,1364.3454,15.25847622,-79.348654,-0.748611,-0.748611,8,stop,10520.104435
2010-10-20T17:00:00+00:00,2010-10-21T04:00:00+00:00,long,1345.83,1340.3534,1337.807,13.1124323,-75.745276,-0.720005,-0.720005,12,stop,10444.359159
2010-10-23T00:00:00+00:00,2010-10-24T21:00:00+00:00,long,1327.997,1326.474,1320.8499,14.61342245,-26.640269,-0.255068,-0.255068,7,donch_exit,10417.71889
2010-10-24T23:00:00+00:00,2010-10-25T07:00:00+00:00,long,1331.533,1343.248,1326.9434,22.6985334,259.103759,2.487145,2.487145,9,stop,10676.822649
2010-10-26T23:00:00+00:00,2010-10-27T03:00:00+00:00,long,1342.888,1335.3379,1335.3379,14.14129965,-111.010616,-1.039735,-1.039735,5,stop,10565.812032
2010-10-28T12:00:00+00:00,2010-10-29T09:00:00+00:00,long,1329.017,1335.9211,1322.6555,16.60899478,109.687462,1.038136,1.038136,22,stop,10675.499495
2010-10-29T12:00:00+00:00,2010-10-29T13:00:00+00:00,long,1346.553,1342.3523,1339.4388,15.00590298,-67.537068,-0.632636,-0.632636,2,stop,10607.962427
2010-10-29T17:00:00+00:00,2010-11-01T00:00:00+00:00,long,1357.162,1358.3952,1349.6054,14.03800972,13.100271,0.123495,0.123495,18,stop,10621.062698
2010-11-03T10:00:00+00:00,2010-11-03T12:00:00+00:00,long,1357.576,1357.9385,1351.9037,18.72443753,1.170277,0.011018,0.011018,3,stop,10622.232975
2010-11-04T10:00:00+00:00,2010-11-05T07:00:00+00:00,long,1363.808,1384.322,1351.77,8.8239184,178.366687,1.679183,1.679183,22,donch_exit,10800.599662
2010-11-05T15:00:00+00:00,2010-11-05T16:00:00+00:00,long,1395.84,1387.0801,1387.0801,12.32959242,-111.704874,-1.034247,-1.034247,2,stop,10688.894788
2010-11-08T17:00:00+00:00,2010-11-09T18:00:00+00:00,long,1399.431,1413.11,1392.9257,16.43105589,219.831097,2.056631,2.056631,26,stop,10908.725884
2010-11-11T09:00:00+00:00,2010-11-11T14:00:00+00:00,long,1410.772,1405.2583,1399.6751,9.83042641,-57.15115,-0.523903,-0.523903,6,stop,10851.574734
2010-11-23T15:00:00+00:00,2010-11-24T15:00:00+00:00,long,1376.822,1370.7875,1368.9918,13.85861758,-87.787413,-0.808983,-0.808983,25,stop,10763.787321
2010-11-29T08:00:00+00:00,2010-11-29T10:00:00+00:00,long,1366.504,1360.8386,1360.8386,18.99916567,-113.337623,-1.052953,-1.052953,3,stop,10650.449698
2010-11-30T10:00:00+00:00,2010-12-01T13:00:00+00:00,long,1375.788,1388.1935,1368.33,14.28057079,172.87345,1.623156,1.623156,28,stop,10823.323148
2010-12-02T17:00:00+00:00,2010-12-02T17:00:00+00:00,long,1397.717,1391.9085,1391.9085,18.63359413,-113.82331,-1.051648,-1.051648,1,stop,10709.499838
2010-12-03T14:00:00+00:00,2010-12-06T08:00:00+00:00,long,1398.092,1411.9074,1391.4486,16.12051034,217.875145,2.03441,2.03441,24,stop,10927.374984
2010-12-06T21:00:00+00:00,2010-12-07T14:00:00+00:00,long,1424.801,1422.1982,1417.3776,14.72017537,-42.729725,-0.391034,-0.391034,18,stop,10884.645259
2010-12-09T15:00:00+00:00,2010-12-09T15:00:00+00:00,long,1392.647,1385.5665,1385.5665,15.3727071,-113.458265,-1.04237,-1.04237,1,stop,10771.186994
2010-12-13T06:00:00+00:00,2010-12-14T13:00:00+00:00,long,1388.439,1400.7757,1383.8601,23.52352529,283.145617,2.628732,2.628732,32,stop,11054.332611
2010-12-21T08:00:00+00:00,2010-12-21T14:00:00+00:00,long,1388.629,1386.244,1382.9199,19.36265368,-51.988725,-0.470302,-0.470302,7,stop,11002.343886
2010-12-27T06:00:00+00:00,2010-12-27T10:00:00+00:00,long,1384.762,1381.7209,1381.7209,36.17882965,-120.877088,-1.098649,-1.098649,5,stop,10881.466798
2010-12-28T02:00:00+00:00,2010-12-29T10:00:00+00:00,long,1388.479,1402.5858,1383.8377,23.44486846,323.69861,2.97477,2.97477,33,stop,11205.165408
2010-12-29T16:00:00+00:00,2010-12-30T13:00:00+00:00,long,1410.938,1409.0754,1406.2629,23.96775557,-51.832668,-0.462578,-0.462578,22,stop,11153.33274
2010-12-31T11:00:00+00:00,2011-01-02T23:00:00+00:00,long,1412.3,1416.929,1407.4249,22.87816196,99.039563,0.887982,0.887982,21,stop,11252.372303
2011-01-03T13:00:00+00:00,2011-01-03T13:00:00+00:00,long,1422.615,1419.1693,1419.1693,32.65627391,-122.320605,-1.087065,-1.087065,1,stop,11130.051697
2011-01-13T14:00:00+00:00,2011-01-13T14:00:00+00:00,long,1391.949,1386.6621,1386.6621,21.05213206,-117.616157,-1.056744,-1.056744,1,stop,11012.435541
2011-02-16T09:00:00+00:00,2011-02-16T10:00:00+00:00,long,1377.269,1372.8666,1372.8666,25.01461826,-117.628741,-1.068145,-1.068145,2,stop,10894.8068
2011-02-18T05:00:00+00:00,2011-02-18T13:00:00+00:00,long,1384.93,1382.6233,1380.7615,26.13603646,-68.128806,-0.625333,-0.625333,9,stop,10826.677994
2011-02-21T01:00:00+00:00,2011-02-22T02:00:00+00:00,long,1392.626,1405.3397,1387.1409,19.73834204,245.025857,2.263167,2.263167,26,stop,11071.70385
2011-02-23T15:00:00+00:00,2011-02-23T19:00:00+00:00,long,1407.892,1409.0491,1402.8153,21.80885979,18.692374,0.16883,0.16883,5,stop,11090.396224
2011-02-24T13:00:00+00:00,2011-02-24T15:00:00+00:00,long,1417.366,1411.1551,1411.1551,17.85634324,-116.260865,-1.048302,-1.048302,3,stop,10974.135359
2011-02-28T00:00:00+00:00,2011-02-28T08:00:00+00:00,long,1413.642,1411.363,1407.8331,18.89193369,-48.722297,-0.443974,-0.443974,9,stop,10925.413062
2011-03-01T11:00:00+00:00,2011-03-02T03:00:00+00:00,long,1418.769,1427.8527,1413.0571,19.12745857,168.009858,1.53779,1.53779,17,stop,11093.42292
2011-03-02T14:00:00+00:00,2011-03-02T19:00:00+00:00,long,1435.036,1434.2158,1429.7538,21.00152005,-23.525903,-0.212071,-0.212071,6,stop,11069.897017
2011-03-04T15:00:00+00:00,2011-03-07T14:00:00+00:00,long,1425.83,1437.7104,1420.5085,20.80221181,240.897934,2.176153,2.176153,31,stop,11310.794951
2011-03-09T12:00:00+00:00,2011-03-09T16:00:00+00:00,long,1433.58,1428.5221,1427.3547,18.16907611,-97.348093,-0.860665,-0.860665,5,stop,11213.446858
2011-03-11T17:00:00+00:00,2011-03-14T02:00:00+00:00,long,1421.264,1422.7779,1413.0718,13.68795544,16.615809,0.148178,0.148178,19,stop,11230.062667
2011-03-17T15:00:00+00:00,2011-03-18T17:00:00+00:00,long,1403.77,1413.6482,1395.2862,13.23706672,126.787272,1.128999,1.128999,27,stop,11356.849939
2011-03-20T23:00:00+00:00,2011-03-21T13:00:00+00:00,long,1425.55,1428.1299,1420.4049,22.07313743,50.324546,0.443121,0.443121,15,stop,11407.174485
2011-03-23T09:00:00+00:00,2011-03-24T12:00:00+00:00,long,1431.314,1438.3988,1425.7013,20.32386282,137.893344,1.20883,1.20883,28,stop,11545.06783
2011-03-24T15:00:00+00:00,2011-03-24T16:00:00+00:00,long,1446.112,1441.8631,1441.8631,27.17189821,-123.602248,-1.070607,-1.070607,2,stop,11421.465582
2011-03-30T13:00:00+00:00,2011-03-30T14:00:00+00:00,long,1428.005,1422.984,1422.984,22.74739212,-121.038873,-1.059749,-1.059749,2,stop,11300.426709
2011-03-31T11:00:00+00:00,2011-03-31T20:00:00+00:00,long,1433.005,1433.1105,1426.9368,18.62237024,-3.622051,-0.032052,-0.032052,10,stop,11296.804658
2011-04-04T07:00:00+00:00,2011-04-04T09:00:00+00:00,long,1433.391,1431.9842,1431.2949,39.40587271,-67.257944,-0.814274,-0.595371,3,stop,11229.546714
2011-04-04T11:00:00+00:00,2011-04-04T15:00:00+00:00,long,1435.338,1433.4419,1432.6181,39.11812658,-85.907318,-0.807419,-0.765011,5,stop,11143.639396
2011-04-05T06:00:00+00:00,2011-04-05T10:00:00+00:00,long,1438.658,1433.1685,1433.1685,20.29991693,-117.526369,-1.05465,-1.05465,5,stop,11026.113027
2011-04-05T15:00:00+00:00,2011-04-06T15:00:00+00:00,long,1442.021,1455.3072,1436.9031,21.5442135,279.777465,2.537408,2.537408,25,stop,11305.890493
2011-04-08T07:00:00+00:00,2011-04-08T13:00:00+00:00,long,1466.625,1466.3201,1459.8198,16.61360503,-10.04957,-0.088888,-0.088888,7,stop,11295.840923
2011-04-13T12:00:00+00:00,2011-04-13T14:00:00+00:00,long,1460.783,1456.5197,1455.2046,20.24924875,-92.403397,-0.81803,-0.81803,3,stop,11203.437526
2011-04-14T06:00:00+00:00,2011-04-14T09:00:00+00:00,long,1463.024,1456.6879,1456.6879,17.68191399,-117.338949,-1.047348,-1.047348,4,stop,11086.098577
2011-04-14T14:00:00+00:00,2011-04-15T07:00:00+00:00,long,1466.417,1471.94,1460.485,18.6886355,97.610743,0.880479,0.880479,18,donch_exit,11183.70932
2011-04-15T15:00:00+00:00,2011-04-18T06:00:00+00:00,long,1481.97,1484.2904,1475.6766,17.77053631,35.903592,0.321035,0.321035,26,stop,11219.612911
2011-04-18T14:00:00+00:00,2011-04-18T14:00:00+00:00,long,1492.334,1487.9686,1487.9686,25.70122534,-119.906497,-1.068722,-1.068722,1,stop,11099.706415
2011-04-20T07:00:00+00:00,2011-04-20T17:00:00+00:00,long,1501.557,1499.304,1494.9636,16.83457156,-42.978661,-0.387205,-0.387205,11,stop,11056.727754
2011-04-21T02:00:00+00:00,2011-04-21T12:00:00+00:00,long,1507.887,1501.965,1501.6708,17.78695627,-110.670442,-1.000933,-1.000933,11,stop,10946.057312
2011-04-22T08:00:00+00:00,2011-04-25T11:00:00+00:00,long,1510.036,1514.87,1503.7142,17.31477951,78.50521,0.717201,0.717201,38,stop,11024.562522
2011-04-26T23:00:00+00:00,2011-04-27T07:00:00+00:00,long,1507.057,1505.14,1499.7178,15.02147717,-33.302615,-0.302077,-0.302077,9,donch_exit,10991.259907
2011-04-27T14:00:00+00:00,2011-04-27T14:00:00+00:00,long,1510.906,1505.8796,1505.8796,21.86706173,-116.472718,-1.059685,-1.059685,1,stop,10874.78719
2011-04-27T18:00:00+00:00,2011-04-28T15:00:00+00:00,long,1522.981,1526.9437,1516.5635,16.94551958,62.066355,0.570736,0.570736,22,stop,10936.853544
2011-04-29T12:00:00+00:00,2011-05-01T22:00:00+00:00,long,1538.848,1557.5702,1532.0671,16.12891142,297.130032,2.716778,2.716778,22,stop,11233.983576
2011-05-09T03:00:00+00:00,2011-05-09T12:00:00+00:00,long,1497.773,1503.131,1491.0074,16.60456364,83.985883,0.747606,0.747606,10,stop,11317.969459
2011-05-10T08:00:00+00:00,2011-05-10T12:00:00+00:00,long,1514.211,1509.1756,1505.5795,13.11240162,-69.959908,-0.618131,-0.618131,5,stop,11248.009551
2011-05-11T02:00:00+00:00,2011-05-11T11:00:00+00:00,long,1522.425,1518.8178,1513.8649,13.14004457,-51.340782,-0.456443,-0.456443,10,stop,11196.668769
2011-05-12T18:00:00+00:00,2011-05-13T12:00:00+00:00,long,1507.04,1504.9869,1494.4545,8.89648307,-20.934314,-0.186969,-0.186969,19,stop,11175.734455
2011-05-16T08:00:00+00:00,2011-05-16T09:00:00+00:00,long,1496.764,1492.8152,1492.8152,28.30159657,-120.247824,-1.075972,-1.075972,2,stop,11055.486631
2011-05-16T14:00:00+00:00,2011-05-16T15:00:00+00:00,long,1498.869,1495.6105,1492.3435,16.9419763,-60.288023,-0.545322,-0.545322,2,stop,10995.198609
2011-05-20T05:00:00+00:00,2011-05-20T11:00:00+00:00,long,1496.895,1496.9473,1489.5027,14.87385335,-3.684253,-0.033508,-0.033508,7,stop,10991.514355
2011-05-20T16:00:00+00:00,2011-05-22T20:00:00+00:00,long,1509.769,1512.2639,1501.4874,13.27221111,29.131176,0.265033,0.265033,30,stop,11020.645531
2011-05-22T23:00:00+00:00,2011-05-23T00:00:00+00:00,long,1514.319,1515.2891,1513.6985,36.38812407,24.383682,1.079936,0.221255,2,stop,11045.029213
2011-05-24T08:00:00+00:00,2011-05-24T16:00:00+00:00,long,1519.562,1521.76,1513.4595,18.09918757,34.352258,0.31102,0.31102,9,stop,11079.381471
2011-05-25T16:00:00+00:00,2011-05-25T16:00:00+00:00,long,1529.691,1524.8231,1524.8231,22.76008437,-117.62184,-1.061628,-1.061628,1,stop,10961.759631
2011-05-27T08:00:00+00:00,2011-05-29T21:00:00+00:00,long,1527.442,1534.361,1520.1908,15.11716631,100.060524,0.912814,0.912814,24,donch_exit,11061.820155
2011-05-30T12:00:00+00:00,2011-05-31T02:00:00+00:00,long,1537.67,1537.0147,1535.0523,35.96942177,-34.361589,-0.364939,-0.310632,15,stop,11027.458566
2011-06-01T13:00:00+00:00,2011-06-01T17:00:00+00:00,long,1537.451,1542.8955,1533.1657,25.7332242,132.384572,1.200499,1.200499,5,stop,11159.843138
2011-06-03T14:00:00+00:00,2011-06-06T07:00:00+00:00,long,1541.908,1544.1564,1534.5706,15.20953354,29.634255,0.265544,0.265544,28,stop,11189.477393
2011-06-06T14:00:00+00:00,2011-06-06T17:00:00+00:00,long,1548.144,1547.4387,1544.2758,28.92683262,-29.080145,-0.259888,-0.259888,4,stop,11160.397249
2011-06-09T16:00:00+00:00,2011-06-09T17:00:00+00:00,long,1546.661,1542.0332,1542.0332,24.1159887,-118.838769,-1.064826,-1.064826,2,stop,11041.55848
2011-06-14T23:00:00+00:00,2011-06-15T06:00:00+00:00,long,1525.94,1521.634,1518.7978,15.45960415,-71.206937,-0.644899,-0.644899,8,donch_exit,10970.351543
2011-06-15T14:00:00+00:00,2011-06-15T15:00:00+00:00,long,1530.445,1524.8493,1524.8493,19.60496728,-115.585006,-1.053613,-1.053613,2,stop,10854.766537
2011-06-17T14:00:00+00:00,2011-06-19T21:00:00+00:00,long,1537.554,1537.989,1532.9479,23.5660679,3.181419,0.029309,0.029309,18,donch_exit,10857.947956
2011-06-20T14:00:00+00:00,2011-06-20T14:00:00+00:00,long,1544.787,1541.0781,1541.0781,29.27538612,-117.362095,-1.080887,-1.080887,1,stop,10740.585861
2011-06-21T15:00:00+00:00,2011-06-22T09:00:00+00:00,long,1546.314,1544.091,1542.3598,27.16247499,-68.530924,-0.638056,-0.638056,19,donch_exit,10672.054937
2011-06-22T14:00:00+00:00,2011-06-22T17:00:00+00:00,long,1553.002,1552.0883,1549.4093,29.70483184,-36.052754,-0.337824,-0.337824,4,stop,10636.002182
2011-07-08T13:00:00+00:00,2011-07-10T22:00:00+00:00,long,1541.029,1542.073,1537.1347,27.31171759,20.319918,0.191048,0.191048,21,donch_exit,10656.3221
2011-07-11T05:00:00+00:00,2011-07-11T06:00:00+00:00,long,1545.734,1544.6936,1543.7893,34.4701032,-46.203726,-0.689258,-0.43358,2,stop,10610.118374
2011-07-11T12:00:00+00:00,2011-07-11T14:00:00+00:00,long,1549.083,1550.6424,1546.1855,34.24644894,43.129978,0.434651,0.406499,3,stop,10653.248352
2011-07-12T18:00:00+00:00,2011-07-13T18:00:00+00:00,long,1562.688,1579.405,1555.1171,14.07131035,231.008702,2.168434,2.168434,25,stop,10884.257054
2011-07-14T00:00:00+00:00,2011-07-14T05:00:00+00:00,long,1588.931,1580.2895,1580.2895,12.59533305,-112.62117,-1.034716,-1.034716,6,stop,10771.635883
2011-07-14T10:00:00+00:00,2011-07-14T14:00:00+00:00,long,1592.434,1583.931,1583.931,12.66804173,-111.516771,-1.035282,-1.035282,5,stop,10660.119112
2011-07-15T20:00:00+00:00,2011-07-18T01:00:00+00:00,long,1593.36,1593.2629,1586.1346,14.75367331,-5.858684,-0.054959,-0.054959,17,stop,10654.260428
2011-07-18T07:00:00+00:00,2011-07-18T07:00:00+00:00,long,1598.707,1595.9007,1595.9007,33.32149177,-103.50655,-1.106902,-0.971504,1,stop,10550.753878
2011-07-18T11:00:00+00:00,2011-07-18T12:00:00+00:00,long,1601.176,1597.6677,1597.2457,26.84465277,-102.232491,-0.968959,-0.968959,2,stop,10448.521387
2011-07-18T15:00:00+00:00,2011-07-19T09:00:00+00:00,long,1603.438,1601.8301,1597.9187,18.93088143,-36.118229,-0.345678,-0.345678,19,stop,10412.403158
2011-07-20T16:00:00+00:00,2011-07-21T12:00:00+00:00,long,1597.134,1594.8884,1589.748,14.097486,-35.88656,-0.344652,-0.344652,21,stop,10376.516598
2011-07-22T13:00:00+00:00,2011-07-24T17:00:00+00:00,long,1602.23,1598.3184,1594.7275,13.83074522,-58.249567,-0.56136,-0.56136,15,stop,10318.267031
2011-07-24T23:00:00+00:00,2011-07-24T23:00:00+00:00,long,1621.073,1616.3205,1616.3205,21.71124047,-109.696042,-1.063125,-1.063125,1,stop,10208.570989
2011-07-26T18:00:00+00:00,2011-07-27T11:00:00+00:00,long,1617.625,1618.342,1611.4769,16.60443225,6.924048,0.067826,0.067826,18,stop,10215.495037
2011-07-29T13:00:00+00:00,2011-07-29T14:00:00+00:00,long,1623.19,1622.3876,1617.5134,17.99579861,-19.838568,-0.194201,-0.194201,2,stop,10195.656469
2011-08-01T15:00:00+00:00,2011-08-01T17:00:00+00:00,long,1627.174,1621.0464,1619.4213,13.15110409,-84.530037,-0.829079,-0.829079,3,stop,10111.126432
2011-08-02T12:00:00+00:00,2011-08-03T17:00:00+00:00,long,1632.295,1659.8394,1625.7875,15.53765107,423.313981,4.186615,4.186615,30,stop,10534.440413
2011-08-04T12:00:00+00:00,2011-08-04T15:00:00+00:00,long,1670.21,1670.4241,1659.9718,10.28934814,-0.883855,-0.00839,-0.00839,4,stop,10533.556558
2011-08-07T23:00:00+00:00,2011-08-08T07:00:00+00:00,long,1686.752,1702.5196,1677.2525,11.08853788,171.513068,1.628254,1.628254,9,stop,10705.069626
2011-08-08T17:00:00+00:00,2011-08-09T07:00:00+00:00,long,1716.869,1744.143,1699.7707,6.26089706,168.881437,1.577584,1.577584,15,stop,10873.951064
2011-08-10T16:00:00+00:00,2011-08-11T02:00:00+00:00,long,1786.393,1783.5918,1760.9237,4.2694346,-13.240371,-0.121762,-0.121762,11,stop,10860.710693
2011-08-15T17:00:00+00:00,2011-08-16T13:00:00+00:00,long,1753.147,1771.0374,1741.3297,9.19051788,161.664886,1.48853,1.48853,21,stop,11022.375579
2011-08-17T07:00:00+00:00,2011-08-17T12:00:00+00:00,long,1787.547,1783.7232,1777.2463,10.70060829,-44.127168,-0.400342,-0.400342,6,stop,10978.24841
2011-08-18T08:00:00+00:00,2011-08-19T11:00:00+00:00,long,1795.866,1856.2145,1786.4859,11.70376479,702.79352,6.401691,6.401691,28,stop,11681.04193
2011-08-22T00:00:00+00:00,2011-08-22T01:00:00+00:00,long,1870.752,1867.7376,1863.0814,15.22832885,-50.472773,-0.432091,-0.432091,2,stop,11630.569157
2011-08-22T06:00:00+00:00,2011-08-22T09:00:00+00:00,long,1882.005,1882.9189,1873.4402,13.57949883,8.336454,0.071677,0.071677,4,stop,11638.905612
2011-08-22T20:00:00+00:00,2011-08-23T07:00:00+00:00,long,1894.944,1889.3443,1873.4027,5.40306556,-31.876466,-0.273879,-0.273879,12,stop,11607.029146
2011-08-25T20:00:00+00:00,2011-08-26T12:00:00+00:00,long,1769.687,1769.425,1738.8618,3.76543515,-2.116175,-0.018232,-0.018232,17,stop,11604.912971
2011-08-26T18:00:00+00:00,2011-08-28T22:00:00+00:00,long,1802.478,1824.203,1779.3339,5.01419929,107.42922,0.925722,0.925722,16,donch_exit,11712.342191
2011-08-30T12:00:00+00:00,2011-08-31T13:00:00+00:00,long,1812.879,1820.3409,1799.7993,8.95459543,64.131917,0.547558,0.547558,26,stop,11776.474108
2011-09-02T07:00:00+00:00,2011-09-05T00:00:00+00:00,long,1836.78,1880.2842,1826.8652,11.87767187,513.165311,4.357546,4.357546,29,stop,12289.639419
2011-09-05T08:00:00+00:00,2011-09-05T10:00:00+00:00,long,1893.452,1887.5854,1887.4257,20.39334155,-125.75758,-1.023281,-1.023281,3,stop,12163.881839
2011-09-06T04:00:00+00:00,2011-09-06T07:00:00+00:00,long,1908.398,1907.2473,1896.9784,10.65175824,-15.452506,-0.127036,-0.127036,4,stop,12148.429333
2011-09-08T12:00:00+00:00,2011-09-09T10:00:00+00:00,long,1851.579,1866.445,1833.0048,6.54048591,95.268718,0.784206,0.784206,23,stop,12243.698051
2011-09-13T18:00:00+00:00,2011-09-14T06:00:00+00:00,long,1839.266,1824.1078,1820.7243,6.6033309,-102.07561,-0.833699,-0.833699,13,stop,12141.622441
2011-09-16T15:00:00+00:00,2011-09-19T08:00:00+00:00,long,1794.48,1817.4668,1778.7439,7.71577611,175.046269,1.441704,1.441704,28,stop,12316.668711
2011-09-21T04:00:00+00:00,2011-09-21T12:00:00+00:00,long,1813.52,1798.402,1797.8839,7.8770721,-121.448698,-0.986052,-0.986052,9,stop,12195.220013
2011-10-27T02:00:00+00:00,2011-10-27T07:00:00+00:00,long,1726.614,1715.439,1711.8767,8.27507075,-94.956437,-0.778637,-0.778637,6,donch_exit,12100.263576
2011-10-27T16:00:00+00:00,2011-10-28T03:00:00+00:00,long,1735.875,1740.291,1721.5797,8.46450482,34.839902,0.287927,0.287927,12,donch_exit,12135.103478
2011-11-02T02:00:00+00:00,2011-11-02T16:00:00+00:00,long,1724.647,1731.5748,1709.3641,7.94031465,52.626817,0.433674,0.433674,15,stop,12187.730296
2011-11-03T12:00:00+00:00,2011-11-04T08:00:00+00:00,long,1755.427,1755.22,1741.6736,8.86161262,-4.492838,-0.036864,-0.036864,21,donch_exit,12183.237458
2011-11-07T02:00:00+00:00,2011-11-07T09:00:00+00:00,long,1764.371,1766.0987,1757.7337,18.3557131,26.206452,0.215103,0.215103,8,stop,12209.44391
2011-11-07T13:00:00+00:00,2011-11-08T06:00:00+00:00,long,1776.247,1789.953,1768.8527,16.5119672,221.359432,1.813018,1.813018,18,donch_exit,12430.803342
2011-11-08T18:00:00+00:00,2011-11-08T19:00:00+00:00,long,1800.261,1791.1727,1791.1727,13.67780921,-128.411376,-1.033009,-1.033009,2,stop,12302.391966
2011-11-11T13:00:00+00:00,2011-11-14T06:00:00+00:00,long,1771.377,1788.2496,1760.1099,10.91886285,180.953947,1.470884,1.470884,26,stop,12483.345912
2011-11-15T15:00:00+00:00,2011-11-15T16:00:00+00:00,long,1783.159,1773.3333,1773.3333,12.70479041,-128.644896,-1.030532,-1.030532,2,stop,12354.701016
2011-11-30T01:00:00+00:00,2011-11-30T07:00:00+00:00,long,1720.862,1714.819,1711.0151,12.54679241,-79.584304,-0.644162,-0.644162,7,stop,12275.116712
2011-11-30T14:00:00+00:00,2011-12-01T06:00:00+00:00,long,1744.481,1743.778,1733.1429,10.82643186,-10.858911,-0.088463,-0.088463,17,donch_exit,12264.257801
2011-12-01T10:00:00+00:00,2011-12-01T16:00:00+00:00,long,1750.231,1741.6342,1738.8515,10.77750147,-95.885275,-0.781827,-0.781827,7,stop,12168.372526
2011-12-02T13:00:00+00:00,2011-12-02T14:00:00+00:00,long,1756.586,1747.4242,1747.4242,13.28163955,-125.668217,-1.032745,-1.032745,2,stop,12042.704308
2011-12-07T14:00:00+00:00,2011-12-07T15:00:00+00:00,long,1733.37,1727.7897,1725.0267,14.43398213,-84.876145,-0.704793,-0.704793,2,stop,11957.828163
2011-12-07T19:00:00+00:00,2011-12-08T14:00:00+00:00,long,1740.858,1736.2842,1731.0463,12.18731531,-59.398537,-0.496733,-0.496733,20,stop,11898.429626
2012-01-17T02:00:00+00:00,2012-01-17T08:00:00+00:00,long,1652.943,1659.2472,1647.4848,21.7991822,130.88665,1.100033,1.100033,7,stop,12029.316276
2012-01-18T18:00:00+00:00,2012-01-19T13:00:00+00:00,long,1660.023,1659.1255,1648.8602,10.77625352,-12.904564,-0.107276,-0.107276,20,stop,12016.411712
2012-01-20T18:00:00+00:00,2012-01-23T13:00:00+00:00,long,1663.26,1669.1611,1655.0454,14.62811544,81.933537,0.681847,0.681847,23,stop,12098.34525
2012-01-23T17:00:00+00:00,2012-01-24T03:00:00+00:00,long,1678.952,1673.252,1671.6785,16.63345741,-99.800744,-0.824912,-0.824912,11,donch_exit,11998.544505
2012-01-25T18:00:00+00:00,2012-01-26T08:00:00+00:00,long,1690.02,1705.204,1682.1665,15.27795824,227.39713,1.895206,1.895206,15,donch_exit,12225.941636
2012-01-26T11:00:00+00:00,2012-01-26T23:00:00+00:00,long,1716.315,1716.5987,1701.127,8.04973771,-0.131211,-0.001073,-0.001073,13,stop,12225.810425
2012-01-27T16:00:00+00:00,2012-01-30T06:00:00+00:00,long,1730.165,1729.7716,1721.201,13.63878896,-9.457136,-0.077354,-0.077354,18,stop,12216.353289
2012-01-31T02:00:00+00:00,2012-01-31T15:00:00+00:00,long,1735.857,1737.4088,1727.2403,14.17753118,17.747434,0.145276,0.145276,14,stop,12234.100722
2012-02-01T10:00:00+00:00,2012-02-02T12:00:00+00:00,long,1748.153,1743.0871,1737.8199,11.83971966,-63.530752,-0.519292,-0.519292,27,stop,12170.56997
2012-02-02T16:00:00+00:00,2012-02-02T17:00:00+00:00,long,1758.462,1750.651,1750.651,15.58132118,-126.380096,-1.038407,-1.038407,2,stop,12044.189874
2012-02-07T07:00:00+00:00,2012-02-07T10:00:00+00:00,long,1726.633,1719.328,1718.544,14.88959065,-113.235337,-0.940166,-0.940166,4,stop,11930.954537
2012-02-07T16:00:00+00:00,2012-02-08T13:00:00+00:00,long,1736.373,1740.5487,1728.2457,14.68009614,56.895649,0.476874,0.476874,22,stop,11987.850186
2012-02-09T15:00:00+00:00,2012-02-09T17:00:00+00:00,long,1748.023,1738.9922,1738.9922,13.27440557,-123.860824,-1.03322,-1.03322,3,stop,11863.989362
2012-02-13T05:00:00+00:00,2012-02-13T13:00:00+00:00,long,1729.152,1724.8072,1719.2851,12.02402919,-55.849211,-0.470746,-0.470746,9,stop,11808.140152
2012-02-15T08:00:00+00:00,2012-02-15T17:00:00+00:00,long,1727.61,1727.3638,1718.3464,12.74681566,-6.962311,-0.058962,-0.058962,10,stop,11801.177841
2012-02-17T02:00:00+00:00,2012-02-17T14:00:00+00:00,long,1731.952,1727.6742,1722.7105,12.76976448,-58.457428,-0.495352,-0.495352,13,stop,11742.720413
2012-02-20T02:00:00+00:00,2012-02-20T08:00:00+00:00,long,1736.55,1730.2702,1729.6382,16.98938108,-111.78673,-0.951966,-0.951966,7,stop,11630.933684
2012-02-21T06:00:00+00:00,2012-02-21T10:00:00+00:00,long,1739.536,1736.3388,1734.2994,22.21084995,-77.675784,-0.667838,-0.667838,5,stop,11553.257899
2012-02-21T14:00:00+00:00,2012-02-22T13:00:00+00:00,long,1745.402,1751.4242,1739.747,20.43016428,116.905486,1.011883,1.011883,24,stop,11670.163385
2012-02-22T19:00:00+00:00,2012-02-23T14:00:00+00:00,long,1771.848,1773.8461,1765.7166,19.03343997,32.320684,0.276951,0.276951,20,stop,11702.48407
2012-02-28T13:00:00+00:00,2012-02-28T18:00:00+00:00,long,1779.827,1781.0073,1773.7147,19.14579466,16.854043,0.144021,0.144021,6,stop,11719.338113
2012-02-29T05:00:00+00:00,2012-02-29T10:00:00+00:00,long,1789.614,1781.9931,1781.9931,15.37789252,-121.806749,-1.039365,-1.039365,6,stop,11597.531364
2012-04-30T19:00:00+00:00,2012-05-01T07:00:00+00:00,long,1665.876,1662.876,1658.6581,16.06773627,-53.02353,-0.457197,-0.457197,13,donch_exit,11544.507834
2012-05-01T13:00:00+00:00,2012-05-01T14:00:00+00:00,long,1668.906,1663.6472,1663.6472,21.95274175,-122.030901,-1.057047,-1.057047,2,stop,11422.476933
2012-06-06T01:00:00+00:00,2012-06-06T17:00:00+00:00,long,1624.233,1629.6622,1616.3254,14.44493517,74.090961,0.648642,0.648642,17,stop,11496.567895
2012-06-13T13:00:00+00:00,2012-06-13T16:00:00+00:00,long,1621.278,1613.7393,1613.7393,15.25006685,-119.540699,-1.039795,-1.039795,4,stop,11377.027196
2012-06-14T13:00:00+00:00,2012-06-14T13:00:00+00:00,long,1626.653,1619.3574,1619.3574,15.59436811,-118.448582,-1.041121,-1.041121,1,stop,11258.578613
2012-06-18T18:00:00+00:00,2012-06-19T13:00:00+00:00,long,1629.787,1625.639,1618.2669,9.77298688,-43.470246,-0.386108,-0.386108,20,stop,11215.108368
2012-07-03T04:00:00+00:00,2012-07-04T01:00:00+00:00,long,1602.82,1615.6588,1595.5524,15.43165332,193.494415,1.725301,1.725301,22,stop,11408.602782
2012-07-26T11:00:00+00:00,2012-07-26T12:00:00+00:00,long,1616.802,1611.9127,1610.7035,18.70722765,-97.077416,-0.850914,-0.850914,2,stop,11311.525366
2012-07-27T10:00:00+00:00,2012-07-27T12:00:00+00:00,long,1623.198,1620.3458,1616.7521,17.54840343,-55.316077,-0.489024,-0.489024,3,stop,11256.209289
2012-08-06T05:00:00+00:00,2012-08-07T13:00:00+00:00,long,1607.803,1610.8217,1603.7089,27.49373315,74.747212,0.664053,0.664053,33,stop,11330.956501
2012-08-08T14:00:00+00:00,2012-08-09T11:00:00+00:00,long,1614.083,1610.8983,1609.1757,23.09000163,-80.461729,-0.710105,-0.710105,22,stop,11250.494772
2012-08-10T15:00:00+00:00,2012-08-10T21:00:00+00:00,long,1623.252,1618.0506,1618.0506,21.62974348,-118.993871,-1.057677,-1.057677,7,stop,11131.500901
2012-08-16T13:00:00+00:00,2012-08-16T13:00:00+00:00,long,1607.4,1603.3978,1603.3978,27.81345485,-119.659045,-1.074959,-1.074959,1,stop,11011.841856
2012-08-16T15:00:00+00:00,2012-08-17T11:00:00+00:00,long,1616.2,1613.4236,1611.2879,22.41778843,-68.966084,-0.62629,-0.62629,21,stop,10942.875772
2012-08-20T03:00:00+00:00,2012-08-20T08:00:00+00:00,long,1618.187,1617.0761,1615.5913,33.81214832,-47.70556,-0.543553,-0.435951,6,stop,10895.170212
2012-08-21T07:00:00+00:00,2012-08-22T10:00:00+00:00,long,1623.193,1639.7078,1618.5528,23.47995822,380.722826,3.494418,3.494418,28,stop,11275.893038
2012-08-22T19:00:00+00:00,2012-08-24T01:00:00+00:00,long,1653.457,1666.938,1647.3419,18.43942542,243.050066,2.155484,2.155484,31,donch_exit,11518.943104
2012-08-27T02:00:00+00:00,2012-08-27T07:00:00+00:00,long,1675.828,1671.6911,1671.152,24.63418115,-109.299398,-0.948867,-0.948867,6,stop,11409.643706
2012-08-28T16:00:00+00:00,2012-08-28T22:00:00+00:00,long,1671.241,1664.9526,1664.9526,18.14395348,-119.539623,-1.047707,-1.047707,7,stop,11290.104083
2012-08-30T13:00:00+00:00,2012-08-30T14:00:00+00:00,long,1663.216,1658.5221,1658.5221,24.0527154,-120.116855,-1.063913,-1.063913,2,stop,11169.987228
2012-08-31T13:00:00+00:00,2012-08-31T14:00:00+00:00,long,1661.623,1656.3368,1656.3368,21.13046655,-118.039012,-1.056752,-1.056752,2,stop,11051.948215
2012-08-31T16:00:00+00:00,2012-09-02T23:00:00+00:00,long,1679.893,1688.452,1672.2254,14.4138299,119.043821,1.07713,1.07713,15,donch_exit,11170.992036
2012-09-03T16:00:00+00:00,2012-09-04T09:00:00+00:00,long,1693.003,1691.5632,1688.2326,23.4173068,-40.74143,-0.364707,-0.364707,18,stop,11130.250606
2012-09-06T02:00:00+00:00,2012-09-06T12:00:00+00:00,long,1697.174,1704.3558,1691.5538,19.80401161,136.287247,1.224476,1.224476,11,stop,11266.537853
2012-09-07T13:00:00+00:00,2012-09-10T10:00:00+00:00,long,1724.793,1732.276,1718.6539,18.35210023,131.823136,1.170041,1.170041,25,donch_exit,11398.360989
2012-09-11T13:00:00+00:00,2012-09-11T15:00:00+00:00,long,1734.077,1731.2358,1729.052,22.68330545,-71.252799,-0.625114,-0.625114,3,stop,11327.10819
2012-09-12T08:00:00+00:00,2012-09-12T12:00:00+00:00,long,1738.584,1738.2523,1733.453,22.07582964,-13.945302,-0.123114,-0.123114,5,stop,11313.162889
2012-09-13T17:00:00+00:00,2012-09-17T06:00:00+00:00,long,1752.674,1770.9976,1747.6416,22.48065116,405.182264,3.581512,3.581512,45,stop,11718.345153
2012-09-18T15:00:00+00:00,2012-09-18T16:00:00+00:00,long,1771.552,1762.3782,1762.3782,12.77370899,-121.015564,-1.032702,-1.032702,2,stop,11597.329588
2012-09-19T06:00:00+00:00,2012-09-19T12:00:00+00:00,long,1776.352,1767.6719,1767.2822,12.78675339,-114.826324,-0.99011,-0.99011,7,stop,11482.503264
2012-09-21T01:00:00+00:00,2012-09-21T14:00:00+00:00,long,1772.673,1780.083,1764.5977,14.21929001,101.099152,0.880463,0.880463,14,stop,11583.602416
2012-09-25T13:00:00+00:00,2012-09-25T15:00:00+00:00,long,1771.757,1765.783,1765.783,19.39002748,-121.653032,-1.050218,-1.050218,3,stop,11461.949384
2012-09-27T13:00:00+00:00,2012-09-28T12:00:00+00:00,long,1764.213,1774.9911,1758.1348,18.85747324,197.59049,1.723882,1.723882,24,stop,11659.539874
2012-10-01T13:00:00+00:00,2012-10-01T14:00:00+00:00,long,1784.737,1781.3103,1780.5935,28.13935049,-104.866917,-0.899409,-0.899409,2,stop,11554.672957
2012-10-04T05:00:00+00:00,2012-10-05T08:00:00+00:00,long,1782.328,1788.973,1776.3172,19.22318653,121.971119,1.0556,1.0556,28,donch_exit,11676.644075
2012-10-09T00:00:00+00:00,2012-10-09T07:00:00+00:00,long,1777.452,1773.9851,1771.647,20.11480461,-75.770457,-0.648906,-0.648906,8,stop,11600.873618
2012-10-11T11:00:00+00:00,2012-10-11T12:00:00+00:00,long,1770.773,1764.9092,1764.9092,19.78388352,-121.943901,-1.051161,-1.051161,2,stop,11478.929717
2012-10-12T13:00:00+00:00,2012-10-12T13:00:00+00:00,long,1771.179,1766.9879,1766.9879,27.38882326,-123.005944,-1.07158,-1.07158,1,stop,11355.923772
2012-10-16T23:00:00+00:00,2012-10-17T12:00:00+00:00,long,1748.087,1746.3806,1742.9234,21.99226077,-44.125272,-0.388566,-0.388566,14,stop,11311.7985
2012-11-23T10:00:00+00:00,2012-11-26T01:00:00+00:00,long,1734.003,1748.452,1731.4213,32.6175863,461.506229,5.480497,4.079866,22,donch_exit,11773.304729
2012-11-30T06:00:00+00:00,2012-11-30T13:00:00+00:00,long,1730.403,1725.4895,1724.844,21.17881765,-110.415766,-0.937849,-0.937849,8,stop,11662.888963
2013-01-22T03:00:00+00:00,2013-01-22T12:00:00+00:00,long,1691.563,1690.5509,1687.9016,31.85363239,-41.795151,-0.35836,-0.35836,10,stop,11621.093812
2013-01-22T17:00:00+00:00,2013-01-22T20:00:00+00:00,long,1695.033,1690.7353,1690.7353,27.04026296,-124.323017,-1.069805,-1.069805,4,stop,11496.770795
2013-02-07T06:00:00+00:00,2013-02-07T09:00:00+00:00,long,1680.613,1675.4547,1675.4547,22.28790647,-121.65408,-1.058159,-1.058159,4,stop,11375.116715
2013-07-23T19:00:00+00:00,2013-07-24T12:00:00+00:00,long,1343.085,1337.052,1336.3607,16.91643251,-107.131767,-0.941808,-0.941808,18,stop,11267.984948
2013-07-26T03:00:00+00:00,2013-07-26T08:00:00+00:00,long,1339.68,1330.0573,1330.0573,11.70979553,-116.192788,-1.031176,-1.031176,6,stop,11151.79216
2013-07-29T11:00:00+00:00,2013-07-29T12:00:00+00:00,long,1335.505,1327.857,1325.7443,11.42519713,-90.807467,-0.814286,-0.814286,2,stop,11060.984693
2013-07-31T02:00:00+00:00,2013-07-31T07:00:00+00:00,long,1336.18,1329.2809,1329.2809,16.0325038,-115.419598,-1.043484,-1.043484,6,stop,10945.565095
2013-08-09T02:00:00+00:00,2013-08-09T05:00:00+00:00,long,1315.17,1308.564,1306.0873,12.05100366,-83.224231,-0.760347,-0.760347,4,donch_exit,10862.340864
2013-08-11T23:00:00+00:00,2013-08-12T10:00:00+00:00,long,1328.803,1324.75,1321.0488,14.00833208,-60.97827,-0.561373,-0.561373,12,donch_exit,10801.362594
2013-08-12T14:00:00+00:00,2013-08-13T00:00:00+00:00,long,1339.294,1330.63,1330.0804,11.72328145,-105.087495,-0.97291,-0.97291,11,stop,10696.275099
2013-08-14T15:00:00+00:00,2013-08-15T11:00:00+00:00,long,1332.372,1334.0723,1324.6681,13.88423409,19.442093,0.181765,0.181765,20,stop,10715.717192
2013-08-15T17:00:00+00:00,2013-08-19T10:00:00+00:00,long,1358.25,1370.9924,1347.4765,9.9463658,123.756662,1.154908,1.154908,41,stop,10839.473854
2013-08-20T15:00:00+00:00,2013-08-20T22:00:00+00:00,long,1375.385,1366.5204,1366.5204,12.22782061,-112.063085,-1.033842,-1.033842,7,stop,10727.41077
2013-08-23T15:00:00+00:00,2013-08-25T23:00:00+00:00,long,1395.24,1394.4215,1388.9938,17.17429921,-19.209454,-0.179069,-0.179069,8,stop,10708.201316
2013-08-26T21:00:00+00:00,2013-08-27T00:00:00+00:00,long,1404.196,1396.4882,1395.79,12.7387596,-102.009439,-0.952629,-0.952629,4,stop,10606.191877
2013-08-27T09:00:00+00:00,2013-08-28T13:00:00+00:00,long,1410.404,1419.3059,1401.4606,11.85923908,102.011989,0.961815,0.961815,28,stop,10708.203865
2013-09-03T14:00:00+00:00,2013-09-04T05:00:00+00:00,long,1399.833,1407.668,1392.0471,13.75332828,103.631329,0.967775,0.967775,15,donch_exit,10811.835194
2013-09-06T13:00:00+00:00,2013-09-09T10:00:00+00:00,long,1384.162,1385.472,1376.866,14.81885306,14.967042,0.138432,0.138432,21,donch_exit,10826.802236
2013-09-19T00:00:00+00:00,2013-09-20T06:00:00+00:00,long,1367.837,1361.142,1352.5562,7.0852326,-49.561202,-0.457764,-0.457764,30,donch_exit,10777.241034
2013-10-25T17:00:00+00:00,2013-10-28T16:00:00+00:00,long,1349.982,1352.354,1344.0655,18.21556838,37.742658,0.350207,0.350207,23,stop,10814.983691
2013-10-30T13:00:00+00:00,2013-10-30T17:00:00+00:00,long,1354.152,1351.9054,1348.478,19.06059868,-48.539721,-0.448819,-0.448819,5,stop,10766.443971
2014-01-13T02:00:00+00:00,2014-01-13T09:00:00+00:00,long,1251.073,1246.083,1243.2747,13.80614233,-73.034493,-0.678353,-0.678353,8,donch_exit,10693.409478
2014-01-16T06:00:00+00:00,2014-01-16T07:00:00+00:00,long,1242.842,1239.063,1237.7283,20.91129608,-85.297177,-0.797661,-0.797661,2,donch_exit,10608.112301
2014-01-17T14:00:00+00:00,2014-01-21T01:00:00+00:00,long,1248.123,1252.3088,1244.1591,26.76180605,103.991026,0.980297,0.980297,29,stop,10712.103327
2014-01-23T10:00:00+00:00,2014-01-24T04:00:00+00:00,long,1247.003,1259.52,1242.3949,23.24624754,283.999406,2.651201,2.651201,19,donch_exit,10996.102733
2014-01-24T12:00:00+00:00,2014-01-24T13:00:00+00:00,long,1270.569,1265.4399,1265.4399,21.43865928,-116.392625,-1.05849,-1.05849,2,stop,10879.710108
2014-01-27T00:00:00+00:00,2014-01-27T07:00:00+00:00,long,1275.597,1268.1097,1268.1097,14.53088578,-113.156367,-1.040068,-1.040068,8,stop,10766.553741
2014-01-29T12:00:00+00:00,2014-01-29T19:00:00+00:00,long,1260.043,1260.8595,1255.0035,21.36432928,11.034676,0.10249,0.10249,8,stop,10777.588417
2014-01-29T21:00:00+00:00,2014-01-30T03:00:00+00:00,long,1269.842,1262.4008,1262.4008,14.48366986,-112.120985,-1.040316,-1.040316,7,stop,10665.467432
2014-01-31T12:00:00+00:00,2014-01-31T15:00:00+00:00,long,1247.142,1246.3087,1242.1414,21.32837546,-24.171448,-0.226633,-0.226633,4,stop,10641.295984
2014-02-03T16:00:00+00:00,2014-02-03T17:00:00+00:00,long,1262.842,1257.9297,1257.8163,21.17375885,-110.363983,-1.037129,-1.037129,2,stop,10530.932001
2014-02-05T09:00:00+00:00,2014-02-05T14:00:00+00:00,long,1256.265,1260.6582,1251.5963,22.55645469,92.32808,0.876732,0.876732,6,stop,10623.260081
2014-02-10T07:00:00+00:00,2014-02-11T13:00:00+00:00,long,1272.773,1281.1973,1266.3995,16.66785923,135.414689,1.2747,1.2747,31,stop,10758.67477
2014-02-11T16:00:00+00:00,2014-02-13T03:00:00+00:00,long,1289.842,1289.365,1282.4447,14.5440563,-11.300732,-0.105038,-0.105038,36,stop,10747.374038
2014-02-13T19:00:00+00:00,2014-02-18T01:00:00+00:00,long,1300.642,1322.968,1295.785,22.12759736,487.382459,4.534898,4.534898,50,stop,11234.756498
2014-02-20T20:00:00+00:00,2014-02-21T03:00:00+00:00,long,1320.842,1316.827,1314.2988,17.17012547,-74.089091,-0.659463,-0.659463,8,stop,11160.667406
2014-02-24T08:00:00+00:00,2014-02-25T02:00:00+00:00,long,1329.169,1332.467,1322.794,17.50692926,52.485774,0.470275,0.470275,19,donch_exit,11213.15318
2014-02-25T16:00:00+00:00,2014-02-26T12:00:00+00:00,long,1339.762,1338.0563,1334.3573,20.74704087,-41.61234,-0.371103,-0.371103,21,stop,11171.54084
2014-03-03T00:00:00+00:00,2014-03-04T06:00:00+00:00,long,1338.342,1345.8277,1331.408,16.11125013,115.77061,1.036299,1.036299,31,stop,11287.311451
2014-03-05T18:00:00+00:00,2014-03-05T23:00:00+00:00,long,1341.02,1336.0385,1336.0385,22.6584592,-119.670652,-1.060223,-1.060223,6,stop,11167.640798
2014-03-06T15:00:00+00:00,2014-03-07T13:00:00+00:00,long,1343.923,1344.7528,1339.228,23.78624238,12.601951,0.112843,0.112843,23,stop,11180.242749
2014-03-10T15:00:00+00:00,2014-03-11T14:00:00+00:00,long,1343.842,1344.527,1337.6587,18.08135259,6.961321,0.062264,0.062264,23,stop,11187.20407
2014-03-12T02:00:00+00:00,2014-03-13T11:00:00+00:00,long,1358.113,1366.9854,1351.2223,16.23522149,139.174813,1.244054,1.244054,33,stop,11326.378883
2014-03-14T01:00:00+00:00,2014-03-14T05:00:00+00:00,long,1375.282,1369.2297,1368.9337,17.84159363,-113.335155,-1.00063,-1.00063,5,stop,11213.043728
2014-03-14T13:00:00+00:00,2014-03-14T15:00:00+00:00,long,1381.808,1378.6284,1376.2748,20.26502517,-70.514182,-0.628859,-0.628859,3,stop,11142.529546
2014-03-21T09:00:00+00:00,2014-03-21T14:00:00+00:00,long,1339.722,1334.3009,1333.856,18.99510662,-108.672905,-0.975298,-0.975298,6,stop,11033.856642
2014-03-26T08:00:00+00:00,2014-03-26T12:00:00+00:00,long,1316.114,1310.8804,1310.8804,21.08272822,-116.663385,-1.057322,-1.057322,5,stop,10917.193257
2014-04-11T11:00:00+00:00,2014-04-11T12:00:00+00:00,long,1322.692,1317.5298,1317.5298,21.14833454,-115.516433,-1.058115,-1.058115,2,stop,10801.676824
2014-04-14T00:00:00+00:00,2014-04-14T11:00:00+00:00,long,1326.47,1321.8897,1320.6202,18.46503611,-90.114916,-0.834268,-0.834268,12,stop,10711.561908
2014-06-24T09:00:00+00:00,2014-06-24T12:00:00+00:00,long,1323.1,1320.1577,1318.5839,23.71861099,-76.902852,-0.717942,-0.717942,4,stop,10634.659056
2014-06-25T16:00:00+00:00,2014-06-25T22:00:00+00:00,long,1324.03,1317.9432,1317.9432,17.47167486,-111.588093,-1.049287,-1.049287,7,stop,10523.070963
2014-06-27T05:00:00+00:00,2014-06-27T08:00:00+00:00,long,1321.053,1315.916,1315.916,20.48485685,-111.376167,-1.0584,-1.0584,4,stop,10411.694796
2014-06-30T18:00:00+00:00,2014-07-01T06:00:00+00:00,long,1327.161,1324.856,1322.6316,22.98691835,-59.880922,-0.575131,-0.575131,13,donch_exit,10351.813874
2014-07-02T15:00:00+00:00,2014-07-02T23:00:00+00:00,long,1329.533,1325.3655,1325.3655,24.83938542,-110.969954,-1.071986,-1.071986,9,stop,10240.843919
2014-07-04T08:00:00+00:00,2014-07-06T22:00:00+00:00,long,1322.571,1319.3475,1317.6849,20.95913698,-73.849519,-0.721127,-0.721127,11,stop,10166.9944
2014-07-07T20:00:00+00:00,2014-07-08T14:00:00+00:00,long,1319.421,1320.6007,1315.8074,28.13536197,24.750678,0.243441,0.243441,19,stop,10191.745078
2014-07-09T12:00:00+00:00,2014-07-09T13:00:00+00:00,long,1326.628,1322.7375,1322.7375,26.19649165,-109.776398,-1.077111,-1.077111,2,stop,10081.96868
2014-07-09T19:00:00+00:00,2014-07-09T22:00:00+00:00,long,1330.721,1325.8451,1325.8451,20.67714408,-107.02283,-1.061527,-1.061527,4,stop,9974.94585
2014-07-10T10:00:00+00:00,2014-07-10T15:00:00+00:00,long,1341.126,1336.1221,1335.2839,17.07424702,-90.560099,-0.907876,-0.907876,6,stop,9884.385751
2014-07-15T10:00:00+00:00,2014-07-15T13:00:00+00:00,long,1312.02,1307.0377,1307.0377,19.83900157,-104.795558,-1.060213,-1.060213,4,stop,9779.590193
2014-07-16T14:00:00+00:00,2014-07-16T17:00:00+00:00,long,1301.773,1298.4205,1297.7654,24.40261052,-89.130535,-0.911393,-0.911393,4,stop,9690.459658
2014-07-17T05:00:00+00:00,2014-07-17T08:00:00+00:00,long,1304.52,1302.5967,1299.9128,21.03329497,-46.763325,-0.482571,-0.482571,4,stop,9643.696333
2014-07-17T16:00:00+00:00,2014-07-17T16:00:00+00:00,long,1321.83,1316.1173,1316.1173,16.8811531,-101.501309,-1.052515,-1.052515,1,stop,9542.195024
2014-07-21T07:00:00+00:00,2014-07-21T13:00:00+00:00,long,1313.607,1313.629,1308.9483,20.48252737,-5.694143,-0.059673,-0.059673,7,stop,9536.500882
2014-07-29T08:00:00+00:00,2014-07-29T12:00:00+00:00,long,1309.663,1306.5035,1306.5035,30.18357614,-104.420082,-1.094952,-1.094952,5,stop,9432.0808
2014-08-07T16:00:00+00:00,2014-08-08T12:00:00+00:00,long,1311.391,1312.3498,1306.9808,21.38696839,14.089735,0.149381,0.149381,20,stop,9446.170535
2014-08-12T08:00:00+00:00,2014-08-12T17:00:00+00:00,long,1311.429,1311.8778,1308.026,27.75836184,4.130444,0.043726,0.043726,10,stop,9450.300979
2014-08-14T08:00:00+00:00,2014-08-14T10:00:00+00:00,long,1316.861,1311.8781,1311.8781,18.96546384,-100.192649,-1.060206,-1.060206,3,stop,9350.10833
2014-12-09T13:00:00+00:00,2014-12-10T10:00:00+00:00,long,1211.581,1225.4722,1204.9026,14.00052158,190.283889,2.035098,2.035098,22,stop,9540.392219
2015-01-06T07:00:00+00:00,2015-01-06T15:00:00+00:00,long,1208.502,1206.506,1200.7735,12.34442934,-28.34281,-0.297082,-0.297082,9,stop,9512.049409
2015-01-06T17:00:00+00:00,2015-01-07T03:00:00+00:00,long,1219.532,1214.188,1213.0866,14.75788843,-83.293522,-0.875663,-0.875663,11,donch_exit,9428.755887
2015-01-09T14:00:00+00:00,2015-01-12T08:00:00+00:00,long,1214.259,1221.3709,1209.6968,20.66712526,140.782391,1.493117,1.493117,18,stop,9569.538277
2015-01-12T19:00:00+00:00,2015-01-13T14:00:00+00:00,long,1232.748,1234.7639,1224.8842,12.1691018,20.880962,0.218202,0.218202,19,stop,9590.419239
2015-01-14T14:00:00+00:00,2015-01-14T19:00:00+00:00,long,1239.621,1231.9864,1231.9864,12.56178351,-99.672727,-1.039295,-1.039295,6,stop,9490.746512
2015-01-15T11:00:00+00:00,2015-01-19T15:00:00+00:00,long,1249.761,1272.518,1241.5977,11.62611507,261.087666,2.750971,2.750971,52,donch_exit,9751.834178
2015-01-20T08:00:00+00:00,2015-01-20T11:00:00+00:00,long,1279.961,1285.7587,1275.5684,22.20059686,122.052221,1.251582,1.251582,4,stop,9873.886399
2015-01-20T17:00:00+00:00,2015-01-20T19:00:00+00:00,long,1295.98,1287.8767,1287.8767,12.18501894,-102.39437,-1.037022,-1.037022,3,stop,9771.492029
2015-01-21T06:00:00+00:00,2015-01-21T14:00:00+00:00,long,1300.21,1294.2167,1291.7608,11.5649908,-72.781957,-0.74484,-0.74484,9,stop,9698.710073
2015-01-27T14:00:00+00:00,2015-01-28T07:00:00+00:00,long,1287.308,1286.8575,1281.1345,15.71022932,-11.790527,-0.121568,-0.121568,17,stop,9686.919546
2015-01-30T16:00:00+00:00,2015-02-02T08:00:00+00:00,long,1273.708,1275.7343,1267.4956,15.59287803,26.917985,0.27788,0.27788,16,stop,9713.837531
2015-02-03T08:00:00+00:00,2015-02-03T12:00:00+00:00,long,1283.072,1275.8171,1275.7822,13.32524559,-100.670898,-1.036366,-1.036366,5,stop,9613.166633
2015-04-16T00:00:00+00:00,2015-04-16T04:00:00+00:00,long,1204.759,1200.9118,1199.1028,16.99580396,-70.484998,-0.733213,-0.733213,5,stop,9542.681635
2015-04-16T08:00:00+00:00,2015-04-16T14:00:00+00:00,long,1207.873,1202.1571,1202.1337,16.62690857,-100.025819,-1.048194,-1.048194,7,stop,9442.655816
2015-04-20T07:00:00+00:00,2015-04-20T09:00:00+00:00,long,1208.801,1203.6302,1203.6302,18.26149883,-99.905008,-1.058018,-1.058018,3,stop,9342.750808
2015-04-21T11:00:00+00:00,2015-04-21T13:00:00+00:00,long,1198.798,1198.2953,1194.761,23.14280606,-18.57673,-0.198836,-0.198836,3,stop,9324.174077
2015-04-28T15:00:00+00:00,2015-04-29T01:00:00+00:00,long,1213.099,1209.752,1208.8419,21.90264283,-79.878938,-0.856686,-0.856686,11,donch_exit,9244.295139
2015-05-13T12:00:00+00:00,2015-05-15T01:00:00+00:00,long,1196.842,1219.5824,1192.6702,22.15900844,497.257013,5.379069,5.379069,38,stop,9741.552152
2015-05-18T06:00:00+00:00,2015-05-18T12:00:00+00:00,long,1229.27,1224.7361,1224.0532,18.67342461,-90.265467,-0.926603,-0.926603,7,stop,9651.286685
2015-05-20T14:00:00+00:00,2015-05-20T17:00:00+00:00,long,1211.749,1207.8499,1207.8499,24.75260107,-103.938647,-1.076941,-1.076941,4,stop,9547.348038
2015-05-22T08:00:00+00:00,2015-05-22T12:00:00+00:00,long,1213.552,1209.4198,1209.4198,23.10475785,-102.404908,-1.072601,-1.072601,5,stop,9444.94313
2015-05-25T16:00:00+00:00,2015-05-26T01:00:00+00:00,long,1208.072,1205.2007,1205.2007,32.89430965,-104.317724,-1.104482,-1.104482,6,stop,9340.625406
2015-08-20T23:00:00+00:00,2015-08-21T06:00:00+00:00,long,1154.78,1157.6064,1148.7263,15.42961396,38.981377,0.417332,0.417332,8,stop,9379.606782
2015-08-24T14:00:00+00:00,2015-08-24T14:00:00+00:00,long,1165.8,1157.2637,1157.2637,10.98790668,-97.09244,-1.035144,-1.035144,1,stop,9282.514342
2015-08-31T20:00:00+00:00,2015-09-01T14:00:00+00:00,long,1135.772,1140.4453,1130.3669,17.17362184,75.1054,0.809106,0.809106,18,stop,9357.619743
2015-09-17T19:00:00+00:00,2015-09-18T02:00:00+00:00,long,1132.189,1128.2629,1128.2629,23.83438971,-100.726514,-1.076412,-1.076412,8,stop,9256.893229
2015-09-18T10:00:00+00:00,2015-09-21T11:00:00+00:00,long,1136.552,1134.2946,1130.5795,15.49919335,-39.637637,-0.428196,-0.428196,25,stop,9217.255591
2015-09-23T12:00:00+00:00,2015-09-24T22:00:00+00:00,long,1131.048,1149.61,1127.3387,24.84904319,453.793227,4.923301,4.923301,33,stop,9671.048818
2015-10-05T14:00:00+00:00,2015-10-05T14:00:00+00:00,long,1140.081,1135.2893,1135.2893,20.182918,-102.765364,-1.062608,-1.062608,1,stop,9568.283455
2015-10-06T13:00:00+00:00,2015-10-06T17:00:00+00:00,long,1143.689,1145.6767,1140.0917,26.59851404,44.890312,0.469157,0.469157,5,stop,9613.173767
2015-10-09T08:00:00+00:00,2015-10-12T12:00:00+00:00,long,1152.539,1163.8481,1146.4191,15.70805694,172.93157,1.798902,1.798902,28,stop,9786.105336
2015-10-13T14:00:00+00:00,2015-10-14T09:00:00+00:00,long,1165.938,1168.8932,1160.3441,17.49424433,46.450718,0.47466,0.47466,19,stop,9832.556054
2015-10-14T18:00:00+00:00,2015-10-15T12:00:00+00:00,long,1184.838,1179.7205,1176.9626,12.4851513,-67.638307,-0.687902,-0.687902,18,stop,9764.917747
2015-10-20T14:00:00+00:00,2015-10-21T06:00:00+00:00,long,1177.839,1173.528,1173.528,22.6511662,-104.444527,-1.069589,-1.069589,16,stop,9660.47322
2015-10-23T07:00:00+00:00,2015-10-23T13:00:00+00:00,long,1173.09,1174.0367,1167.9982,18.97260933,12.269586,0.127008,0.127008,7,stop,9672.742806
2015-10-28T06:00:00+00:00,2015-10-28T17:00:00+00:00,long,1170.821,1176.509,1166.9363,24.89958763,134.158978,1.38698,1.38698,12,stop,9806.901784
2016-01-07T02:00:00+00:00,2016-01-08T01:00:00+00:00,long,1097.09,1102.9045,1090.178,14.18822596,78.240972,0.797815,0.797815,23,stop,9885.142756
2016-01-11T00:00:00+00:00,2016-01-11T08:00:00+00:00,long,1106.622,1100.062,1100.062,15.06881518,-103.372072,-1.045732,-1.045732,9,stop,9781.770684
2016-01-13T20:00:00+00:00,2016-01-14T06:00:00+00:00,long,1093.589,1090.681,1087.3744,15.73998437,-50.49387,-0.516204,-0.516204,10,donch_exit,9731.276814
2016-01-15T14:00:00+00:00,2016-01-15T15:00:00+00:00,long,1093.838,1088.2107,1088.2107,17.29297676,-102.500661,-1.053312,-1.053312,2,stop,9628.776153
2016-01-19T09:00:00+00:00,2016-01-19T09:00:00+00:00,long,1092.689,1088.9831,1088.9831,25.98228812,-104.082448,-1.080952,-1.080952,1,stop,9524.693705
2016-01-20T08:00:00+00:00,2016-01-20T20:00:00+00:00,long,1094.031,1099.4901,1088.7605,18.07170801,93.233749,0.978863,0.978863,13,stop,9617.927454
2016-01-25T08:00:00+00:00,2016-01-26T11:00:00+00:00,long,1103.959,1111.2297,1099.2106,20.25509109,141.192163,1.46801,1.46801,27,stop,9759.119617
2016-01-26T16:00:00+00:00,2016-01-27T07:00:00+00:00,long,1118.677,1117.939,1113.7773,19.9177901,-20.674666,-0.21185,-0.21185,15,donch_exit,9738.444951
2016-01-27T20:00:00+00:00,2016-01-28T00:00:00+00:00,long,1127.568,1123.1156,1123.1156,21.87234963,-103.946154,-1.067379,-1.067379,4,stop,9634.498797
2016-02-01T02:00:00+00:00,2016-02-01T13:00:00+00:00,long,1120.21,1119.7138,1114.5532,17.03171192,-13.560649,-0.140751,-0.140751,12,stop,9620.938148
2016-02-01T15:00:00+00:00,2016-02-02T04:00:00+00:00,long,1126.08,1125.348,1121.9824,23.47944687,-24.230789,-0.251855,-0.251855,13,donch_exit,9596.707359
2016-02-03T16:00:00+00:00,2016-02-05T13:00:00+00:00,long,1137.618,1153.9945,1132.3662,18.2731775,293.768738,3.061141,3.061141,44,stop,9890.476097
2016-02-05T21:00:00+00:00,2016-02-07T23:00:00+00:00,long,1173.879,1166.7637,1166.7637,13.90029387,-103.074849,-1.042163,-1.042163,2,stop,9787.401248
2016-02-08T11:00:00+00:00,2016-02-08T20:00:00+00:00,long,1175.922,1190.9329,1166.4292,10.31034178,151.674407,1.54969,1.54969,10,stop,9939.075654
2016-02-10T21:00:00+00:00,2016-02-12T00:00:00+00:00,long,1196.499,1237.8253,1188.8358,12.96987636,532.106039,5.353677,5.353677,26,stop,10471.181693
2016-02-16T12:00:00+00:00,2016-02-16T18:00:00+00:00,long,1214.891,1204.9082,1204.9082,10.48922316,-107.858584,-1.030052,-1.030052,7,stop,10363.323109
2016-02-17T17:00:00+00:00,2016-02-17T19:00:00+00:00,long,1212.212,1202.7307,1202.7307,10.93027655,-106.912314,-1.031641,-1.031641,3,stop,10256.410795
2016-02-18T16:00:00+00:00,2016-02-19T01:00:00+00:00,long,1215.134,1228.7387,1208.4048,15.24164952,202.785574,1.977159,1.977159,9,stop,10459.19637
2016-02-23T04:00:00+00:00,2016-02-24T17:00:00+00:00,long,1220.749,1239.7271,1212.3414,12.44016886,232.358718,2.221573,2.221573,37,stop,10691.555088
2016-02-29T20:00:00+00:00,2016-03-01T08:00:00+00:00,long,1238.88,1237.819,1230.8592,13.32978641,-18.141839,-0.169684,-0.169684,12,stop,10673.413248
2016-03-02T15:00:00+00:00,2016-03-04T12:00:00+00:00,long,1239.998,1264.0045,1233.2385,15.79024077,374.331343,3.507138,3.507138,44,stop,11047.744591
2016-03-04T15:00:00+00:00,2016-03-04T15:00:00+00:00,long,1276.271,1266.7252,1266.7252,11.57340882,-113.949469,-1.031427,-1.031427,1,stop,10933.795122
2016-03-08T08:00:00+00:00,2016-03-08T14:00:00+00:00,long,1273.659,1267.6626,1264.9406,12.54105699,-78.963511,-0.722197,-0.722197,7,stop,10854.831611
2016-03-10T15:00:00+00:00,2016-03-11T08:00:00+00:00,long,1263.641,1264.822,1254.1194,11.40021804,10.043592,0.092526,0.092526,17,stop,10864.875203
2016-03-16T19:00:00+00:00,2016-03-17T18:00:00+00:00,long,1258.21,1259.4091,1253.0188,20.92940978,18.817632,0.173197,0.173197,23,stop,10883.692836
2016-03-22T08:00:00+00:00,2016-03-22T08:00:00+00:00,long,1258.18,1252.1717,1252.1717,18.11442976,-114.271257,-1.049931,-1.049931,1,stop,10769.421578
2016-03-29T14:00:00+00:00,2016-03-30T10:00:00+00:00,long,1223.681,1234.4014,1218.7967,22.04905837,229.760008,2.133448,2.133448,20,stop,10999.181586
2016-04-05T02:00:00+00:00,2016-04-05T14:00:00+00:00,long,1225.19,1227.9872,1219.267,18.57028801,46.373723,0.421611,0.421611,13,stop,11045.555309
2016-04-07T05:00:00+00:00,2016-04-08T07:00:00+00:00,long,1229.618,1233.6516,1222.6878,15.93829227,59.507208,0.538743,0.538743,26,stop,11105.062517
2016-04-10T23:00:00+00:00,2016-04-12T13:00:00+00:00,long,1244.979,1255.4993,1238.2623,16.53350979,168.97743,1.521625,1.521625,37,stop,11274.039947
2016-04-17T23:00:00+00:00,2016-04-18T06:00:00+00:00,long,1238.13,1232.5011,1232.5011,20.02885101,-118.749055,-1.053296,-1.053296,8,stop,11155.290893
2016-04-21T07:00:00+00:00,2016-04-21T13:00:00+00:00,long,1258.279,1260.4657,1250.9804,15.28415161,28.836609,0.258502,0.258502,7,stop,11184.127502
2016-04-26T14:00:00+00:00,2016-04-27T13:00:00+00:00,long,1241.349,1245.99,1236.2382,21.88332062,94.995495,0.849378,0.849378,23,stop,11279.122996
2016-04-28T06:00:00+00:00,2016-05-02T13:00:00+00:00,long,1253.251,1292.9802,1245.0046,13.67763266,539.298114,4.781383,4.781383,54,stop,11818.42111
2016-05-05T13:00:00+00:00,2016-05-05T14:00:00+00:00,long,1285.251,1278.2877,1278.2877,16.97244282,-123.275944,-1.043083,-1.043083,2,stop,11695.145166
2016-05-06T13:00:00+00:00,2016-05-06T13:00:00+00:00,long,1291.991,1285.839,1285.839,19.01031399,-122.654546,-1.048765,-1.048765,1,stop,11572.49062
2016-05-06T17:00:00+00:00,2016-05-06T18:00:00+00:00,long,1294.899,1286.6219,1286.6219,13.98133479,-119.919307,-1.036245,-1.036245,2,stop,11452.571314
2016-05-11T02:00:00+00:00,2016-05-11T16:00:00+00:00,long,1269.819,1271.9829,1263.2183,17.35054057,32.339673,0.282379,0.282379,15,stop,11484.910986
2016-05-12T14:00:00+00:00,2016-05-12T14:00:00+00:00,long,1278.93,1273.0946,1273.0946,19.68144598,-120.753544,-1.05141,-1.05141,1,stop,11364.157442
2016-05-16T03:00:00+00:00,2016-05-16T14:00:00+00:00,long,1276.98,1280.9155,1269.9957,16.27100417,59.153236,0.520525,0.520525,12,stop,11423.310678
2016-05-17T15:00:00+00:00,2016-05-17T16:00:00+00:00,long,1281.092,1274.7899,1274.7899,18.12619711,-119.670966,-1.047603,-1.047603,2,stop,11303.639712
2016-06-09T00:00:00+00:00,2016-06-09T07:00:00+00:00,long,1264.799,1259.677,1259.677,22.06880069,-119.657037,-1.058571,-1.058571,8,stop,11183.982675
2016-06-09T16:00:00+00:00,2016-06-10T05:00:00+00:00,long,1269.959,1265.351,1264.0743,19.00518748,-93.27746,-0.834027,-0.834027,13,donch_exit,11090.705215
2016-06-10T14:00:00+00:00,2016-06-10T15:00:00+00:00,long,1275.329,1271.4505,1270.448,22.72219876,-94.944708,-0.856075,-0.856075,2,stop,10995.760507
2016-06-13T06:00:00+00:00,2016-06-13T13:00:00+00:00,long,1282.842,1280.0848,1276.0671,16.23014437,-49.618797,-0.451254,-0.451254,8,stop,10946.14171
2016-06-14T13:00:00+00:00,2016-06-14T15:00:00+00:00,long,1285.879,1280.7895,1280.7358,21.28274559,-114.703357,-1.047888,-1.047888,3,stop,10831.438353
2016-06-15T19:00:00+00:00,2016-06-16T16:00:00+00:00,long,1291.31,1303.4463,1285.6561,19.15746361,226.753487,2.093475,2.093475,21,stop,11058.191839
2016-06-17T20:00:00+00:00,2016-06-19T22:00:00+00:00,long,1297.999,1290.17,1290.17,14.12465428,-114.819315,-1.038319,-1.038319,2,stop,10943.372524
2016-06-21T01:00:00+00:00,2016-06-21T05:00:00+00:00,long,1290.869,1282.9475,1282.9475,13.81477312,-113.578157,-1.037872,-1.037872,5,stop,10829.794367
2016-06-29T03:00:00+00:00,2016-06-29T19:00:00+00:00,long,1320.009,1318.5766,1311.7936,13.18230928,-22.837033,-0.210872,-0.210872,17,stop,10806.957335
2016-06-30T20:00:00+00:00,2016-07-03T22:00:00+00:00,long,1324.069,1335.9783,1317.2956,15.95499651,185.226341,1.713955,1.713955,25,stop,10992.183676
2016-07-04T02:00:00+00:00,2016-07-05T01:00:00+00:00,long,1348.55,1342.6085,1340.262,13.26276988,-82.779578,-0.753077,-0.753077,19,stop,10909.404097
2016-07-05T17:00:00+00:00,2016-07-06T14:00:00+00:00,long,1354.83,1364.3306,1346.2014,12.64330725,116.326013,1.066291,1.066291,21,stop,11025.73011
2016-07-10T23:00:00+00:00,2016-07-11T06:00:00+00:00,long,1372.559,1361.4702,1361.4702,9.94312289,-113.240238,-1.027054,-1.027054,8,stop,10912.489872
2016-07-14T00:00:00+00:00,2016-07-14T01:00:00+00:00,long,1345.579,1339.3783,1337.8274,14.07772572,-91.515072,-0.838627,-0.838627,2,stop,10820.974801
2016-07-17T22:00:00+00:00,2016-07-18T01:00:00+00:00,long,1332.618,1324.1541,1324.1541,12.78485663,-112.045205,-1.035445,-1.035445,4,stop,10708.929596
2016-07-21T16:00:00+00:00,2016-07-22T03:00:00+00:00,long,1329.53,1325.8685,1322.7649,15.82966933,-62.709235,-0.585579,-0.585579,11,stop,10646.220361
2016-07-27T13:00:00+00:00,2016-07-27T18:00:00+00:00,long,1322.829,1323.0028,1318.4979,24.58086943,-3.102106,-0.029138,-0.029138,6,stop,10643.118255
2016-07-27T20:00:00+00:00,2016-07-28T14:00:00+00:00,long,1341.028,1336.5755,1334.5695,16.4792417,-78.317596,-0.735852,-0.735852,18,stop,10564.800659
2016-07-29T13:00:00+00:00,2016-08-02T01:00:00+00:00,long,1345.521,1349.2426,1338.086,14.20955031,48.619397,0.460202,0.460202,35,stop,10613.420056
2016-08-02T08:00:00+00:00,2016-08-03T13:00:00+00:00,long,1358.521,1360.8394,1353.7544,22.26622762,44.942154,0.423446,0.423446,29,stop,10658.36221
2016-08-09T14:00:00+00:00,2016-08-10T13:00:00+00:00,long,1339.521,1351.1826,1335.8671,29.1698246,331.415879,3.109445,3.109445,23,stop,10989.778089
2016-08-11T15:00:00+00:00,2016-08-11T16:00:00+00:00,long,1351.378,1346.0991,1346.0991,20.8183108,-116.143274,-1.05683,-1.05683,2,stop,10873.634815
2016-08-12T13:00:00+00:00,2016-08-12T16:00:00+00:00,long,1355.009,1348.6903,1348.6903,17.20865813,-113.898946,-1.047478,-1.047478,4,stop,10759.735869
2016-08-16T01:00:00+00:00,2016-08-16T12:00:00+00:00,long,1345.76,1348.5811,1341.1359,23.26882176,58.663027,0.545209,0.545209,12,stop,10818.398896
2016-08-18T00:00:00+00:00,2016-08-18T09:00:00+00:00,long,1352.159,1348.6108,1345.5679,16.41364703,-63.162997,-0.583848,-0.583848,10,stop,10755.235899
2016-08-23T08:00:00+00:00,2016-08-23T15:00:00+00:00,long,1340.041,1339.4795,1335.6615,24.55813654,-21.156835,-0.196712,-0.196712,8,stop,10734.079065
2016-09-22T13:00:00+00:00,2016-09-22T18:00:00+00:00,long,1337.271,1337.59,1331.6705,19.16628705,0.364159,0.003393,0.003393,6,stop,10734.443224
2016-09-26T14:00:00+00:00,2016-09-26T18:00:00+00:00,long,1340.919,1336.9207,1336.9207,26.84751826,-115.398688,-1.075032,-1.075032,5,stop,10619.044536
2017-01-12T07:00:00+00:00,2017-01-12T18:00:00+00:00,long,1200.732,1198.0854,1192.7846,13.36165858,-39.371463,-0.370763,-0.370763,12,stop,10579.673073
2017-01-16T00:00:00+00:00,2017-01-17T12:00:00+00:00,long,1203.391,1212.1753,1197.183,17.04199915,144.589433,1.366672,1.366672,32,stop,10724.262507
2017-01-20T02:00:00+00:00,2017-01-20T08:00:00+00:00,long,1207.499,1202.2518,1201.3146,17.34082936,-96.193049,-0.896967,-0.896967,7,stop,10628.069458
2017-01-20T20:00:00+00:00,2017-01-23T14:00:00+00:00,long,1212.669,1210.5612,1206.6957,17.79262628,-42.841086,-0.403094,-0.403094,18,stop,10585.228372
2017-01-27T20:00:00+00:00,2017-01-30T08:00:00+00:00,long,1191.329,1189.805,1186.1947,20.61669239,-37.604847,-0.355258,-0.355258,12,stop,10547.623526
2017-01-30T16:00:00+00:00,2017-01-30T18:00:00+00:00,long,1198.178,1194.1199,1194.1199,25.99153181,-113.273695,-1.073926,-1.073926,3,stop,10434.349831
2017-01-31T03:00:00+00:00,2017-02-01T04:00:00+00:00,long,1199.588,1208.498,1194.314,19.78450859,170.344619,1.632537,1.632537,26,donch_exit,10604.69445
2017-02-02T01:00:00+00:00,2017-02-02T15:00:00+00:00,long,1213.012,1217.1657,1206.9887,17.60612032,67.848706,0.639799,0.639799,15,stop,10672.543156
2017-02-03T16:00:00+00:00,2017-02-03T19:00:00+00:00,long,1219.288,1214.7517,1214.0505,20.3771707,-98.550111,-0.923399,-0.923399,4,stop,10573.993045
2017-02-06T01:00:00+00:00,2017-02-07T07:00:00+00:00,long,1223.729,1230.4844,1217.6385,17.36145316,112.075125,1.059913,1.059913,31,stop,10686.06817
2017-02-08T09:00:00+00:00,2017-02-08T18:00:00+00:00,long,1236.972,1237.2313,1232.2864,22.80618954,-0.928212,-0.008686,-0.008686,10,stop,10685.139958
2017-02-14T13:00:00+00:00,2017-02-14T15:00:00+00:00,long,1233.231,1229.4197,1229.4197,28.03542087,-115.262026,-1.078713,-1.078713,3,stop,10569.877932
2017-02-15T17:00:00+00:00,2017-02-17T07:00:00+00:00,long,1230.201,1236.968,1225.234,21.28020522,137.619087,1.301993,1.301993,37,donch_exit,10707.497019
2017-02-21T18:00:00+00:00,2017-02-22T14:00:00+00:00,long,1238.118,1235.4465,1233.3871,22.63310791,-67.25428,-0.628105,-0.628105,21,stop,10640.242739
2017-02-23T12:00:00+00:00,2017-02-24T14:00:00+00:00,long,1239.099,1256.4787,1234.9538,25.66882838,438.415888,4.120356,4.120356,27,stop,11078.658627
2017-02-27T16:00:00+00:00,2017-02-27T18:00:00+00:00,long,1259.718,1258.5082,1255.7465,27.8954013,-42.116477,-0.380159,-0.380159,3,stop,11036.54215
2017-03-06T00:00:00+00:00,2017-03-06T07:00:00+00:00,long,1236.758,1231.768,1230.4491,17.49360768,-92.541185,-0.838498,-0.838498,8,donch_exit,10944.000965
2017-03-16T02:00:00+00:00,2017-03-17T00:00:00+00:00,long,1224.658,1224.938,1217.4269,15.13462816,-0.302693,-0.002766,-0.002766,22,donch_exit,10943.698273
2017-03-17T12:00:00+00:00,2017-03-20T12:00:00+00:00,long,1230.852,1230.596,1226.6024,25.75230203,-14.31828,-0.130836,-0.130836,24,stop,10929.379993
2017-03-21T14:00:00+00:00,2017-03-22T23:00:00+00:00,long,1239.182,1246.7329,1235.6672,31.09531123,225.468992,2.062962,2.062962,32,stop,11154.848985
2017-03-23T13:00:00+00:00,2017-03-23T14:00:00+00:00,long,1252.052,1248.1437,1248.1437,28.54143486,-120.11092,-1.07676,-1.07676,2,stop,11034.738065
2017-03-26T23:00:00+00:00,2017-03-27T14:00:00+00:00,long,1252.651,1255.108,1247.9785,23.61634685,50.94046,0.461637,0.461637,16,donch_exit,11085.678525
2017-03-28T13:00:00+00:00,2017-03-28T16:00:00+00:00,long,1257.221,1253.9663,1253.7974,32.38018029,-115.101827,-1.038293,-1.038293,4,stop,10970.576698
2017-03-31T17:00:00+00:00,2017-04-03T06:00:00+00:00,long,1249.861,1246.789,1246.0193,28.55656792,-96.292747,-0.877736,-0.877736,13,donch_exit,10874.283951
2017-04-03T15:00:00+00:00,2017-04-04T13:00:00+00:00,long,1252.249,1256.5228,1248.7821,31.36601561,124.642273,1.146211,1.146211,22,stop,10998.926224
2017-04-06T00:00:00+00:00,2017-04-06T10:00:00+00:00,long,1258.198,1252.5828,1252.5828,19.58777287,-115.865594,-1.053426,-1.053426,11,stop,10883.06063
2017-04-07T02:00:00+00:00,2017-04-07T16:00:00+00:00,long,1264.418,1260.9772,1260.9772,31.62944847,-118.319441,-1.087189,-1.087189,15,stop,10764.741189
2017-04-11T08:00:00+00:00,2017-04-13T13:00:00+00:00,long,1257.532,1282.2859,1252.9401,23.44289115,573.270116,5.325443,5.325443,52,stop,11338.011305
2017-04-16T23:00:00+00:00,2017-04-17T05:00:00+00:00,long,1293.452,1289.449,1288.9187,25.01050296,-107.620194,-0.949198,-0.949198,7,stop,11230.391111
2017-04-18T16:00:00+00:00,2017-04-19T05:00:00+00:00,long,1290.722,1285.7209,1284.9945,19.60784131,-103.943128,-0.925552,-0.925552,13,stop,11126.447983
2017-04-21T12:00:00+00:00,2017-04-21T14:00:00+00:00,long,1283.512,1279.3603,1279.3391,26.66358643,-118.698288,-1.066812,-1.066812,3,stop,11007.749695
2017-04-25T00:00:00+00:00,2017-04-25T06:00:00+00:00,long,1277.451,1272.2719,1272.2719,21.25417485,-116.453749,-1.057925,-1.057925,7,stop,10891.295946
2017-04-26T20:00:00+00:00,2017-04-27T06:00:00+00:00,long,1269.479,1264.5239,1264.5239,21.97997204,-115.506951,-1.060544,-1.060544,10,stop,10775.788995
2017-04-28T20:00:00+00:00,2017-05-01T00:00:00+00:00,long,1268.521,1267.0848,1265.2636,33.08095105,-57.435147,-0.533002,-0.533002,4,stop,10718.353848
2017-05-17T23:00:00+00:00,2017-05-18T06:00:00+00:00,long,1261.412,1255.718,1255.4215,17.89225248,-107.246161,-1.000584,-1.000584,8,donch_exit,10611.107686
2017-05-18T11:00:00+00:00,2017-05-18T12:00:00+00:00,long,1263.861,1256.9462,1256.9462,15.34550195,-110.714727,-1.043385,-1.043385,2,stop,10500.392959
2017-05-21T23:00:00+00:00,2017-05-22T02:00:00+00:00,long,1257.072,1252.1629,1252.1629,21.38964975,-111.420825,-1.061111,-1.061111,4,stop,10388.972134
2017-05-22T13:00:00+00:00,2017-05-23T07:00:00+00:00,long,1258.481,1259.4237,1254.5313,26.30319299,16.905062,0.162721,0.162721,18,stop,10405.877196
2017-05-24T19:00:00+00:00,2017-05-25T12:00:00+00:00,long,1255.291,1255.2151,1251.2068,25.47837323,-9.57732,-0.092038,-0.092038,17,stop,10396.299876
2017-05-26T07:00:00+00:00,2017-05-30T04:00:00+00:00,long,1261.151,1267.7063,1257.0086,25.0972863,156.991055,1.510067,1.510067,41,stop,10553.290931
2017-05-31T10:00:00+00:00,2017-05-31T20:00:00+00:00,long,1264.771,1267.7565,1260.9273,27.4560734,73.733285,0.698676,0.698676,11,stop,10627.024216
2017-06-02T13:00:00+00:00,2017-06-05T15:00:00+00:00,long,1273.679,1278.599,1269.5814,25.93475258,119.818557,1.127489,1.127489,26,donch_exit,10746.842773
2017-06-06T03:00:00+00:00,2017-06-07T10:00:00+00:00,long,1284.318,1290.1953,1280.8814,31.27173012,174.41182,1.622912,1.622912,31,stop,10921.254593
2017-06-14T03:00:00+00:00,2017-06-14T11:00:00+00:00,long,1269.238,1265.5673,1265.1861,26.95341591,-107.023929,-0.97996,-0.97996,9,stop,10814.230665
2017-06-14T13:00:00+00:00,2017-06-14T18:00:00+00:00,long,1276.321,1272.9821,1272.9301,31.89191856,-116.051502,-1.073137,-1.073137,6,stop,10698.179162
2017-07-24T00:00:00+00:00,2017-07-24T06:00:00+00:00,long,1256.142,1252.5594,1252.5594,29.8614949,-115.94024,-1.083738,-1.083738,7,stop,10582.238922
2017-07-24T13:00:00+00:00,2017-07-24T16:00:00+00:00,long,1258.119,1254.4144,1254.4144,28.56513233,-114.391929,-1.08098,-1.08098,4,stop,10467.846993
2017-07-26T18:00:00+00:00,2017-07-27T14:00:00+00:00,long,1250.699,1258.9277,1247.193,29.85695092,236.726807,2.261466,2.261466,20,stop,10704.5738
2017-07-28T13:00:00+00:00,2017-07-31T03:00:00+00:00,long,1263.568,1267.388,1259.4988,26.30633491,92.598299,0.865035,0.865035,14,donch_exit,10797.172099
2017-08-01T15:00:00+00:00,2017-08-01T19:00:00+00:00,long,1272.908,1268.631,1268.631,25.24473252,-115.545141,-1.070143,-1.070143,5,stop,10681.626958
2017-08-08T02:00:00+00:00,2017-08-08T14:00:00+00:00,long,1260.021,1260.9799,1257.0265,35.6708197,23.503503,0.220037,0.220037,13,stop,10705.130461
2017-08-09T01:00:00+00:00,2017-08-11T12:00:00+00:00,long,1265.991,1283.8975,1260.8963,21.01228818,369.952852,3.455846,3.455846,58,stop,11075.083313
2017-08-16T17:00:00+00:00,2017-08-17T10:00:00+00:00,long,1274.621,1283.8283,1270.921,29.9326576,266.619161,2.407378,2.407378,17,stop,11341.702474
2017-08-18T08:00:00+00:00,2017-08-18T14:00:00+00:00,long,1292.949,1292.7791,1287.7621,21.86605193,-10.274858,-0.090594,-0.090594,7,stop,11331.427617
2017-08-21T14:00:00+00:00,2017-08-22T01:00:00+00:00,long,1291.771,1288.1741,1286.8152,22.86498167,-89.102547,-0.786331,-0.786331,11,stop,11242.325069
2017-08-23T12:00:00+00:00,2017-08-24T07:00:00+00:00,long,1289.869,1286.9359,1286.1803,30.47774302,-98.537591,-0.876488,-0.876488,19,stop,11143.787478
2017-08-28T06:00:00+00:00,2017-08-29T14:00:00+00:00,long,1294.979,1317.2722,1288.5139,17.23683698,379.093203,3.401834,3.401834,32,stop,11522.880682
2017-08-31T15:00:00+00:00,2017-09-01T06:00:00+00:00,long,1316.511,1318.411,1311.2798,22.02722259,35.243556,0.305857,0.305857,15,donch_exit,11558.124238
2017-09-03T23:00:00+00:00,2017-09-05T07:00:00+00:00,long,1335.001,1331.5911,1329.1031,19.59701629,-72.702971,-0.62902,-0.62902,28,stop,11485.421267
2017-09-05T19:00:00+00:00,2017-09-06T04:00:00+00:00,long,1343.528,1337.5441,1337.5441,19.19387234,-120.612374,-1.050135,-1.050135,9,stop,11364.808893
2017-09-07T13:00:00+00:00,2017-09-07T13:00:00+00:00,long,1343.869,1339.5262,1339.5262,26.16931218,-121.498883,-1.06908,-1.06908,1,stop,11243.31001
2017-09-08T03:00:00+00:00,2017-09-08T12:00:00+00:00,long,1352.081,1348.4997,1345.6759,17.5536838,-68.131113,-0.60597,-0.60597,10,stop,11175.178897
2017-09-12T19:00:00+00:00,2017-09-13T13:00:00+00:00,long,1330.811,1330.3598,1326.1056,23.7496895,-17.840767,-0.159646,-0.159646,18,stop,11157.33813
2017-09-14T18:00:00+00:00,2017-09-15T07:00:00+00:00,long,1329.072,1327.4334,1323.5618,20.24851753,-39.253776,-0.35182,-0.35182,13,stop,11118.084354
2017-09-19T14:00:00+00:00,2017-09-19T16:00:00+00:00,long,1310.292,1306.0264,1306.0264,26.06452634,-119.000201,-1.07033,-1.07033,3,stop,10999.084153
2017-09-19T20:00:00+00:00,2017-09-20T12:00:00+00:00,long,1310.992,1311.409,1306.614,25.12353621,2.939454,0.026725,0.026725,16,stop,11002.023607
2017-09-25T15:00:00+00:00,2017-09-26T07:00:00+00:00,long,1298.321,1306.7853,1293.8978,24.8734482,203.074293,1.84579,1.84579,16,stop,11205.0979
2017-10-16T00:00:00+00:00,2017-10-16T17:00:00+00:00,long,1304.178,1302.4742,1299.3666,23.28864343,-46.665784,-0.416469,-0.416469,18,stop,11158.432116
2017-11-27T09:00:00+00:00,2017-11-27T14:00:00+00:00,long,1291.711,1294.4415,1288.074,30.68031926,74.568516,0.668271,0.668271,6,stop,11233.000632
2017-12-26T02:00:00+00:00,2017-12-27T12:00:00+00:00,long,1278.632,1283.4884,1275.5974,37.01641281,168.661583,1.501483,1.501483,34,stop,11401.662215
2017-12-27T16:00:00+00:00,2017-12-28T13:00:00+00:00,long,1286.361,1289.8213,1283.6251,41.6742652,131.70318,1.155123,1.155123,21,stop,11533.365396
2017-12-29T02:00:00+00:00,2017-12-29T18:00:00+00:00,long,1295.632,1303.1037,1292.3607,35.25621434,252.846992,2.192309,2.192309,17,stop,11786.212388
2018-01-02T07:00:00+00:00,2018-01-03T02:00:00+00:00,long,1309.902,1316.2477,1305.5041,26.79963707,162.022566,1.374679,1.374679,19,stop,11948.234954
2018-01-04T16:00:00+00:00,2018-01-05T06:00:00+00:00,long,1319.778,1318.6589,1313.894,20.30631365,-28.81669,-0.241179,-0.241179,14,stop,11919.418264
2018-01-10T11:00:00+00:00,2018-01-10T13:00:00+00:00,long,1321.199,1318.4763,1316.5092,25.4156217,-76.8238,-0.644526,-0.644526,3,stop,11842.594464
2018-01-11T14:00:00+00:00,2018-01-12T13:00:00+00:00,long,1320.918,1327.818,1316.6625,27.82891426,183.670834,1.550934,1.550934,23,stop,12026.265299
2018-01-12T19:00:00+00:00,2018-01-16T08:00:00+00:00,long,1337.679,1337.7253,1332.2754,22.25602431,-5.646353,-0.04695,-0.04695,33,stop,12020.618945
2018-01-17T01:00:00+00:00,2018-01-17T02:00:00+00:00,long,1341.871,1338.2457,1336.8619,23.99756233,-94.197631,-0.783634,-0.783634,2,stop,11926.421314
2018-01-19T08:00:00+00:00,2018-01-19T20:00:00+00:00,long,1334.901,1332.162,1329.6349,22.64754052,-68.825876,-0.577087,-0.577087,13,donch_exit,11857.595438
2018-01-23T02:00:00+00:00,2018-01-23T14:00:00+00:00,long,1336.561,1332.9229,1332.1195,26.69727668,-105.136545,-0.88666,-0.88666,13,stop,11752.458893
2018-01-23T20:00:00+00:00,2018-01-25T08:00:00+00:00,long,1340.541,1359.1077,1336.31,27.77702409,507.394566,4.317348,4.317348,35,stop,12259.853459
2018-01-31T21:00:00+00:00,2018-02-01T07:00:00+00:00,long,1345.671,1340.2168,1339.9222,21.32593491,-122.713695,-1.000939,-1.000939,10,stop,12137.139764
2018-02-01T21:00:00+00:00,2018-02-02T09:00:00+00:00,long,1349.792,1345.851,1344.1771,21.61595,-91.673244,-0.755312,-0.755312,12,donch_exit,12045.46652
2018-02-06T03:00:00+00:00,2018-02-06T12:00:00+00:00,long,1344.522,1338.4231,1338.4231,19.75022794,-126.379734,-1.049189,-1.049189,10,stop,11919.086787
2018-02-08T18:00:00+00:00,2018-02-09T08:00:00+00:00,long,1319.829,1315.0129,1313.1703,17.9000207,-91.578296,-0.768333,-0.768333,14,stop,11827.508491
2018-02-12T02:00:00+00:00,2018-02-12T12:00:00+00:00,long,1323.732,1316.9491,1316.9491,17.43724438,-123.506258,-1.044229,-1.044229,11,stop,11704.002232
2018-02-13T05:00:00+00:00,2018-02-13T14:00:00+00:00,long,1326.068,1324.3564,1321.3563,24.84029593,-49.968739,-0.426937,-0.426937,10,stop,11654.033493
2018-02-14T00:00:00+00:00,2018-02-14T09:00:00+00:00,long,1331.872,1330.9815,1327.0207,24.02249602,-28.598782,-0.245398,-0.245398,10,stop,11625.434712
2018-02-14T16:00:00+00:00,2018-02-15T11:00:00+00:00,long,1348.308,1350.998,1342.1498,18.87797524,45.118361,0.3881,0.3881,19,donch_exit,11670.553073
2018-02-16T05:00:00+00:00,2018-02-16T12:00:00+00:00,long,1358.689,1354.9068,1353.259,21.49273126,-87.737628,-0.751786,-0.751786,8,stop,11582.815445
2018-02-26T02:00:00+00:00,2018-02-26T14:00:00+00:00,long,1333.722,1335.2379,1329.424,26.94931467,32.767672,0.282899,0.282899,13,stop,11615.583117
2018-03-07T00:00:00+00:00,2018-03-07T04:00:00+00:00,long,1339.058,1334.0195,1334.0195,23.0536531,-123.071927,-1.059542,-1.059542,5,stop,11492.51119
2018-03-26T14:00:00+00:00,2018-03-27T08:00:00+00:00,long,1352.721,1350.8405,1348.0585,24.64881756,-53.746747,-0.467668,-0.467668,18,stop,11438.764443
2018-04-04T09:00:00+00:00,2018-04-04T13:00:00+00:00,long,1342.018,1341.9188,1336.9563,22.5986614,-9.021386,-0.078867,-0.078867,5,stop,11429.743057
2018-04-09T17:00:00+00:00,2018-04-10T02:00:00+00:00,long,1335.221,1333.2037,1330.8829,26.34734805,-61.05471,-0.534174,-0.534174,9,stop,11368.688348
2018-04-11T07:00:00+00:00,2018-04-11T17:00:00+00:00,long,1344.642,1355.3411,1340.1851,25.50806244,265.260892,2.333259,2.333259,11,stop,11633.94924
2018-04-13T14:00:00+00:00,2018-04-15T22:00:00+00:00,long,1343.678,1341.3914,1338.726,23.49343546,-60.76812,-0.522334,-0.522334,8,stop,11573.18112
2018-04-16T02:00:00+00:00,2018-04-16T07:00:00+00:00,long,1347.269,1341.658,1341.1342,18.86480589,-111.509868,-0.96352,-0.96352,6,stop,11461.671252
2018-04-16T15:00:00+00:00,2018-04-17T03:00:00+00:00,long,1349.241,1343.8343,1343.524,20.0484017,-114.410214,-0.998198,-0.998198,12,stop,11347.261038
2018-04-18T11:00:00+00:00,2018-04-18T13:00:00+00:00,long,1349.089,1348.6132,1344.6182,25.38082902,-19.690447,-0.173526,-0.173526,3,stop,11327.570591
2018-10-15T07:00:00+00:00,2018-10-15T13:00:00+00:00,long,1224.838,1226.8409,1219.9059,22.9670335,39.110561,0.345269,0.345269,7,stop,11366.681152
2018-10-18T16:00:00+00:00,2018-10-18T19:00:00+00:00,long,1229.329,1225.2317,1225.2317,27.74188161,-121.989376,-1.073219,-1.073219,4,stop,11244.691776
2018-10-23T07:00:00+00:00,2018-10-23T14:00:00+00:00,long,1229.438,1233.8218,1226.2795,35.60136703,145.388863,1.292956,1.292956,8,stop,11390.080639
2018-10-25T00:00:00+00:00,2018-10-25T07:00:00+00:00,long,1235.208,1233.055,1230.3588,23.48857675,-57.617479,-0.505857,-0.505857,8,stop,11332.46316
2018-10-26T08:00:00+00:00,2018-10-26T12:00:00+00:00,long,1236.408,1232.8734,1232.3622,28.01043838,-107.408827,-0.947798,-0.947798,5,stop,11225.054333
2018-10-26T15:00:00+00:00,2018-10-26T16:00:00+00:00,long,1243.222,1238.6771,1238.6771,24.6981327,-119.659983,-1.066008,-1.066008,2,stop,11105.39435
2018-11-01T07:00:00+00:00,2018-11-02T12:00:00+00:00,long,1222.03,1230.9322,1217.7638,26.03111516,223.924859,2.016361,2.016361,29,stop,11329.319209
2018-11-06T09:00:00+00:00,2018-11-06T14:00:00+00:00,long,1233.965,1232.4491,1230.2344,30.36862491,-55.146386,-0.486758,-0.486758,6,stop,11274.172823
2018-11-16T14:00:00+00:00,2018-11-19T04:00:00+00:00,long,1222.998,1219.635,1219.3307,30.74243401,-112.609536,-0.998827,-0.998827,14,donch_exit,11161.563287
2018-11-20T14:00:00+00:00,2018-11-20T15:00:00+00:00,long,1226.718,1223.2872,1223.2872,32.53341287,-121.375657,-1.087443,-1.087443,2,stop,11040.18763
2018-11-21T14:00:00+00:00,2018-11-23T06:00:00+00:00,long,1226.198,1225.7968,1223.0776,35.38068078,-24.808933,-0.224715,-0.224715,35,stop,11015.378697
2018-11-26T08:00:00+00:00,2018-11-26T14:00:00+00:00,long,1227.218,1223.4588,1223.4588,29.3024545,-118.944523,-1.079804,-1.079804,7,stop,10896.434174
2018-11-28T18:00:00+00:00,2018-11-29T18:00:00+00:00,long,1221.118,1223.8935,1217.9874,34.80621662,86.162789,0.790743,0.790743,24,stop,10982.596963
2018-12-03T05:00:00+00:00,2018-12-04T17:00:00+00:00,long,1225.098,1236.7264,1221.4319,29.95716692,339.36677,3.090041,3.090041,36,stop,11321.963732
2018-12-06T01:00:00+00:00,2018-12-06T06:00:00+00:00,long,1239.245,1236.7874,1236.0782,35.75206433,-98.589893,-0.870784,-0.870784,6,stop,11223.37384
2018-12-06T15:00:00+00:00,2018-12-06T17:00:00+00:00,long,1243.618,1239.9281,1239.9281,30.41647156,-121.35868,-1.081303,-1.081303,3,stop,11102.01516
2018-12-07T14:00:00+00:00,2018-12-10T07:00:00+00:00,long,1243.918,1247.478,1240.5482,32.94562039,107.402722,0.967416,0.967416,17,donch_exit,11209.417882
2018-12-11T09:00:00+00:00,2018-12-11T14:00:00+00:00,long,1248.408,1245.106,1244.706,30.27935679,-109.066243,-0.972988,-0.972988,6,stop,11100.351639
2018-12-17T14:00:00+00:00,2018-12-18T06:00:00+00:00,long,1241.538,1245.1241,1238.4101,35.4881922,116.617748,1.050577,1.050577,16,stop,11216.969388
2018-12-18T10:00:00+00:00,2018-12-18T14:00:00+00:00,long,1249.178,1245.9931,1245.7578,32.7962382,-114.29161,-1.018917,-1.018917,5,stop,11102.677777
2018-12-19T15:00:00+00:00,2018-12-19T17:00:00+00:00,long,1255.618,1252.9822,1252.9822,42.12261089,-123.663561,-1.113817,-1.113817,3,stop,10979.014216
2018-12-20T15:00:00+00:00,2018-12-21T09:00:00+00:00,long,1259.325,1258.1709,1253.4732,18.76177282,-27.281494,-0.248488,-0.248488,18,stop,10951.732722
2018-12-24T03:00:00+00:00,2018-12-24T10:00:00+00:00,long,1263.908,1259.2483,1259.2483,23.50308544,-116.568253,-1.064382,-1.064382,8,stop,10835.164469
2018-12-24T15:00:00+00:00,2018-12-26T00:00:00+00:00,long,1266.278,1264.264,1262.2185,26.69088427,-61.762706,-0.570021,-0.570021,6,stop,10773.401763
2018-12-26T03:00:00+00:00,2018-12-26T17:00:00+00:00,long,1272.358,1273.0244,1267.151,20.69022808,7.5809,0.070367,0.070367,15,stop,10780.982663
2018-12-27T18:00:00+00:00,2018-12-28T09:00:00+00:00,long,1277.388,1276.4472,1272.4708,21.92504406,-27.204595,-0.252339,-0.252339,15,stop,10753.778068
2018-12-31T08:00:00+00:00,2018-12-31T13:00:00+00:00,long,1281.028,1280.7235,1277.2925,28.78805533,-17.402379,-0.161826,-0.161826,6,stop,10736.375689
2019-01-02T06:00:00+00:00,2019-01-02T13:00:00+00:00,long,1286.158,1283.5215,1281.9558,25.54941623,-75.025861,-0.698801,-0.698801,8,stop,10661.349828
2019-01-03T07:00:00+00:00,2019-01-03T11:00:00+00:00,long,1292.105,1286.4453,1286.4453,18.83730556,-112.26469,-1.053006,-1.053006,5,stop,10549.085138
2019-01-03T20:00:00+00:00,2019-01-04T08:00:00+00:00,long,1293.298,1291.6578,1287.7531,19.0248429,-36.912,-0.349907,-0.349907,12,stop,10512.173138
2019-01-09T15:00:00+00:00,2019-01-10T09:00:00+00:00,long,1288.355,1292.1991,1284.919,30.59421751,108.428966,1.031461,1.031461,18,stop,10620.602104
2019-01-14T09:00:00+00:00,2019-01-14T13:00:00+00:00,long,1293.665,1291.7525,1289.4188,25.01201569,-55.339085,-0.521054,-0.521054,5,stop,10565.263019
2019-01-15T15:00:00+00:00,2019-01-15T15:00:00+00:00,long,1294.365,1291.0568,1291.0568,31.93659095,-115.233607,-1.090684,-1.090684,1,stop,10450.029412
2019-01-16T16:00:00+00:00,2019-01-17T04:00:00+00:00,long,1292.888,1291.3586,1289.6159,31.93676664,-58.425121,-0.55909,-0.55909,12,stop,10391.604291
2019-01-22T09:00:00+00:00,2019-01-22T15:00:00+00:00,long,1284.455,1281.1303,1281.1303,31.25576531,-113.292773,-1.090234,-1.090234,7,stop,10278.311519
2019-01-22T20:00:00+00:00,2019-01-23T13:00:00+00:00,long,1285.265,1283.0279,1281.7623,29.34396756,-74.44858,-0.724327,-0.724327,17,stop,10203.862938
2019-01-25T08:00:00+00:00,2019-01-28T11:00:00+00:00,long,1284.545,1299.535,1281.0517,29.20981003,429.092109,4.205193,4.205193,27,donch_exit,10632.955048
2019-01-29T07:00:00+00:00,2019-01-30T12:00:00+00:00,long,1304.975,1312.075,1301.7238,32.70470918,222.392022,2.091535,2.091535,29,donch_exit,10855.34707
2019-01-30T20:00:00+00:00,2019-01-31T16:00:00+00:00,long,1319.865,1320.2414,1316.4236,31.54340405,2.409916,0.0222,0.0222,20,stop,10857.756986
2019-02-08T12:00:00+00:00,2019-02-11T02:00:00+00:00,long,1312.148,1312.025,1308.9865,34.34368808,-14.52738,-0.133797,-0.133797,14,donch_exit,10843.229606
2019-02-12T07:00:00+00:00,2019-02-12T14:00:00+00:00,long,1311.345,1310.1525,1307.7052,29.79072918,-44.462663,-0.41005,-0.41005,8,stop,10798.766943
2019-02-13T16:00:00+00:00,2019-02-13T17:00:00+00:00,long,1314.415,1311.045,1311.045,32.04381882,-117.600815,-1.089021,-1.089021,2,stop,10681.166128
2019-02-14T18:00:00+00:00,2019-02-15T15:00:00+00:00,long,1313.965,1314.7223,1309.4638,23.72959684,10.851545,0.101595,0.101595,21,stop,10692.017672
2019-02-15T19:00:00+00:00,2019-02-19T04:00:00+00:00,long,1320.625,1323.5801,1317.0999,30.33110457,80.532116,0.753198,0.753198,28,stop,10772.549788
2019-02-19T09:00:00+00:00,2019-02-20T06:00:00+00:00,long,1328.585,1341.5415,1325.6304,36.46026463,461.459339,4.283659,4.283659,21,stop,11234.009128
2019-02-22T17:00:00+00:00,2019-02-22T19:00:00+00:00,long,1330.698,1328.2312,1326.1744,24.83422302,-68.711328,-0.611637,-0.611637,3,stop,11165.297799
2019-03-20T19:00:00+00:00,2019-03-21T10:00:00+00:00,long,1314.348,1314.238,1310.0029,25.69629652,-10.535482,-0.094359,-0.094359,15,donch_exit,11154.762318
2019-03-22T14:00:00+00:00,2019-03-26T04:00:00+00:00,long,1314.305,1319.765,1309.7599,24.54239141,126.63874,1.135289,1.135289,37,donch_exit,11281.401057
2019-05-14T00:00:00+00:00,2019-05-14T06:00:00+00:00,long,1301.685,1297.368,1297.1409,24.82648062,-114.623861,-1.016043,-1.016043,7,donch_exit,11166.777196
2019-05-31T00:00:00+00:00,2019-06-04T09:00:00+00:00,long,1290.448,1323.0439,1286.5934,28.97000258,935.612306,8.378535,8.378535,56,stop,12102.389503
2019-06-05T07:00:00+00:00,2019-06-05T11:00:00+00:00,long,1333.478,1333.5497,1328.3479,23.59094268,-5.385812,-0.044502,-0.044502,5,stop,12097.003691
2019-06-05T13:00:00+00:00,2019-06-05T14:00:00+00:00,long,1340.788,1335.7097,1335.7097,23.82097098,-128.116328,-1.059075,-1.059075,2,stop,11968.887362
2019-06-06T16:00:00+00:00,2019-06-06T18:00:00+00:00,long,1338.388,1333.9517,1333.5128,24.55055662,-116.278801,-0.971509,-0.971509,3,stop,11852.608561
2019-06-07T13:00:00+00:00,2019-06-07T15:00:00+00:00,long,1340.998,1339.1454,1336.61,27.01141422,-58.14477,-0.490565,-0.490565,3,stop,11794.463791
2019-06-12T03:00:00+00:00,2019-06-12T12:00:00+00:00,long,1332.145,1333.3371,1327.9112,27.85786714,24.852003,0.210709,0.210709,10,stop,11819.315794
2019-06-13T16:00:00+00:00,2019-06-14T12:00:00+00:00,long,1339.025,1349.8074,1335.05,29.73412778,311.685021,2.637082,2.637082,20,stop,12131.000815
2019-06-18T06:00:00+00:00,2019-06-18T13:00:00+00:00,long,1345.805,1346.9841,1341.322,27.06000628,23.788452,0.196096,0.196096,8,stop,12154.789267
2019-06-19T19:00:00+00:00,2019-06-21T06:00:00+00:00,long,1352.078,1396.1222,1347.6402,27.38922274,1198.119637,9.857181,9.857181,34,stop,13352.908904
2019-06-24T16:00:00+00:00,2019-06-25T05:00:00+00:00,long,1413.695,1427.3165,1405.634,16.56482931,220.668374,1.652587,1.652587,13,stop,13573.577278
2019-06-28T00:00:00+00:00,2019-06-28T06:00:00+00:00,long,1410.975,1414.2541,1404.2495,20.18225749,60.124963,0.442956,0.442956,7,stop,13633.702241
2019-07-02T16:00:00+00:00,2019-07-03T02:00:00+00:00,long,1403.568,1423.7504,1397.4717,22.36389653,444.647936,3.261388,3.261388,10,stop,14078.350177
2019-07-04T23:00:00+00:00,2019-07-05T00:00:00+00:00,long,1422.928,1417.7767,1417.7767,27.32970353,-148.982413,-1.058238,-1.058238,2,stop,13929.367764
2019-07-10T13:00:00+00:00,2019-07-10T15:00:00+00:00,long,1410.085,1404.9613,1404.9613,27.18615017,-147.449523,-1.058551,-1.058551,3,stop,13781.918242
2019-07-10T17:00:00+00:00,2019-07-11T12:00:00+00:00,long,1411.855,1416.652,1404.2387,18.09529331,81.374534,0.590444,0.590444,19,stop,13863.292776
2019-07-12T18:00:00+00:00,2019-07-15T02:00:00+00:00,long,1412.708,1410.6931,1405.9433,20.49358105,-47.440591,-0.342203,-0.342203,8,stop,13815.852185
2019-07-17T15:00:00+00:00,2019-07-18T05:00:00+00:00,long,1418.148,1420.4128,1412.2067,23.25392117,45.689304,0.330702,0.330702,14,stop,13861.541489
2019-07-18T19:00:00+00:00,2019-07-19T06:00:00+00:00,long,1437.648,1437.028,1429.8057,17.67535224,-16.261324,-0.117313,-0.117313,11,stop,13845.280165
2019-07-25T12:00:00+00:00,2019-07-25T12:00:00+00:00,long,1431.478,1426.7401,1426.7401,29.22239846,-147.219521,-1.063319,-1.063319,1,stop,13698.060644
2019-07-29T19:00:00+00:00,2019-07-31T13:00:00+00:00,long,1424.468,1428.7241,1419.9488,30.31080865,119.91259,0.875398,0.875398,41,stop,13817.973234
2019-08-01T18:00:00+00:00,2019-08-02T01:00:00+00:00,long,1438.408,1434.9961,1429.8467,16.14004092,-59.910218,-0.433567,-0.433567,7,stop,13758.063016
2019-08-05T02:00:00+00:00,2019-08-05T15:00:00+00:00,long,1449.058,1456.7327,1439.7411,14.76678189,108.900586,0.79154,0.79154,14,stop,13866.963603
2019-08-05T23:00:00+00:00,2019-08-06T01:00:00+00:00,long,1473.958,1463.2957,1462.738,12.3591476,-135.484684,-0.977032,-0.977032,3,stop,13731.478919
2019-08-07T00:00:00+00:00,2019-08-07T14:00:00+00:00,long,1476.735,1497.4026,1467.8038,15.37473007,313.146352,2.2805,2.2805,15,stop,14044.625271
2019-08-08T19:00:00+00:00,2019-08-09T12:00:00+00:00,long,1506.955,1496.8813,1495.7026,12.48144864,-129.478804,-0.92191,-0.92191,17,stop,13915.146467
2019-08-12T12:00:00+00:00,2019-08-13T12:00:00+00:00,long,1506.548,1522.9241,1497.5581,15.47864433,248.836234,1.78824,1.78824,24,stop,14163.982701
2019-08-14T12:00:00+00:00,2019-08-14T17:00:00+00:00,long,1515.565,1512.3262,1504.211,12.47488348,-44.146118,-0.311679,-0.311679,6,stop,14119.836584
2019-08-20T10:00:00+00:00,2019-08-21T03:00:00+00:00,long,1504.258,1502.3279,1497.7386,21.65818416,-48.299917,-0.342071,-0.342071,17,stop,14071.536667
2019-08-23T14:00:00+00:00,2019-08-26T06:00:00+00:00,long,1505.148,1536.5585,1500.6438,31.24092329,971.920744,6.906998,6.906998,16,stop,15043.457411
2019-08-27T15:00:00+00:00,2019-08-28T02:00:00+00:00,long,1538.108,1536.7476,1532.6855,27.74266005,-46.063913,-0.306206,-0.306206,11,stop,14997.393498
2019-08-28T12:00:00+00:00,2019-08-28T13:00:00+00:00,long,1545.368,1537.2759,1537.2759,18.53337638,-155.533948,-1.037073,-1.037073,2,stop,14841.859551
2019-08-29T07:00:00+00:00,2019-08-29T07:00:00+00:00,long,1549.225,1542.0118,1542.0118,20.57597121,-154.591387,-1.04159,-1.04159,1,stop,14687.268164
2019-09-03T09:00:00+00:00,2019-09-04T01:00:00+00:00,long,1532.198,1541.9629,1526.3887,25.28233722,239.294794,1.629267,1.629267,16,stop,14926.562957
2019-09-04T18:00:00+00:00,2019-09-05T00:00:00+00:00,long,1555.515,1547.5399,1547.5399,18.71645867,-154.880567,-1.037617,-1.037617,6,stop,14771.68239
2019-09-06T14:00:00+00:00,2019-09-06T16:00:00+00:00,long,1524.398,1515.1871,1515.1871,16.03717594,-152.527977,-1.03257,-1.03257,3,stop,14619.154413
2019-09-12T07:00:00+00:00,2019-09-12T14:00:00+00:00,long,1500.975,1507.5364,1494.3331,22.01050063,137.816549,0.942712,0.942712,8,stop,14756.970962
2019-09-18T15:00:00+00:00,2019-09-18T18:00:00+00:00,long,1506.998,1504.1164,1503.0514,37.39160534,-118.965132,-0.806162,-0.806162,4,stop,14638.005831
2019-09-20T06:00:00+00:00,2019-09-20T11:00:00+00:00,long,1505.625,1500.0431,1500.0431,26.22405602,-154.247275,-1.053745,-1.053745,6,stop,14483.758555
2019-09-20T18:00:00+00:00,2019-09-24T13:00:00+00:00,long,1510.028,1518.8699,1504.7399,27.38934316,233.95703,1.615306,1.615306,42,stop,14717.715586
2019-09-24T16:00:00+00:00,2019-09-24T18:00:00+00:00,long,1527.198,1527.3262,1521.5262,25.94893259,-4.458027,-0.03029,-0.03029,3,stop,14713.257559
2019-10-03T15:00:00+00:00,2019-10-03T15:00:00+00:00,long,1513.735,1506.779,1506.779,21.15189413,-153.478144,-1.043128,-1.043128,1,stop,14559.779415
2019-10-09T23:00:00+00:00,2019-10-10T00:00:00+00:00,long,1515.248,1507.9525,1507.9525,19.9572057,-151.584956,-1.041121,-1.041121,2,stop,14408.194459
2019-12-23T07:00:00+00:00,2019-12-23T12:00:00+00:00,long,1483.408,1481.6853,1480.5651,48.56450302,-98.23142,-0.711492,-0.681775,6,stop,14309.963039
2019-12-24T02:00:00+00:00,2019-12-26T16:00:00+00:00,long,1487.528,1507.7186,1484.1124,41.89589835,833.334556,5.823457,5.823457,35,stop,15143.297595
2019-12-27T03:00:00+00:00,2019-12-27T06:00:00+00:00,long,1513.475,1508.6896,1508.6896,31.64478956,-160.926413,-1.062691,-1.062691,4,stop,14982.371182
2019-12-31T02:00:00+00:00,2019-12-31T12:00:00+00:00,long,1521.225,1520.8068,1517.9956,46.39366812,-33.319932,-0.222394,-0.222394,11,stop,14949.05125
2020-01-02T14:00:00+00:00,2020-01-02T17:00:00+00:00,long,1528.008,1524.0213,1523.7973,35.50253224,-152.188705,-1.018049,-1.018049,4,stop,14796.862545
2020-01-03T02:00:00+00:00,2020-01-03T13:00:00+00:00,long,1534.928,1542.4252,1530.0043,30.05232355,216.292583,1.461746,1.461746,12,stop,15013.155128
2020-01-06T00:00:00+00:00,2020-01-06T15:00:00+00:00,long,1569.145,1567.7977,1561.0939,18.64733406,-30.717753,-0.204606,-0.204606,16,stop,14982.437374
2020-01-07T18:00:00+00:00,2020-01-08T02:00:00+00:00,long,1571.835,1587.0483,1563.5213,18.02138323,268.758294,1.793822,1.793822,8,stop,15251.195669
2020-01-10T16:00:00+00:00,2020-01-13T01:00:00+00:00,long,1558.615,1555.3541,1551.9394,22.84617962,-81.352961,-0.53342,-0.53342,9,stop,15169.842708
2020-01-15T00:00:00+00:00,2020-01-15T13:00:00+00:00,long,1549.475,1547.4089,1543.3913,24.93522479,-58.999235,-0.388925,-0.388925,14,stop,15110.843472
2020-01-17T13:00:00+00:00,2020-01-17T15:00:00+00:00,long,1558.928,1554.135,1554.135,31.52690063,-160.566505,-1.062591,-1.062591,3,stop,14950.276967
2020-01-20T06:00:00+00:00,2020-01-21T07:00:00+00:00,long,1561.755,1562.999,1556.7794,30.04718419,28.364542,0.189726,0.189726,21,stop,14978.641509
2020-01-23T00:00:00+00:00,2020-01-23T02:00:00+00:00,long,1561.365,1556.7888,1556.545,31.07601973,-151.532887,-1.01166,-1.01166,3,stop,14827.108622
2020-01-23T18:00:00+00:00,2020-01-23T19:00:00+00:00,long,1567.208,1560.3944,1560.3944,21.7610494,-154.799401,-1.04403,-1.04403,2,stop,14672.309221
2020-01-24T16:00:00+00:00,2020-01-28T07:00:00+00:00,long,1569.978,1577.065,1564.4517,26.54996873,180.194638,1.228127,1.228127,38,donch_exit,14852.503859
2020-01-29T20:00:00+00:00,2020-01-30T14:00:00+00:00,long,1576.578,1575.4415,1571.3174,28.2334788,-40.557392,-0.273068,-0.273068,18,stop,14811.946466
2020-01-30T16:00:00+00:00,2020-01-30T19:00:00+00:00,long,1583.575,1577.793,1577.2869,23.5555199,-143.264672,-0.967224,-0.967224,4,stop,14668.681794
2020-01-31T16:00:00+00:00,2020-01-31T17:00:00+00:00,long,1588.168,1581.9486,1581.9486,23.58536482,-153.762427,-1.048236,-1.048236,2,stop,14514.919367
2020-02-06T10:00:00+00:00,2020-02-07T06:00:00+00:00,long,1562.115,1564.128,1556.4477,25.6117011,43.872844,0.30226,0.30226,20,donch_exit,14558.792211
2020-02-07T11:00:00+00:00,2020-02-07T13:00:00+00:00,long,1569.078,1563.5942,1563.5896,26.52647805,-153.423844,-1.053823,-1.053823,3,stop,14405.368367
2020-02-07T15:00:00+00:00,2020-02-07T15:00:00+00:00,long,1572.768,1567.1289,1567.1289,25.54550969,-151.717337,-1.0532,-1.0532,1,stop,14253.651031
2020-02-10T00:00:00+00:00,2020-02-11T00:00:00+00:00,long,1574.745,1570.8452,1567.6166,19.9955825,-83.977447,-0.589164,-0.589164,24,stop,14169.673583
2020-02-12T17:00:00+00:00,2020-02-14T03:00:00+00:00,long,1569.488,1574.205,1564.7991,30.21961139,133.480023,0.942012,0.942012,33,donch_exit,14303.153607
2020-02-14T14:00:00+00:00,2020-02-17T07:00:00+00:00,long,1580.068,1580.088,1576.6044,41.29562769,-11.562776,-0.080841,-0.080841,17,donch_exit,14291.590831
2020-02-18T01:00:00+00:00,2020-02-19T13:00:00+00:00,long,1586.328,1603.6992,1583.0807,44.01068836,751.315263,5.257044,5.257044,36,stop,15042.906094
2020-02-19T21:00:00+00:00,2020-02-20T01:00:00+00:00,long,1612.848,1607.0485,1607.0485,25.93828105,-158.210545,-1.051729,-1.051729,4,stop,14884.695549
2020-02-20T12:00:00+00:00,2020-02-24T15:00:00+00:00,long,1617.488,1671.3629,1611.0805,23.23011401,1244.551035,8.36128,8.36128,50,stop,16129.246584
2020-02-27T13:00:00+00:00,2020-02-27T17:00:00+00:00,long,1653.508,1641.9982,1641.9982,14.01348988,-165.496513,-1.026065,-1.026065,5,stop,15963.750071
2020-03-03T12:00:00+00:00,2020-03-03T19:00:00+00:00,long,1602.938,1630.6648,1590.7424,13.08976194,359.010283,2.248909,2.248909,8,stop,16322.760354
2020-03-05T13:00:00+00:00,2020-03-06T07:00:00+00:00,long,1652.455,1668.4945,1643.5185,18.26527203,287.486249,1.76126,1.76126,18,stop,16610.246603
2020-03-06T10:00:00+00:00,2020-03-06T13:00:00+00:00,long,1684.328,1675.0891,1671.7988,13.2572284,-126.459376,-0.761334,-0.761334,4,stop,16483.787227
2020-03-08T23:00:00+00:00,2020-03-09T04:00:00+00:00,long,1697.995,1674.0833,1674.0833,6.89360741,-166.905954,-1.012546,-1.012546,6,stop,16316.881272
2020-03-26T13:00:00+00:00,2020-03-26T19:00:00+00:00,long,1628.538,1618.5534,1611.2348,9.42997901,-96.983562,-0.594376,-0.594376,7,stop,16219.89771
2020-04-03T19:00:00+00:00,2020-04-05T22:00:00+00:00,long,1623.308,1609.4972,1609.4972,11.74435783,-165.722284,-1.021722,-1.021722,3,stop,16054.175426
2020-04-06T08:00:00+00:00,2020-04-07T07:00:00+00:00,long,1631.028,1652.4631,1615.7012,10.47457749,221.381243,1.378964,1.378964,23,stop,16275.556669
2020-04-09T08:00:00+00:00,2020-04-09T14:00:00+00:00,long,1658.328,1671.3885,1648.066,15.86002404,202.381837,1.243471,1.243471,7,stop,16477.938505
2020-04-13T15:00:00+00:00,2020-04-14T19:00:00+00:00,long,1699.448,1721.5267,1685.6089,11.90679922,259.314608,1.573708,1.573708,28,stop,16737.253113
2020-04-16T11:00:00+00:00,2020-04-16T12:00:00+00:00,long,1731.738,1724.2246,1719.2153,13.36553069,-104.430237,-0.623939,-0.623939,2,stop,16632.822876
2020-04-20T16:00:00+00:00,2020-04-20T18:00:00+00:00,long,1698.738,1685.4596,1685.4596,12.5262252,-170.086096,-1.022593,-1.022593,3,stop,16462.73678
2020-04-22T08:00:00+00:00,2020-04-23T17:00:00+00:00,long,1692.608,1721.8864,1674.9485,9.32231195,270.145684,1.640952,1.640952,33,stop,16732.882464
2020-04-29T20:00:00+00:00,2020-04-30T12:00:00+00:00,long,1715.018,1705.7181,1704.4512,15.83533564,-152.017639,-0.908496,-0.908496,16,stop,16580.864825
2020-05-01T16:00:00+00:00,2020-05-05T07:00:00+00:00,long,1695.508,1695.1207,1681.7658,12.0656553,-8.292725,-0.050014,-0.050014,38,stop,16572.572101
2020-05-05T20:00:00+00:00,2020-05-06T10:00:00+00:00,long,1710.193,1699.7187,1699.7187,15.82212854,-170.47236,-1.028642,-1.028642,14,stop,16402.099741
2020-05-07T13:00:00+00:00,2020-05-08T12:00:00+00:00,long,1698.078,1710.5272,1689.1499,18.37132172,223.196862,1.360782,1.360782,23,stop,16625.296603
2020-05-12T14:00:00+00:00,2020-05-12T19:00:00+00:00,long,1708.518,1701.2802,1700.9547,21.98153796,-165.692437,-0.996628,-0.996628,6,stop,16459.604166
2020-05-13T13:00:00+00:00,2020-05-13T13:00:00+00:00,long,1712.078,1704.6593,1704.6593,22.18664209,-171.252034,-1.040438,-1.040438,1,stop,16288.352132
2020-05-14T00:00:00+00:00,2020-05-17T22:00:00+00:00,long,1718.315,1738.349,1709.1603,17.79233851,351.114008,2.155614,2.155614,45,stop,16639.46614
2020-05-18T00:00:00+00:00,2020-05-18T12:00:00+00:00,long,1758.078,1751.9994,1745.9324,13.69999518,-87.386789,-0.525178,-0.525178,13,stop,16552.079351
2020-05-19T15:00:00+00:00,2020-05-20T12:00:00+00:00,long,1743.765,1744.0259,1734.1729,17.25594953,-0.674708,-0.004076,-0.004076,21,stop,16551.404643
2020-05-26T03:00:00+00:00,2020-05-26T07:00:00+00:00,long,1733.925,1727.462,1726.8624,23.43528537,-158.492835,-0.957579,-0.957579,5,stop,16392.911808
2020-05-28T05:00:00+00:00,2020-05-28T17:00:00+00:00,long,1715.938,1715.2489,1705.6873,15.99199255,-15.81768,-0.096491,-0.096491,13,stop,16377.094128
2020-05-29T11:00:00+00:00,2020-06-01T10:00:00+00:00,long,1727.628,1733.7243,1718.4693,17.88146148,103.646315,0.632874,0.632874,23,stop,16480.740443
2020-06-02T14:00:00+00:00,2020-06-02T15:00:00+00:00,long,1744.485,1737.1458,1737.1458,22.45577235,-171.544136,-1.040876,-1.040876,2,stop,16309.196307
2020-06-04T11:00:00+00:00,2020-06-04T13:00:00+00:00,long,1712.358,1707.5294,1702.6351,16.77400396,-86.027157,-0.527476,-0.527476,3,stop,16223.169151
2020-06-04T18:00:00+00:00,2020-06-05T03:00:00+00:00,long,1718.848,1707.3058,1707.3058,14.05552594,-166.448349,-1.025992,-1.025992,9,stop,16056.720801
2020-06-10T12:00:00+00:00,2020-06-10T15:00:00+00:00,long,1723.605,1716.4184,1716.4184,22.34258314,-167.269983,-1.041744,-1.041744,4,stop,15889.450818
2020-06-10T19:00:00+00:00,2020-06-11T05:00:00+00:00,long,1727.855,1727.3875,1719.6555,19.37856067,-14.873045,-0.093603,-0.093603,10,stop,15874.577773
2020-06-11T15:00:00+00:00,2020-06-11T16:00:00+00:00,long,1743.445,1730.7501,1730.7501,12.50468911,-162.497184,-1.023632,-1.023632,2,stop,15712.080589
2020-06-12T14:00:00+00:00,2020-06-12T15:00:00+00:00,long,1741.105,1731.017,1731.017,15.57502041,-161.793312,-1.029738,-1.029738,2,stop,15550.287277
2020-06-16T02:00:00+00:00,2020-06-16T12:00:00+00:00,long,1729.278,1720.8669,1717.8152,13.56587158,-118.173664,-0.759945,-0.759945,11,stop,15432.113613
2020-06-18T09:00:00+00:00,2020-06-18T09:00:00+00:00,long,1732.858,1725.3337,1725.3337,20.50970006,-160.474046,-1.039871,-1.039871,1,stop,15271.639566
2020-06-19T12:00:00+00:00,2020-06-22T07:00:00+00:00,long,1733.755,1748.5686,1727.6355,24.95569829,362.197023,2.371697,2.371697,19,stop,15633.836589
2020-06-22T14:00:00+00:00,2020-06-23T02:00:00+00:00,long,1759.418,1749.2123,1749.2123,15.31873031,-160.933985,-1.029395,-1.029395,12,stop,15472.902604
2020-06-23T14:00:00+00:00,2020-06-24T12:00:00+00:00,long,1765.188,1770.3881,1756.3445,17.4963562,85.733895,0.554091,0.554091,22,stop,15558.636499
2020-06-26T20:00:00+00:00,2020-06-30T11:00:00+00:00,long,1771.068,1767.1147,1762.1626,17.47101365,-74.309462,-0.477609,-0.477609,38,stop,15484.327037
2020-06-30T15:00:00+00:00,2020-07-01T11:00:00+00:00,long,1780.998,1779.4621,1775.2073,26.73999177,-49.091951,-0.317043,-0.317043,20,stop,15435.235086
2020-07-02T15:00:00+00:00,2020-07-06T01:00:00+00:00,long,1775.438,1772.658,1767.0712,18.44819416,-56.820438,-0.368122,-0.368122,29,donch_exit,15378.414648
2020-07-06T12:00:00+00:00,2020-07-07T07:00:00+00:00,long,1779.228,1780.595,1773.8016,28.33999456,30.238774,0.196631,0.196631,19,donch_exit,15408.653422
2020-07-07T15:00:00+00:00,2020-07-09T10:00:00+00:00,long,1793.818,1806.5996,1787.0804,22.86964709,285.449787,1.852529,1.852529,42,stop,15694.103209
2020-07-14T18:00:00+00:00,2020-07-15T04:00:00+00:00,long,1809.568,1805.708,1800.958,18.22776215,-75.827491,-0.483159,-0.483159,10,donch_exit,15618.275719
2020-07-15T08:00:00+00:00,2020-07-15T11:00:00+00:00,long,1811.635,1805.1054,1803.5119,19.22698935,-131.312646,-0.840763,-0.840763,4,stop,15486.963072
2020-07-17T16:00:00+00:00,2020-07-20T01:00:00+00:00,long,1810.265,1805.585,1805.4193,31.96021849,-159.161888,-1.027715,-1.027715,9,stop,15327.801184
2020-07-20T09:00:00+00:00,2020-07-22T08:00:00+00:00,long,1811.915,1850.5718,1806.4666,28.13266497,1079.079004,7.040012,7.040012,46,stop,16406.880188
2020-07-22T22:00:00+00:00,2020-07-23T13:00:00+00:00,long,1871.758,1870.9605,1857.5675,11.56187604,-12.689159,-0.07734,-0.07734,16,stop,16394.191029
2020-07-23T16:00:00+00:00,2020-07-23T18:00:00+00:00,long,1896.578,1884.6781,1884.6781,13.77674689,-168.074934,-1.02521,-1.02521,3,stop,16226.116095
2020-07-24T14:00:00+00:00,2020-07-27T12:00:00+00:00,long,1901.945,1932.3813,1889.8868,13.45649939,405.529103,2.499237,2.499237,22,stop,16631.645197
2020-07-27T23:00:00+00:00,2020-07-28T03:00:00+00:00,long,1948.488,1954.3614,1932.911,10.67705283,59.507486,0.357797,0.357797,5,stop,16691.152683
2020-07-29T19:00:00+00:00,2020-07-29T19:00:00+00:00,long,1967.018,1953.1548,1953.1548,12.03989893,-170.523497,-1.02164,-1.02164,1,stop,16520.629187
2020-07-31T02:00:00+00:00,2020-07-31T13:00:00+00:00,long,1965.015,1963.1717,1950.4062,11.30868325,-24.237901,-0.146713,-0.146713,12,stop,16496.391286
2020-08-04T15:00:00+00:00,2020-08-05T00:00:00+00:00,long,1991.645,2016.6861,1982.915,18.89620995,467.51302,2.834032,2.834032,9,stop,16963.904306
2020-08-05T07:00:00+00:00,2020-08-06T15:00:00+00:00,long,2033.425,2052.8297,2016.655,10.1156257,193.255994,1.139219,1.139219,32,stop,17157.1603
2020-08-06T23:00:00+00:00,2020-08-07T03:00:00+00:00,long,2070.148,2054.601,2054.601,11.03567267,-174.882305,-1.019296,-1.019296,5,stop,16982.277996
2020-08-10T14:00:00+00:00,2020-08-10T15:00:00+00:00,long,2047.385,2033.1025,2033.1025,11.89026991,-173.389861,-1.021005,-1.021005,2,stop,16808.888135
2020-08-13T17:00:00+00:00,2020-08-13T18:00:00+00:00,long,1953.655,1937.709,1932.2135,7.83941801,-127.359185,-0.75769,-0.75769,2,stop,16681.52895
2020-08-17T13:00:00+00:00,2020-08-18T14:00:00+00:00,long,1958.028,2000.0609,1943.9636,11.86081806,494.986334,2.967272,2.967272,25,stop,17176.515284
2020-08-26T14:00:00+00:00,2020-08-27T06:00:00+00:00,long,1935.098,1938.048,1923.2224,14.46370313,38.328813,0.223147,0.223147,16,stop,17214.844097
2020-08-28T12:00:00+00:00,2020-08-31T07:00:00+00:00,long,1962.135,1956.5749,1944.227,9.61293506,-56.332761,-0.327234,-0.327234,19,stop,17158.511336
2020-09-01T02:00:00+00:00,2020-09-01T13:00:00+00:00,long,1976.328,1979.6548,1964.6447,14.68635688,44.452665,0.259071,0.259071,12,stop,17202.964001
2020-09-08T17:00:00+00:00,2020-09-09T01:00:00+00:00,long,1938.768,1925.5457,1925.5354,13.00044134,-175.795868,-1.021893,-1.021893,8,stop,17027.168133
2020-09-09T14:00:00+00:00,2020-09-10T16:00:00+00:00,long,1947.265,1952.8562,1935.0975,13.99397422,74.044916,0.434863,0.434863,26,stop,17101.21305
2020-09-14T13:00:00+00:00,2020-09-15T13:00:00+00:00,long,1955.945,1963.0716,1947.3333,19.85811518,135.563409,0.792712,0.792712,24,stop,17236.776459
2020-09-18T01:00:00+00:00,2020-09-18T13:00:00+00:00,long,1950.905,1945.9981,1939.2488,14.78764645,-76.997796,-0.446706,-0.446706,13,stop,17159.778663
2020-09-18T17:00:00+00:00,2020-09-18T18:00:00+00:00,long,1958.728,1950.2237,1950.2237,20.17776732,-177.651117,-1.035276,-1.035276,2,stop,16982.127546
2020-11-06T12:00:00+00:00,2020-11-06T14:00:00+00:00,long,1955.525,1946.5997,1943.081,13.64683988,-125.896192,-0.741345,-0.741345,3,stop,16856.231354
2020-11-09T04:00:00+00:00,2020-11-09T11:00:00+00:00,long,1960.698,1949.732,1947.639,12.90775048,-145.418717,-0.8627,-0.8627,8,stop,16710.812637
2020-12-21T02:00:00+00:00,2020-12-21T08:00:00+00:00,long,1896.578,1892.6533,1887.372,18.15208846,-76.687128,-0.458907,-0.458907,7,stop,16634.125509
2020-12-28T00:00:00+00:00,2020-12-28T05:00:00+00:00,long,1888.088,1889.0709,1880.4768,21.85480017,14.924643,0.089723,0.089723,6,stop,16649.050152
2020-12-30T15:00:00+00:00,2020-12-31T03:00:00+00:00,long,1887.255,1889.2122,1881.0935,27.021099,44.779365,0.26896,0.26896,12,stop,16693.829517
2020-12-31T21:00:00+00:00,2021-01-04T15:00:00+00:00,long,1900.538,1929.425,1890.5005,16.63146154,475.443591,2.84802,2.84802,18,stop,17169.273108
2021-01-05T10:00:00+00:00,2021-01-05T15:00:00+00:00,long,1945.528,1939.588,1933.7917,14.62920436,-91.286235,-0.531684,-0.531684,6,stop,17077.986873
2021-01-06T10:00:00+00:00,2021-01-06T11:00:00+00:00,long,1957.665,1945.6086,1945.6086,14.16507985,-175.029393,-1.024883,-1.024883,2,stop,16902.95748
2021-01-21T04:00:00+00:00,2021-01-21T13:00:00+00:00,long,1872.215,1861.9925,1859.8654,13.68704855,-144.021968,-0.852052,-0.852052,10,stop,16758.935512
2021-04-16T10:00:00+00:00,2021-04-16T13:00:00+00:00,long,1770.978,1773.6857,1762.8067,20.50950952,49.380746,0.294653,0.294653,4,stop,16808.316258
2021-04-19T08:00:00+00:00,2021-04-19T11:00:00+00:00,long,1786.905,1779.133,1777.5617,17.98969985,-145.212857,-0.863935,-0.863935,4,stop,16663.103401
2021-04-20T16:00:00+00:00,2021-04-21T08:00:00+00:00,long,1778.638,1779.9896,1769.5114,18.25773388,19.199833,0.115224,0.115224,16,stop,16682.303234
2021-04-21T14:00:00+00:00,2021-04-22T06:00:00+00:00,long,1795.718,1788.5587,1788.5587,23.30158428,-173.813508,-1.041904,-1.041904,16,stop,16508.489726
2021-04-23T12:00:00+00:00,2021-04-23T13:00:00+00:00,long,1791.028,1786.5465,1784.1266,23.920494,-114.375842,-0.69283,-0.69283,2,stop,16394.113884
2021-04-28T19:00:00+00:00,2021-04-29T06:00:00+00:00,long,1781.518,1780.8217,1774.2969,22.70307001,-22.619069,-0.137971,-0.137971,11,stop,16371.494815
2021-05-03T04:00:00+00:00,2021-05-04T01:00:00+00:00,long,1774.748,1790.068,1766.9854,21.09022082,316.775117,1.934919,1.934919,21,donch_exit,16688.269932
2021-05-04T14:00:00+00:00,2021-05-04T15:00:00+00:00,long,1794.808,1788.7295,1788.7295,27.45458572,-175.119075,-1.049354,-1.049354,2,stop,16513.150857
2021-05-05T20:00:00+00:00,2021-05-07T13:00:00+00:00,long,1785.918,1830.7302,1778.6021,22.57159182,1004.711209,6.08431,6.08431,40,stop,17517.862066
2021-05-10T13:00:00+00:00,2021-05-10T18:00:00+00:00,long,1842.155,1834.4358,1834.4358,22.69388287,-181.986786,-1.038864,-1.038864,6,stop,17335.875281
2021-05-12T13:00:00+00:00,2021-05-12T13:00:00+00:00,long,1839.808,1833.4681,1833.4681,27.34408316,-181.561978,-1.047319,-1.047319,1,stop,17154.313303
2021-05-14T07:00:00+00:00,2021-05-17T12:00:00+00:00,long,1834.655,1845.1698,1826.4449,20.89415878,213.429653,1.244175,1.244175,29,stop,17367.742956
2021-05-17T15:00:00+00:00,2021-05-18T13:00:00+00:00,long,1864.478,1864.716,1856.329,21.31272912,-1.321389,-0.007608,-0.007608,22,stop,17366.421567
2021-05-19T14:00:00+00:00,2021-05-19T14:00:00+00:00,long,1888.835,1879.5526,1879.5526,18.70897781,-179.276909,-1.032319,-1.032319,1,stop,17187.144658
2021-05-20T17:00:00+00:00,2021-05-21T01:00:00+00:00,long,1882.498,1872.152,1872.152,16.6123571,-176.855154,-1.028997,-1.028997,8,stop,17010.289504
2021-05-21T13:00:00+00:00,2021-05-21T13:00:00+00:00,long,1886.944,1880.182,1880.182,25.15570764,-177.649607,-1.044366,-1.044366,1,stop,16832.639897
2021-05-25T15:00:00+00:00,2021-05-26T13:00:00+00:00,long,1890.468,1901.0698,1882.5404,21.23295814,218.737688,1.299485,1.299485,22,stop,17051.377585
2021-05-28T18:00:00+00:00,2021-06-01T08:00:00+00:00,long,1902.178,1909.5029,1894.1398,21.21293024,149.018714,0.873939,0.873939,33,stop,17200.396299
2021-06-02T13:00:00+00:00,2021-06-03T04:00:00+00:00,long,1904.548,1903.588,1897.93,25.99032381,-32.747808,-0.19039,-0.19039,15,donch_exit,17167.648491
2021-06-04T13:00:00+00:00,2021-06-07T01:00:00+00:00,long,1884.508,1887.038,1876.2638,20.82391074,46.437321,0.270493,0.270493,12,donch_exit,17214.085812
2021-06-07T16:00:00+00:00,2021-06-08T04:00:00+00:00,long,1894.025,1895.4231,1887.9125,28.16210358,30.924806,0.179648,0.179648,12,stop,17245.010618
2021-06-10T19:00:00+00:00,2021-06-11T08:00:00+00:00,long,1895.908,1895.028,1886.0192,17.43893154,-20.577939,-0.119327,-0.119327,13,donch_exit,17224.432678
2021-06-16T18:00:00+00:00,2021-06-16T18:00:00+00:00,long,1861.698,1854.769,1854.769,24.85846829,-179.701867,-1.043296,-1.043296,1,stop,17044.730811
2021-08-24T13:00:00+00:00,2021-08-24T13:00:00+00:00,long,1807.738,1803.0553,1803.0553,36.39936535,-181.367118,-1.064066,-1.064066,1,stop,16863.363693
2021-08-27T05:00:00+00:00,2021-08-27T08:00:00+00:00,long,1799.809,1795.8313,1792.4229,22.83121498,-97.665088,-0.579155,-0.579155,4,stop,16765.698605
2021-08-27T15:00:00+00:00,2021-08-30T13:00:00+00:00,long,1807.598,1812.169,1800.7827,24.60008892,105.06698,0.626678,0.626678,22,donch_exit,16870.765585
2021-09-01T13:00:00+00:00,2021-09-01T13:00:00+00:00,long,1819.318,1813.424,1813.424,28.62362671,-177.294744,-1.050899,-1.050899,1,stop,16693.470841
2021-09-03T13:00:00+00:00,2021-09-03T13:00:00+00:00,long,1823.398,1819.2567,1819.2567,40.30973569,-179.027629,-1.072441,-1.072441,1,stop,16514.443212
2021-09-03T15:00:00+00:00,2021-09-06T08:00:00+00:00,long,1830.227,1824.5256,1824.5256,28.96559303,-173.83411,-1.052619,-1.052619,17,stop,16340.609102
2021-10-14T11:00:00+00:00,2021-10-15T05:00:00+00:00,long,1799.854,1792.6109,1790.4958,17.46127364,-131.712133,-0.806042,-0.806042,18,stop,16208.896969
2021-10-22T07:00:00+00:00,2021-10-22T15:00:00+00:00,long,1793.027,1804.1578,1785.9058,22.76146853,246.524913,1.520923,1.520923,9,stop,16455.421882
2021-10-25T14:00:00+00:00,2021-10-26T07:00:00+00:00,long,1807.704,1801.1084,1799.1294,19.19089157,-132.332712,-0.804189,-0.804189,17,stop,16323.08917
2021-10-28T03:00:00+00:00,2021-10-28T14:00:00+00:00,long,1799.482,1795.3034,1790.912,19.04677849,-85.302902,-0.52259,-0.52259,12,stop,16237.786268
2021-11-01T13:00:00+00:00,2021-11-02T11:00:00+00:00,long,1789.174,1789.2898,1782.7574,25.30590386,-4.661347,-0.028707,-0.028707,22,stop,16233.12492
2021-11-05T16:00:00+00:00,2021-11-09T07:00:00+00:00,long,1809.834,1819.993,1801.6907,19.93433242,196.532583,1.210689,1.210689,37,donch_exit,16429.657504
2021-11-09T14:00:00+00:00,2021-11-09T15:00:00+00:00,long,1829.813,1823.4887,1823.4887,25.97861819,-172.09016,-1.047436,-1.047436,2,stop,16257.567343
2021-11-09T18:00:00+00:00,2021-11-10T05:00:00+00:00,long,1830.773,1825.658,1823.0657,21.09372587,-114.222526,-0.702581,-0.702581,11,donch_exit,16143.344818
2021-11-10T14:00:00+00:00,2021-11-10T15:00:00+00:00,long,1849.598,1851.7367,1843.6372,27.08251379,49.796618,0.308465,0.308465,2,stop,16193.141436
2021-11-12T19:00:00+00:00,2021-11-15T01:00:00+00:00,long,1867.814,1859.3882,1859.3882,19.21852101,-167.696971,-1.035605,-1.035605,6,stop,16025.444465
2021-11-16T09:00:00+00:00,2021-11-16T13:00:00+00:00,long,1871.968,1866.8482,1864.9684,22.89480037,-124.085239,-0.774301,-0.774301,5,stop,15901.359226
2021-11-17T15:00:00+00:00,2021-11-18T06:00:00+00:00,long,1865.874,1862.6622,1859.3296,24.29765788,-85.328515,-0.536611,-0.536611,15,stop,15816.030711
2021-12-17T02:00:00+00:00,2021-12-17T13:00:00+00:00,long,1802.155,1805.7774,1795.8683,25.15792182,83.584679,0.528481,0.528481,12,stop,15899.615391
2021-12-23T02:00:00+00:00,2021-12-23T14:00:00+00:00,long,1807.008,1802.4067,1801.3986,28.34459192,-138.925348,-0.873765,-0.873765,13,stop,15760.690042
2021-12-27T02:00:00+00:00,2021-12-27T09:00:00+00:00,long,1810.694,1805.2449,1805.2449,28.92347368,-166.283943,-1.055055,-1.055055,8,stop,15594.4061
2021-12-27T16:00:00+00:00,2021-12-27T17:00:00+00:00,long,1812.655,1807.8456,1807.8456,32.42484738,-165.671515,-1.062378,-1.062378,2,stop,15428.734584
2021-12-28T07:00:00+00:00,2021-12-28T14:00:00+00:00,long,1814.894,1812.9812,1809.7576,30.03803167,-66.468156,-0.430808,-0.430808,8,stop,15362.266428
2021-12-30T15:00:00+00:00,2022-01-03T05:00:00+00:00,long,1805.805,1823.9679,1800.7634,30.47101402,544.300676,3.543101,3.543101,37,stop,15906.567104
2022-01-05T10:00:00+00:00,2022-01-05T19:00:00+00:00,long,1817.638,1819.6262,1810.9186,23.67260039,39.964084,0.251243,0.251243,10,stop,15946.531188
2022-01-12T18:00:00+00:00,2022-01-13T08:00:00+00:00,long,1826.018,1821.4544,1819.7605,25.48386926,-123.943347,-0.777243,-0.777243,14,stop,15822.587842
2022-01-14T06:00:00+00:00,2022-01-14T11:00:00+00:00,long,1827.628,1820.7281,1820.7281,22.93161907,-165.105364,-1.043479,-1.043479,6,stop,15657.482478
2022-01-19T14:00:00+00:00,2022-01-20T16:00:00+00:00,long,1823.908,1840.1904,1817.9038,26.07754984,416.781833,2.66187,2.66187,26,stop,16074.26431
2022-01-25T15:00:00+00:00,2022-01-25T15:00:00+00:00,long,1850.218,1844.0495,1844.0495,26.0586274,-168.560231,-1.048634,-1.048634,1,stop,15905.704079
2022-02-04T10:00:00+00:00,2022-02-04T13:00:00+00:00,long,1810.905,1805.8566,1803.2963,20.9046277,-111.806311,-0.702932,-0.702932,4,stop,15793.897768
2022-02-07T17:00:00+00:00,2022-02-08T07:00:00+00:00,long,1817.264,1816.2255,1811.109,25.66027257,-34.346275,-0.217465,-0.217465,14,stop,15759.551493
2022-02-08T14:00:00+00:00,2022-02-09T14:00:00+00:00,long,1823.924,1824.6144,1819.1798,33.21856476,12.968528,0.08229,0.08229,24,stop,15772.520021
2022-02-09T18:00:00+00:00,2022-02-10T13:00:00+00:00,long,1834.018,1829.7941,1829.1938,32.69458153,-147.907017,-0.937751,-0.937751,19,stop,15624.613004
2022-02-10T17:00:00+00:00,2022-02-10T17:00:00+00:00,long,1841.508,1835.1864,1835.1864,24.71623166,-163.661,-1.047456,-1.047456,1,stop,15460.952004
2022-02-11T18:00:00+00:00,2022-02-14T07:00:00+00:00,long,1840.498,1850.7576,1833.5852,22.36568685,222.753295,1.440748,1.440748,13,stop,15683.705299
2022-02-14T15:00:00+00:00,2022-02-15T08:00:00+00:00,long,1866.378,1869.2112,1854.6082,13.32537961,33.755852,0.215229,0.215229,17,stop,15717.46115
2022-02-16T10:00:00+00:00,2022-02-18T01:00:00+00:00,long,1858.418,1888.4581,1850.5818,20.05750383,596.51217,3.79522,3.79522,38,stop,16313.97332
2022-02-21T00:00:00+00:00,2022-02-21T00:00:00+00:00,long,1904.758,1896.8007,1896.8007,20.50189552,-169.290302,-1.037701,-1.037701,1,stop,16144.683018
2022-02-22T00:00:00+00:00,2022-02-22T08:00:00+00:00,long,1909.418,1901.3274,1899.2867,15.93545055,-133.707991,-0.828186,-0.828186,9,stop,16010.975027
2022-02-23T15:00:00+00:00,2022-02-24T12:00:00+00:00,long,1906.168,1958.592,1899.0512,22.49743568,1172.656338,7.324078,7.324078,21,stop,17183.631364
2022-03-01T11:00:00+00:00,2022-03-01T12:00:00+00:00,long,1925.098,1913.2975,1913.2975,14.56178244,-176.204848,-1.025423,-1.025423,2,stop,17007.426516
2022-03-01T17:00:00+00:00,2022-03-02T01:00:00+00:00,long,1931.408,1932.0499,1919.465,14.24049779,4.868826,0.028628,0.028628,8,stop,17012.295342
2022-03-04T01:00:00+00:00,2022-03-04T01:00:00+00:00,long,1947.158,1935.6588,1935.6588,14.79432947,-174.561252,-1.026089,-1.026089,1,stop,16837.73409
2022-03-04T15:00:00+00:00,2022-03-07T06:00:00+00:00,long,1952.138,1982.0674,1939.8573,13.71072829,406.240653,2.41268,2.41268,15,stop,17243.974743
2022-03-07T11:00:00+00:00,2022-03-07T12:00:00+00:00,long,2002.288,1984.2114,1984.2114,9.53939056,-175.301565,-1.016596,-1.016596,2,stop,17068.673178
2022-03-08T07:00:00+00:00,2022-03-08T17:00:00+00:00,long,2016.794,2045.0918,1997.645,8.91361073,249.56149,1.462102,1.462102,11,stop,17318.234668
2022-03-16T20:00:00+00:00,2022-03-17T19:00:00+00:00,long,1927.738,1935.5019,1913.5316,12.19044562,90.988267,0.52539,0.52539,23,stop,17409.222935
2022-03-21T15:00:00+00:00,2022-03-22T08:00:00+00:00,long,1933.178,1926.1838,1923.1899,17.42996459,-127.137648,-0.730289,-0.730289,17,stop,17282.085288
2022-03-23T11:00:00+00:00,2022-03-23T15:00:00+00:00,long,1933.168,1926.7555,1923.8677,18.58228798,-124.733608,-0.721751,-0.721751,5,stop,17157.35168
2022-03-23T19:00:00+00:00,2022-03-24T12:00:00+00:00,long,1939.403,1946.3096,1929.9128,18.07902013,119.440854,0.69615,0.69615,17,stop,17276.792534
2022-03-24T15:00:00+00:00,2022-03-25T06:00:00+00:00,long,1964.668,1956.038,1953.46,15.41469712,-137.653245,-0.796752,-0.796752,15,donch_exit,17139.139289
2022-03-30T05:00:00+00:00,2022-03-31T01:00:00+00:00,long,1925.678,1927.3799,1912.4443,12.9511318,18.156192,0.105934,0.105934,20,stop,17157.29548
2022-03-31T14:00:00+00:00,2022-04-01T00:00:00+00:00,long,1937.663,1934.3036,1927.9703,17.70125505,-64.775973,-0.377542,-0.377542,10,stop,17092.519508
2022-04-05T14:00:00+00:00,2022-04-05T14:00:00+00:00,long,1942.113,1934.4361,1934.4361,22.2648719,-177.604657,-1.039078,-1.039078,1,stop,16914.914851
2022-04-07T15:00:00+00:00,2022-04-08T04:00:00+00:00,long,1936.557,1928.172,1927.3648,18.40137818,-159.815969,-0.944823,-0.944823,13,donch_exit,16755.098882
2022-04-08T14:00:00+00:00,2022-04-11T13:00:00+00:00,long,1939.432,1953.3786,1932.1724,23.07992022,314.962439,1.879801,1.879801,23,stop,17070.061321
2022-04-12T13:00:00+00:00,2022-04-12T13:00:00+00:00,long,1970.323,1961.5033,1961.5033,19.35446934,-176.506954,-1.034015,-1.034015,1,stop,16893.554367
2022-04-12T15:00:00+00:00,2022-04-12T18:00:00+00:00,long,1975.562,1965.2521,1965.2521,16.38575967,-173.851272,-1.029098,-1.029098,4,stop,16719.703095
2022-04-13T16:00:00+00:00,2022-04-14T05:00:00+00:00,long,1980.848,1972.278,1970.9259,16.85097217,-149.468123,-0.893964,-0.893964,13,donch_exit,16570.234972
2022-04-18T00:00:00+00:00,2022-04-18T14:00:00+00:00,long,1986.618,1985.4953,1974.1353,13.27455997,-18.885716,-0.113974,-0.113974,15,stop,16551.349256
2022-04-20T20:00:00+00:00,2022-04-21T07:00:00+00:00,long,1957.662,1949.642,1948.1863,17.46715204,-145.326705,-0.878035,-0.878035,11,donch_exit,16406.022551
2022-08-09T14:00:00+00:00,2022-08-09T14:00:00+00:00,long,1797.478,1790.8283,1790.8283,24.67182362,-171.461773,-1.045115,-1.045115,1,stop,16234.560778
2022-08-12T14:00:00+00:00,2022-08-12T14:00:00+00:00,long,1797.984,1790.9348,1790.9348,23.03035916,-169.254716,-1.042558,-1.042558,1,stop,16065.306063
2022-08-12T18:00:00+00:00,2022-08-15T04:00:00+00:00,long,1798.908,1793.5562,1790.8272,19.88083613,-112.36251,-0.699411,-0.699411,10,stop,15952.943553
2022-11-08T15:00:00+00:00,2022-11-09T10:00:00+00:00,long,1678.967,1704.815,1672.8181,25.94438607,662.827175,4.154889,4.154889,19,stop,16615.770728
2022-11-10T14:00:00+00:00,2022-11-14T05:00:00+00:00,long,1732.927,1758.9187,1725.7311,23.09060816,593.236978,3.570325,3.570325,38,stop,17209.007706
2022-11-15T08:00:00+00:00,2022-11-15T08:00:00+00:00,long,1782.768,1774.95,1774.95,22.01203339,-178.693687,-1.038373,-1.038373,1,stop,17030.314019
2022-11-22T12:00:00+00:00,2022-11-22T16:00:00+00:00,long,1748.357,1741.0379,1741.0379,23.26831717,-177.283635,-1.040989,-1.040989,5,stop,16853.030384
2022-11-23T20:00:00+00:00,2022-11-25T00:00:00+00:00,long,1751.798,1753.398,1742.3941,17.92132029,23.297716,0.138241,0.138241,25,donch_exit,16876.3281
2022-11-25T03:00:00+00:00,2022-11-25T07:00:00+00:00,long,1758.508,1753.9321,1753.1551,31.52744886,-153.724688,-0.910889,-0.910889,5,stop,16722.603412
2022-11-28T09:00:00+00:00,2022-11-28T13:00:00+00:00,long,1759.148,1752.4011,1751.3521,21.45051041,-151.159602,-0.903924,-0.903924,5,stop,16571.44381
2022-11-30T09:00:00+00:00,2022-11-30T13:00:00+00:00,long,1759.408,1755.5938,1752.4537,23.82906088,-98.037522,-0.591605,-0.591605,5,stop,16473.406288
2022-11-30T20:00:00+00:00,2022-12-02T13:00:00+00:00,long,1767.647,1793.0476,1758.4586,17.92848188,450.015652,2.73177,2.73177,40,stop,16923.42194
2022-12-05T02:00:00+00:00,2022-12-05T07:00:00+00:00,long,1806.398,1798.7415,1796.8794,17.77931832,-141.461146,-0.83589,-0.83589,6,stop,16781.960794
2022-12-07T14:00:00+00:00,2022-12-09T09:00:00+00:00,long,1778.208,1789.1455,1771.3095,24.32697078,258.778152,1.542002,1.542002,42,stop,17040.738946
2022-12-09T12:00:00+00:00,2022-12-09T13:00:00+00:00,long,1800.257,1793.9695,1793.4017,24.85775815,-163.750482,-0.960935,-0.960935,2,stop,16876.988464
2022-12-13T14:00:00+00:00,2022-12-13T15:00:00+00:00,long,1810.858,1812.5249,1804.8188,27.9457353,38.199026,0.226338,0.226338,2,stop,16915.187489
2022-12-16T14:00:00+00:00,2022-12-19T14:00:00+00:00,long,1785.395,1789.132,1778.1317,23.28857061,80.042817,0.473201,0.473201,24,stop,16995.230307
2022-12-20T09:00:00+00:00,2022-12-20T12:00:00+00:00,long,1803.095,1798.8928,1795.6688,22.8855004,-103.0351,-0.606259,-0.606259,4,stop,16892.195207
2022-12-20T15:00:00+00:00,2022-12-21T04:00:00+00:00,long,1812.258,1813.955,1803.3265,18.91305515,26.421538,0.156413,0.156413,13,donch_exit,16918.616745
2022-12-23T16:00:00+00:00,2022-12-23T18:00:00+00:00,long,1800.448,1793.601,1793.601,24.70953227,-176.599027,-1.043815,-1.043815,3,stop,16742.017718
2022-12-27T02:00:00+00:00,2022-12-27T14:00:00+00:00,long,1804.425,1803.3449,1797.6327,24.64852512,-34.01743,-0.203186,-0.203186,13,stop,16708.000288
2022-12-27T16:00:00+00:00,2022-12-27T17:00:00+00:00,long,1824.525,1818.2989,1818.2989,26.8354191,-175.130629,-1.048184,-1.048184,2,stop,16532.869659
2022-12-29T15:00:00+00:00,2022-12-30T10:00:00+00:00,long,1813.895,1813.3207,1807.3178,25.13663817,-21.976963,-0.132929,-0.132929,19,stop,16510.892697
2023-01-03T00:00:00+00:00,2023-01-03T08:00:00+00:00,long,1829.285,1837.0481,1821.2219,20.47710272,152.822665,0.925587,0.925587,9,stop,16663.715362
2023-01-04T08:00:00+00:00,2023-01-04T15:00:00+00:00,long,1858.165,1851.1771,1848.4237,17.10625416,-124.66867,-0.748144,-0.748144,8,stop,16539.046692
2023-01-06T14:00:00+00:00,2023-01-06T14:00:00+00:00,long,1851.625,1844.3672,1844.3672,22.78796149,-172.226855,-1.041335,-1.041335,1,stop,16366.819837
2023-01-06T16:00:00+00:00,2023-01-09T17:00:00+00:00,long,1862.225,1870.0925,1853.0695,17.87648936,135.280333,0.826552,0.826552,25,stop,16502.10017
2023-01-10T15:00:00+00:00,2023-01-11T12:00:00+00:00,long,1878.077,1876.7964,1870.3034,21.22838861,-33.553591,-0.203329,-0.203329,21,stop,16468.546579
2023-01-12T13:00:00+00:00,2023-01-12T13:00:00+00:00,long,1887.305,1880.9536,1880.9536,25.92900239,-172.464167,-1.047234,-1.047234,1,stop,16296.082413
2023-01-13T09:00:00+00:00,2023-01-13T12:00:00+00:00,long,1906.355,1894.7169,1893.4728,12.65007717,-151.017886,-0.926713,-0.926713,4,stop,16145.064526
2023-01-13T15:00:00+00:00,2023-01-16T06:00:00+00:00,long,1911.437,1916.3658,1901.7161,16.60861086,76.877938,0.47617,0.47617,15,stop,16221.942464
2023-01-18T13:00:00+00:00,2023-01-18T15:00:00+00:00,long,1917.185,1911.9908,1908.0001,17.66153411,-97.036001,-0.598177,-0.598177,3,stop,16124.906464
2023-01-19T15:00:00+00:00,2023-01-20T05:00:00+00:00,long,1917.385,1923.4501,1908.9319,19.07573135,109.973499,0.68201,0.68201,14,stop,16234.879962
2023-01-24T02:00:00+00:00,2023-01-24T13:00:00+00:00,long,1935.695,1930.7489,1925.5407,15.98818231,-83.875603,-0.516638,-0.516638,12,stop,16151.004359
2023-01-25T20:00:00+00:00,2023-01-26T09:00:00+00:00,long,1942.137,1937.6352,1931.1963,14.76231353,-70.885677,-0.438893,-0.438893,13,stop,16080.118682
2023-01-31T16:00:00+00:00,2023-02-01T15:00:00+00:00,long,1928.505,1923.7727,1918.6937,16.3893864,-82.476309,-0.512909,-0.512909,23,stop,15997.642373
2023-02-01T20:00:00+00:00,2023-02-02T13:00:00+00:00,long,1942.895,1944.5427,1934.8184,19.80739714,26.694429,0.166865,0.166865,17,stop,16024.336802
2023-02-07T16:00:00+00:00,2023-02-07T17:00:00+00:00,long,1879.247,1871.0651,1871.0651,19.58510468,-166.118899,-1.036666,-1.036666,2,stop,15858.217903
2023-02-08T08:00:00+00:00,2023-02-08T13:00:00+00:00,long,1886.345,1874.4922,1874.4922,13.37930101,-162.595969,-1.02531,-1.02531,6,stop,15695.621933
2023-02-09T09:00:00+00:00,2023-02-09T14:00:00+00:00,long,1883.725,1881.7601,1875.4342,18.93137204,-42.877665,-0.273182,-0.273182,6,stop,15652.744269
2023-03-15T12:00:00+00:00,2023-03-15T18:00:00+00:00,long,1917.905,1919.7962,1907.659,15.27693175,24.308654,0.1553,0.1553,7,stop,15677.052923
2023-03-17T12:00:00+00:00,2023-03-20T00:00:00+00:00,long,1934.975,1971.8869,1925.0916,15.86200389,580.7381,3.704383,3.704383,12,stop,16257.791023
2023-03-20T08:00:00+00:00,2023-03-20T09:00:00+00:00,long,2003.415,1984.8926,1984.8926,8.77736742,-165.21112,-1.016197,-1.016197,2,stop,16092.579902
2023-03-22T15:00:00+00:00,2023-03-22T19:00:00+00:00,long,1950.535,1958.2781,1941.3465,17.51382696,130.357165,0.810045,0.810045,5,stop,16222.937068
2023-03-23T14:00:00+00:00,2023-03-24T06:00:00+00:00,long,1983.994,1985.8164,1968.0529,10.17679901,15.493159,0.095502,0.095502,16,stop,16238.430227
2023-03-28T13:00:00+00:00,2023-03-29T05:00:00+00:00,long,1965.084,1965.0401,1957.309,20.88544081,-7.182503,-0.044232,-0.044232,16,stop,16231.247723
2023-03-30T17:00:00+00:00,2023-03-31T07:00:00+00:00,long,1983.065,1976.0694,1974.7423,19.50238231,-142.28158,-0.876591,-0.876591,14,stop,16088.966143
2023-04-03T15:00:00+00:00,2023-04-05T13:00:00+00:00,long,1985.895,2024.3031,1973.8645,13.37348086,509.637946,3.167624,3.167624,45,stop,16598.604089
2023-04-11T09:00:00+00:00,2023-04-11T13:00:00+00:00,long,2004.428,1996.927,1995.8678,19.39043958,-151.264819,-0.91131,-0.91131,5,stop,16447.33927
2023-04-12T02:00:00+00:00,2023-04-12T07:00:00+00:00,long,2014.635,2011.8974,2007.3277,22.50809365,-68.370585,-0.415694,-0.415694,6,stop,16378.968684
2023-04-12T13:00:00+00:00,2023-04-12T13:00:00+00:00,long,2022.175,2014.4277,2014.4277,21.14151857,-170.132142,-1.038723,-1.038723,1,stop,16208.836542
2023-04-13T13:00:00+00:00,2023-04-13T14:00:00+00:00,long,2044.955,2037.2782,2037.2782,21.11405344,-168.422581,-1.039079,-1.039079,2,stop,16040.413961
2023-04-18T15:00:00+00:00,2023-04-19T05:00:00+00:00,long,2009.035,2001.3461,2001.3461,20.86177992,-166.662674,-1.039017,-1.039017,14,stop,15873.751287
2023-04-20T07:00:00+00:00,2023-04-21T05:00:00+00:00,long,1999.075,1997.5302,1989.2807,16.20713199,-29.898917,-0.188354,-0.188354,22,stop,15843.85237
2023-04-24T18:00:00+00:00,2023-04-25T07:00:00+00:00,long,1989.408,1987.9556,1980.9057,18.63478396,-32.655595,-0.206109,-0.206109,13,stop,15811.196774
2023-04-28T15:00:00+00:00,2023-05-01T00:00:00+00:00,long,1992.255,1984.1914,1984.1914,19.60811148,-163.994401,-1.037204,-1.037204,9,stop,15647.202373
2023-05-01T13:00:00+00:00,2023-05-01T14:00:00+00:00,long,2004.068,1996.617,1996.617,21.0001374,-162.772065,-1.040263,-1.040263,2,stop,15484.430308
2023-05-02T15:00:00+00:00,2023-05-03T12:00:00+00:00,long,2008.345,2009.0231,2001.7442,23.4584146,8.869627,0.057281,0.057281,21,stop,15493.299935
2023-05-03T15:00:00+00:00,2023-05-04T02:00:00+00:00,long,2021.145,2040.5026,2014.1844,22.25856957,424.194915,2.737925,2.737925,11,stop,15917.49485
2023-05-08T13:00:00+00:00,2023-05-08T13:00:00+00:00,long,2026.045,2018.749,2018.749,21.81674185,-165.719971,-1.041118,-1.041118,1,stop,15751.774879
2023-05-08T16:00:00+00:00,2023-05-09T00:00:00+00:00,long,2027.075,2019.6958,2019.6958,21.34618235,-163.921603,-1.040655,-1.040655,8,stop,15587.853276
2023-05-09T11:00:00+00:00,2023-05-09T13:00:00+00:00,long,2030.794,2024.5149,2023.6468,21.80973427,-143.488423,-0.920514,-0.920514,3,stop,15444.364853
2023-05-09T18:00:00+00:00,2023-05-10T05:00:00+00:00,long,2035.554,2029.1255,2028.4449,21.72478211,-146.175196,-0.946463,-0.946463,11,stop,15298.189657
2023-05-10T13:00:00+00:00,2023-05-10T13:00:00+00:00,long,2045.575,2038.933,2038.933,23.03250475,-159.891648,-1.045167,-1.045167,1,stop,15138.298009
2023-05-12T14:00:00+00:00,2023-05-12T14:00:00+00:00,long,2019.864,2011.8016,2011.8016,18.77641646,-157.015905,-1.03721,-1.03721,1,stop,14981.282104
2023-07-18T15:00:00+00:00,2023-07-18T17:00:00+00:00,long,1982.705,1975.6952,1975.6952,21.3719109,-156.224394,-1.042797,-1.042797,3,stop,14825.057709
2023-07-20T02:00:00+00:00,2023-07-20T06:00:00+00:00,long,1984.885,1978.9226,1977.7243,20.70336379,-129.652745,-0.874551,-0.874551,5,stop,14695.404964
2023-07-25T16:00:00+00:00,2023-07-26T13:00:00+00:00,long,1964.145,1967.282,1956.5871,19.4437674,55.161968,0.375369,0.375369,21,stop,14750.566932
2023-07-26T19:00:00+00:00,2023-07-27T12:00:00+00:00,long,1977.068,1970.8107,1970.6733,23.06686308,-151.256341,-1.025427,-1.025427,17,stop,14599.310591
2023-07-31T13:00:00+00:00,2023-07-31T19:00:00+00:00,long,1965.358,1964.3245,1959.608,25.39010538,-33.857706,-0.231913,-0.231913,7,stop,14565.452885
2023-08-30T12:00:00+00:00,2023-08-30T16:00:00+00:00,long,1938.975,1943.0465,1933.9693,29.09773435,109.742105,0.753441,0.753441,5,stop,14675.19499
2023-09-01T13:00:00+00:00,2023-09-01T13:00:00+00:00,long,1949.815,1945.5381,1945.5381,34.31269141,-157.045757,-1.070144,-1.070144,1,stop,14518.149233
2023-09-19T10:00:00+00:00,2023-09-19T14:00:00+00:00,long,1935.095,1931.9765,1930.4971,31.57560894,-107.941219,-0.743492,-0.743492,5,stop,14410.208014
2023-10-18T02:00:00+00:00,2023-10-18T14:00:00+00:00,long,1938.975,1947.4522,1930.5512,17.10654101,139.883607,0.970726,0.970726,13,stop,14550.091621
2023-10-19T17:00:00+00:00,2023-10-20T17:00:00+00:00,long,1961.895,1980.4792,1953.0124,16.38044224,299.503282,2.058429,2.058429,24,stop,14849.594903
2023-10-25T14:00:00+00:00,2023-10-25T14:00:00+00:00,long,1984.985,1977.4169,1977.4169,19.62129848,-154.382339,-1.03964,-1.03964,1,stop,14695.212564
2023-10-26T05:00:00+00:00,2023-10-26T12:00:00+00:00,long,1988.365,1980.4929,1977.0081,12.93945757,-105.742541,-0.719571,-0.719571,8,stop,14589.470023
2023-10-27T18:00:00+00:00,2023-10-29T22:00:00+00:00,long,1996.625,1997.0977,1989.1806,19.59791256,3.384559,0.023199,0.023199,4,stop,14592.854583
2023-10-31T14:00:00+00:00,2023-10-31T15:00:00+00:00,long,2002.364,1996.2798,1996.2798,23.98483709,-153.123997,-1.049308,-1.049308,2,stop,14439.730586
2023-11-03T13:00:00+00:00,2023-11-03T13:00:00+00:00,long,2000.045,1994.5681,1994.5681,26.36478772,-152.306742,-1.054776,-1.054776,1,stop,14287.423844
2023-11-09T15:00:00+00:00,2023-11-10T07:00:00+00:00,long,1958.045,1955.2821,1951.5715,22.07063234,-67.60014,-0.473144,-0.473144,16,stop,14219.823704
2023-11-13T17:00:00+00:00,2023-11-14T13:00:00+00:00,long,1945.705,1941.4441,1938.7738,20.51567363,-93.569936,-0.658025,-0.658025,20,stop,14126.253768
2023-11-14T15:00:00+00:00,2023-11-14T18:00:00+00:00,long,1967.665,1961.7431,1961.7431,23.85425922,-148.418815,-1.050659,-1.050659,4,stop,13977.834952
2023-11-15T09:00:00+00:00,2023-11-15T13:00:00+00:00,long,1971.405,1967.7784,1963.0454,16.7206983,-65.655494,-0.469711,-0.469711,5,stop,13912.179459
2023-11-16T14:00:00+00:00,2023-11-17T13:00:00+00:00,long,1972.025,1984.4382,1966.8184,26.72027707,323.66806,2.326509,2.326509,23,stop,14235.847519
2023-11-21T01:00:00+00:00,2023-11-21T09:00:00+00:00,long,1986.355,1984.5211,1978.6321,18.43329257,-39.334803,-0.276308,-0.276308,9,stop,14196.512716
2023-11-21T14:00:00+00:00,2023-11-22T01:00:00+00:00,long,1997.555,1996.1002,1989.7929,18.28952566,-32.09446,-0.226073,-0.226073,11,stop,14164.418256
2023-11-24T11:00:00+00:00,2023-11-27T16:00:00+00:00,long,1995.695,2006.1204,1991.3987,32.96887614,333.823058,2.356772,2.356772,25,stop,14498.241315
2023-11-28T01:00:00+00:00,2023-11-29T07:00:00+00:00,long,2017.028,2040.9995,2010.2978,21.54206608,509.933017,3.517206,3.517206,30,stop,15008.174332
2023-12-01T09:00:00+00:00,2023-12-01T11:00:00+00:00,long,2045.245,2038.1998,2037.8222,20.21902022,-148.512747,-0.989546,-0.989546,3,stop,14859.661584
2023-12-01T17:00:00+00:00,2023-12-04T00:00:00+00:00,long,2058.755,2099.1744,2050.4334,17.85673619,716.401542,4.821116,4.821116,7,stop,15576.063126
2023-12-06T08:00:00+00:00,2023-12-06T09:00:00+00:00,long,2033.965,2023.5598,2023.5598,14.96949903,-160.251481,-1.028832,-1.028832,2,stop,15415.811645
2023-12-07T14:00:00+00:00,2023-12-07T14:00:00+00:00,long,2037.065,2030.1106,2030.1106,22.16699017,-160.808214,-1.043138,-1.043138,1,stop,15255.003432
2023-12-13T14:00:00+00:00,2023-12-13T15:00:00+00:00,long,1984.345,1978.5029,1978.5029,26.11219156,-160.383692,-1.051351,-1.051351,2,stop,15094.61974
2023-12-13T20:00:00+00:00,2023-12-15T13:00:00+00:00,long,2013.645,2033.9089,2006.8456,22.19992902,443.197163,2.936127,2.936127,40,stop,15537.816903
2023-12-18T18:00:00+00:00,2023-12-18T18:00:00+00:00,long,2033.525,2025.9544,2025.9544,20.52389098,-161.535336,-1.039627,-1.039627,1,stop,15376.281567
2023-12-19T15:00:00+00:00,2023-12-19T18:00:00+00:00,long,2041.395,2036.9407,2034.3397,21.79394436,-103.61495,-0.673862,-0.673862,4,stop,15272.666617
2023-12-21T14:00:00+00:00,2023-12-22T16:00:00+00:00,long,2041.238,2058.8962,2035.0077,24.51353324,425.510813,2.786094,2.786094,26,stop,15698.17743
2023-12-26T21:00:00+00:00,2023-12-27T10:00:00+00:00,long,2068.248,2061.8488,2061.8488,24.53146867,-164.341215,-1.046881,-1.046881,13,stop,15533.836215
2023-12-27T16:00:00+00:00,2023-12-28T08:00:00+00:00,long,2078.745,2079.0615,2071.9474,22.85194218,0.377057,0.002427,0.002427,16,stop,15534.213272
2024-01-02T06:00:00+00:00,2024-01-02T11:00:00+00:00,long,2074.465,2068.3047,2065.7963,17.91988796,-115.767852,-0.745244,-0.745244,6,stop,15418.44542
2024-01-05T16:00:00+00:00,2024-01-05T16:00:00+00:00,long,2054.815,2047.0558,2047.0558,19.87117927,-160.145808,-1.038664,-1.038664,1,stop,15258.299612
2024-01-09T14:00:00+00:00,2024-01-09T15:00:00+00:00,long,2038.488,2031.1777,2031.1777,20.87233029,-158.844695,-1.041038,-1.041038,2,stop,15099.454916
2024-01-12T11:00:00+00:00,2024-01-12T17:00:00+00:00,long,2045.835,2046.293,2034.0146,12.77406426,2.018302,0.013367,0.013367,7,stop,15101.473219
2024-01-19T00:00:00+00:00,2024-01-19T14:00:00+00:00,long,2023.675,2028.6783,2016.343,20.59666287,96.872284,0.641476,0.641476,15,stop,15198.345503
2024-01-30T08:00:00+00:00,2024-01-30T15:00:00+00:00,long,2037.795,2038.6897,2029.025,17.32992646,10.306107,0.067811,0.067811,8,stop,15208.65161
2024-01-31T14:00:00+00:00,2024-01-31T19:00:00+00:00,long,2041.845,2045.3901,2036.7804,30.02932435,97.44816,0.640742,0.640742,6,stop,15306.099771
2024-02-01T16:00:00+00:00,2024-02-02T13:00:00+00:00,long,2051.875,2047.6814,2040.481,13.43347356,-60.364657,-0.394383,-0.394383,21,stop,15245.735114
2024-02-07T15:00:00+00:00,2024-02-07T15:00:00+00:00,long,2042.445,2037.3416,2037.3416,29.87368247,-161.419456,-1.058784,-1.058784,1,stop,15084.315658
2024-02-29T14:00:00+00:00,2024-02-29T21:00:00+00:00,long,2047.555,2043.0331,2043.0331,33.35835746,-160.850664,-1.066344,-1.066344,8,stop,14923.464994
2024-03-01T11:00:00+00:00,2024-03-01T14:00:00+00:00,long,2054.775,2048.7941,2047.2645,19.87013514,-124.802332,-0.836283,-0.836283,4,stop,14798.662663
2024-03-01T16:00:00+00:00,2024-03-06T15:00:00+00:00,long,2069.064,2136.1807,2061.6818,20.04641254,1339.435133,9.051055,9.051055,69,stop,16138.097795
2024-03-07T05:00:00+00:00,2024-03-07T14:00:00+00:00,long,2158.125,2148.6222,2145.2477,12.53220613,-122.85071,-0.761247,-0.761247,10,stop,16015.247085
2024-03-08T09:00:00+00:00,2024-03-08T13:00:00+00:00,long,2165.125,2159.5965,2155.8475,17.26245981,-100.614247,-0.62824,-0.62824,5,stop,15914.632838
2024-03-13T16:00:00+00:00,2024-03-14T05:00:00+00:00,long,2171.635,2168.765,2163.6408,19.90772415,-63.107486,-0.396537,-0.396537,13,donch_exit,15851.525352
2024-03-15T10:00:00+00:00,2024-03-15T12:00:00+00:00,long,2171.768,2163.5518,2163.5518,19.29301301,-164.303157,-1.036513,-1.036513,3,stop,15687.222195
2024-03-20T19:00:00+00:00,2024-03-21T13:00:00+00:00,long,2181.908,2191.785,2175.017,22.76479784,218.018469,1.389784,1.389784,18,donch_exit,15905.240664
2024-03-26T10:00:00+00:00,2024-03-26T12:00:00+00:00,long,2190.805,2189.1373,2183.4653,21.67015091,-42.640356,-0.26809,-0.26809,3,stop,15862.600308
2024-03-28T11:00:00+00:00,2024-03-28T13:00:00+00:00,long,2212.265,2205.2752,2203.2175,17.5325784,-127.80899,-0.805725,-0.805725,3,stop,15734.791318
2024-03-28T17:00:00+00:00,2024-04-01T10:00:00+00:00,long,2220.305,2245.9324,2208.0638,12.85396147,325.557424,2.069029,2.069029,17,stop,16060.348742
2024-04-02T09:00:00+00:00,2024-04-02T15:00:00+00:00,long,2260.985,2252.3291,2246.843,11.35649041,-101.707592,-0.633284,-0.633284,7,stop,15958.641149
2024-04-02T20:00:00+00:00,2024-04-03T07:00:00+00:00,long,2277.375,2270.5975,2262.3938,10.65244516,-75.392681,-0.472425,-0.472425,11,stop,15883.248469
2024-04-03T17:00:00+00:00,2024-04-04T07:00:00+00:00,long,2293.685,2292.925,2280.4252,11.97849777,-12.697208,-0.079941,-0.079941,14,donch_exit,15870.551261
2024-04-05T15:00:00+00:00,2024-04-07T22:00:00+00:00,long,2317.428,2310.1349,2299.8583,9.03290965,-68.587786,-0.43217,-0.43217,7,stop,15801.963475
2024-04-08T03:00:00+00:00,2024-04-08T12:00:00+00:00,long,2348.015,2326.808,2326.808,7.45129602,-160.255024,-1.014146,-1.014146,10,stop,15641.708451
2024-04-09T08:00:00+00:00,2024-04-09T11:00:00+00:00,long,2353.855,2351.0056,2341.5945,12.75780633,-40.179435,-0.256874,-0.256874,4,stop,15601.529016
2024-04-11T17:00:00+00:00,2024-04-12T15:00:00+00:00,long,2349.745,2408.9518,2335.9343,11.29669678,665.452258,4.265302,4.265302,22,stop,16266.981274
2024-04-15T19:00:00+00:00,2024-04-16T06:00:00+00:00,long,2375.825,2372.885,2351.9441,6.81171198,-22.069947,-0.135673,-0.135673,11,donch_exit,16244.911327
2024-04-16T17:00:00+00:00,2024-04-16T20:00:00+00:00,long,2397.405,2378.4596,2378.4596,8.57459401,-165.021491,-1.015835,-1.015835,4,stop,16079.889835
2024-04-19T02:00:00+00:00,2024-04-19T02:00:00+00:00,long,2409.274,2396.8393,2396.8393,12.93146585,-164.678338,-1.024126,-1.024126,1,stop,15915.211497
2024-04-26T08:00:00+00:00,2024-04-26T14:00:00+00:00,long,2345.415,2335.176,2331.4325,11.38223601,-119.957385,-0.753728,-0.753728,7,stop,15795.254112
2024-05-01T14:00:00+00:00,2024-05-01T18:00:00+00:00,long,2302.934,2295.5776,2292.4785,15.10712459,-115.666189,-0.732284,-0.732284,5,stop,15679.587923
2024-05-06T08:00:00+00:00,2024-05-07T08:00:00+00:00,long,2322.645,2316.3153,2304.6997,8.73743427,-57.926568,-0.369439,-0.369439,24,stop,15621.661355
2024-05-09T13:00:00+00:00,2024-05-09T13:00:00+00:00,long,2326.585,2318.1595,2318.1595,18.54093093,-161.778893,-1.035606,-1.035606,1,stop,15459.882462
2024-05-09T15:00:00+00:00,2024-05-10T12:00:00+00:00,long,2333.205,2362.0926,2323.1445,15.36691264,439.303152,2.841569,2.841569,21,stop,15899.185614
2024-05-14T14:00:00+00:00,2024-05-15T11:00:00+00:00,long,2353.728,2362.2779,2344.8474,17.90327862,147.700258,0.92898,0.92898,21,stop,16046.885872
2024-05-15T18:00:00+00:00,2024-05-16T12:00:00+00:00,long,2389.065,2378.5212,2374.0177,10.66429584,-115.641491,-0.720648,-0.720648,18,stop,15931.244381
2024-05-17T12:00:00+00:00,2024-05-20T11:00:00+00:00,long,2389.685,2431.8421,2380.9479,18.23401859,763.223139,4.790731,4.790731,23,stop,16694.467521
2024-05-27T14:00:00+00:00,2024-05-28T06:00:00+00:00,long,2354.788,2345.9886,2345.9886,18.97227938,-172.636359,-1.034093,-1.034093,14,stop,16521.831162
2024-05-30T14:00:00+00:00,2024-05-31T13:00:00+00:00,long,2348.475,2345.1478,2336.2266,13.48897094,-48.927195,-0.296137,-0.296137,23,stop,16472.903966
2024-06-03T15:00:00+00:00,2024-06-04T07:00:00+00:00,long,2341.534,2339.585,2329.95,14.22039362,-31.981665,-0.194147,-0.194147,16,donch_exit,16440.922301
2024-06-06T02:00:00+00:00,2024-06-06T08:00:00+00:00,long,2367.265,2361.4698,2356.5491,15.3425492,-93.515906,-0.5688,-0.5688,7,stop,16347.406395
2024-06-07T04:00:00+00:00,2024-06-07T06:00:00+00:00,long,2380.025,2374.2192,2368.0919,13.69921177,-83.644647,-0.511669,-0.511669,3,stop,16263.761748
2024-07-05T05:00:00+00:00,2024-07-05T12:00:00+00:00,long,2363.775,2360.1817,2357.1587,24.58135476,-95.702588,-0.588441,-0.588441,8,stop,16168.05916
2024-07-05T14:00:00+00:00,2024-07-08T06:00:00+00:00,long,2383.015,2378.5271,2373.9134,17.76397464,-85.052134,-0.52605,-0.52605,16,stop,16083.007025
2024-07-10T07:00:00+00:00,2024-07-10T14:00:00+00:00,long,2371.805,2375.37,2361.6028,15.76425381,51.470289,0.320029,0.320029,8,stop,16134.477314
2024-07-11T13:00:00+00:00,2024-07-11T13:00:00+00:00,long,2406.188,2398.9298,2398.9298,22.22930935,-168.013566,-1.041333,-1.041333,1,stop,15966.463748
2024-07-11T15:00:00+00:00,2024-07-12T02:00:00+00:00,long,2417.665,2406.6458,2406.6458,14.48967597,-164.01154,-1.027225,-1.027225,11,stop,15802.452208
2024-07-12T18:00:00+00:00,2024-07-14T22:00:00+00:00,long,2417.735,2406.9817,2406.9817,14.69544438,-162.433155,-1.027898,-1.027898,4,stop,15640.019052
2024-07-15T15:00:00+00:00,2024-07-15T17:00:00+00:00,long,2431.424,2422.4436,2421.8775,16.38298754,-152.040678,-0.972126,-0.972126,3,stop,15487.978375
2024-07-16T10:00:00+00:00,2024-07-16T12:00:00+00:00,long,2442.415,2431.0786,2431.0786,13.66216645,-158.978434,-1.026463,-1.026463,3,stop,15328.999941
2024-07-16T15:00:00+00:00,2024-07-17T03:00:00+00:00,long,2452.008,2464.4921,2440.4068,13.21328823,160.992025,1.050245,1.050245,12,stop,15489.991966
2024-07-17T14:00:00+00:00,2024-07-17T14:00:00+00:00,long,2482.845,2469.1602,2469.1602,11.31912192,-158.295656,-1.021922,-1.021922,1,stop,15331.69631
2024-07-24T03:00:00+00:00,2024-07-24T16:00:00+00:00,long,2414.008,2419.3754,2403.5274,14.62864369,74.129189,0.483503,0.483503,14,stop,15405.825499
2024-07-26T14:00:00+00:00,2024-07-29T08:00:00+00:00,long,2381.514,2387.3946,2368.6262,11.95380554,66.709407,0.433014,0.433014,18,stop,15472.534906
2024-07-30T14:00:00+00:00,2024-07-30T15:00:00+00:00,long,2393.935,2385.902,2385.902,19.26121612,-160.503714,-1.037346,-1.037346,2,stop,15312.031192
2024-07-30T17:00:00+00:00,2024-08-01T08:00:00+00:00,long,2399.825,2437.2135,2390.2813,16.0441246,595.052515,3.886176,3.886176,38,stop,15907.083708
2024-08-02T06:00:00+00:00,2024-08-02T13:00:00+00:00,long,2466.675,2457.913,2450.2212,9.66772643,-87.608937,-0.550754,-0.550754,8,stop,15819.474771
2024-08-07T13:00:00+00:00,2024-08-07T17:00:00+00:00,long,2403.775,2391.0679,2391.0679,12.44931949,-161.929544,-1.023609,-1.023609,5,stop,15657.545227
2024-08-08T11:00:00+00:00,2024-08-09T05:00:00+00:00,long,2405.055,2417.028,2393.1834,13.18907749,153.956101,0.983271,0.983271,18,donch_exit,15811.501329
2024-08-09T11:00:00+00:00,2024-08-13T01:00:00+00:00,long,2430.355,2464.2855,2418.1001,12.90218715,433.907005,2.744249,2.744249,37,stop,16245.408334
2024-08-15T12:00:00+00:00,2024-08-15T12:00:00+00:00,long,2463.418,2454.1243,2454.1243,17.48002231,-167.69809,-1.03228,-1.03228,1,stop,16077.710243
2024-08-16T11:00:00+00:00,2024-08-16T14:00:00+00:00,long,2464.495,2482.4627,2452.8697,13.82993148,244.34308,1.519763,1.519763,4,stop,16322.053324
2024-08-16T19:00:00+00:00,2024-08-19T10:00:00+00:00,long,2503.164,2492.9763,2489.1594,11.65478009,-122.231837,-0.748875,-0.748875,15,stop,16199.821487
2024-08-20T08:00:00+00:00,2024-08-20T15:00:00+00:00,long,2514.825,2519.242,2503.9547,14.90282834,61.354944,0.378738,0.378738,8,stop,16261.176431
2024-08-23T15:00:00+00:00,2024-08-26T13:00:00+00:00,long,2509.115,2517.0954,2500.5167,18.91208312,145.252363,0.893246,0.893246,22,stop,16406.428794
2024-08-27T19:00:00+00:00,2024-08-28T02:00:00+00:00,long,2524.348,2513.4483,2512.2682,13.58170565,-152.111029,-0.927143,-0.927143,7,stop,16254.317765
2024-08-29T04:00:00+00:00,2024-08-29T12:00:00+00:00,long,2516.495,2513.0687,2505.6481,14.98521952,-55.839424,-0.343536,-0.343536,9,stop,16198.478342
2024-09-05T06:00:00+00:00,2024-09-05T14:00:00+00:00,long,2501.815,2508.8568,2491.0285,15.01736276,101.244056,0.625022,0.625022,9,stop,16299.722398
2024-09-06T13:00:00+00:00,2024-09-06T13:00:00+00:00,long,2522.175,2515.3712,2515.3712,23.95679238,-170.184262,-1.044093,-1.044093,1,stop,16129.538136
2024-09-10T13:00:00+00:00,2024-09-10T14:00:00+00:00,long,2513.755,2506.0679,2506.0679,20.9826048,-167.590163,-1.039026,-1.039026,2,stop,15961.947974
2024-09-11T00:00:00+00:00,2024-09-11T12:00:00+00:00,long,2518.498,2517.0387,2509.3342,17.41848139,-30.644334,-0.191984,-0.191984,13,stop,15931.303639
2024-09-12T13:00:00+00:00,2024-09-16T10:00:00+00:00,long,2528.395,2578.7123,2520.3904,19.90268551,995.478592,6.24857,6.24857,44,stop,16926.782231
2024-09-20T07:00:00+00:00,2024-09-20T13:00:00+00:00,long,2605.364,2605.7808,2593.4363,14.19115356,1.657527,0.009792,0.009792,7,stop,16928.439758
2024-09-20T16:00:00+00:00,2024-09-23T07:00:00+00:00,long,2622.728,2617.5686,2611.3909,14.93189595,-81.519193,-0.481552,-0.481552,15,stop,16846.920565
2024-09-23T14:00:00+00:00,2024-09-24T00:00:00+00:00,long,2631.765,2625.045,2621.4998,16.41168274,-115.210013,-0.683864,-0.683864,10,donch_exit,16731.710552
2024-09-24T05:00:00+00:00,2024-09-24T05:00:00+00:00,long,2637.955,2628.311,2628.311,17.34934732,-172.52191,-1.031107,-1.031107,1,stop,16559.188643
2024-09-24T15:00:00+00:00,2024-09-25T05:00:00+00:00,long,2643.448,2656.1276,2632.9347,15.75070496,194.987427,1.177518,1.177518,14,stop,16754.17607
2024-09-26T09:00:00+00:00,2024-09-26T12:00:00+00:00,long,2668.955,2671.9963,2658.4139,15.89414394,43.570617,0.260058,0.260058,4,stop,16797.746686
2024-10-01T10:00:00+00:00,2024-10-01T15:00:00+00:00,long,2648.565,2656.3074,2637.4556,15.12030054,112.531325,0.669919,0.669919,6,stop,16910.278011
2024-10-04T05:00:00+00:00,2024-10-04T12:00:00+00:00,long,2663.914,2655.5071,2651.1981,13.2985302,-115.788973,-0.684725,-0.684725,8,stop,16794.489039
2024-10-08T12:00:00+00:00,2024-10-08T13:00:00+00:00,long,2650.695,2636.651,2636.651,11.95847981,-171.532434,-1.021361,-1.021361,2,stop,16622.956604
2024-10-10T13:00:00+00:00,2024-10-13T22:00:00+00:00,long,2624.924,2648.5403,2615.4325,17.51351905,408.350464,2.456545,2.456545,32,stop,17031.307068
2024-10-14T07:00:00+00:00,2024-10-14T11:00:00+00:00,long,2663.975,2652.1569,2652.1569,14.41120575,-174.636432,-1.025385,-1.025385,5,stop,16856.670636
2024-10-15T15:00:00+00:00,2024-10-16T14:00:00+00:00,long,2659.655,2671.664,2649.1155,15.99380486,187.271461,1.110964,1.110964,23,stop,17043.942097
2024-10-17T11:00:00+00:00,2024-10-17T12:00:00+00:00,long,2687.295,2676.7287,2676.7287,16.13047339,-175.278563,-1.028392,-1.028392,2,stop,16868.663534
2024-10-17T15:00:00+00:00,2024-10-17T16:00:00+00:00,long,2695.525,2685.0877,2685.0877,16.16190349,-173.535206,-1.028743,-1.028743,2,stop,16695.128328
2024-10-18T02:00:00+00:00,2024-10-21T14:00:00+00:00,long,2704.475,2728.2979,2692.7552,14.24523313,335.089194,2.007108,2.007108,36,stop,17030.217522
2024-10-22T17:00:00+00:00,2024-10-23T12:00:00+00:00,long,2745.225,2746.2844,2733.6021,14.65229635,11.126954,0.065337,0.065337,19,stop,17041.344476
2024-10-25T15:00:00+00:00,2024-10-27T22:00:00+00:00,long,2738.375,2734.5965,2728.6401,17.50541297,-71.395827,-0.418957,-0.418957,7,stop,16969.948649
2024-10-29T02:00:00+00:00,2024-10-30T12:00:00+00:00,long,2752.024,2774.8797,2741.6733,16.39497681,369.800178,2.179147,2.179147,34,stop,17339.748828
2024-11-05T15:00:00+00:00,2024-11-05T15:00:00+00:00,long,2746.205,2735.3932,2735.3932,16.03780021,-178.208828,-1.027747,-1.027747,1,stop,17161.539999
2024-11-07T14:00:00+00:00,2024-11-08T06:00:00+00:00,long,2684.475,2689.9511,2668.5835,10.79919454,55.897711,0.325715,0.325715,16,stop,17217.43771
2024-11-22T02:00:00+00:00,2024-11-22T13:00:00+00:00,long,2677.705,2693.5742,2665.9863,14.6922762,228.746987,1.328577,1.328577,12,stop,17446.184697
2024-11-22T19:00:00+00:00,2024-11-24T23:00:00+00:00,long,2710.815,2699.1729,2694.8473,10.92592214,-130.478455,-0.747891,-0.747891,4,stop,17315.706242
2024-12-11T00:00:00+00:00,2024-12-11T04:00:00+00:00,long,2695.835,2688.8568,2683.9997,14.63055963,-106.484139,-0.614957,-0.614957,5,stop,17209.222103
2024-12-11T15:00:00+00:00,2024-12-12T01:00:00+00:00,long,2706.144,2706.08,2690.7701,11.19379084,-4.07454,-0.023676,-0.023676,10,stop,17205.147563
2025-01-09T12:00:00+00:00,2025-01-10T13:00:00+00:00,long,2669.954,2673.1745,2657.7326,14.07788597,41.114466,0.238966,0.238966,25,stop,17246.262029
2025-01-10T15:00:00+00:00,2025-01-10T20:00:00+00:00,long,2685.164,2684.2404,2675.6884,18.20070711,-22.270385,-0.129132,-0.129132,6,stop,17223.991644
2025-01-14T21:00:00+00:00,2025-01-15T14:00:00+00:00,long,2676.299,2684.2804,2665.29,15.64537346,120.178372,0.697738,0.697738,17,stop,17344.170016
2025-01-15T21:00:00+00:00,2025-01-17T01:00:00+00:00,long,2696.255,2710.0024,2684.7467,15.07100963,202.665895,1.168496,1.168496,27,stop,17546.835911
2025-01-21T02:00:00+00:00,2025-01-22T06:00:00+00:00,long,2717.889,2746.7372,2705.7874,14.49959998,413.93748,2.359043,2.359043,28,stop,17960.773391
2025-01-23T18:00:00+00:00,2025-01-24T16:00:00+00:00,long,2757.585,2771.8371,2746.4924,16.19167138,225.907818,1.257784,1.257784,22,stop,18186.681209
2025-01-28T14:00:00+00:00,2025-01-29T06:00:00+00:00,long,2748.648,2759.025,2738.9835,18.81802598,189.629248,1.042682,1.042682,16,donch_exit,18376.310457
2025-01-30T07:00:00+00:00,2025-01-31T18:00:00+00:00,long,2765.248,2801.6416,2754.9983,17.9286325,647.10889,3.52143,3.52143,35,stop,19023.419347
2025-02-03T15:00:00+00:00,2025-02-03T23:00:00+00:00,long,2829.265,2811.5667,2811.5667,10.74872691,-193.458812,-1.016951,-1.016951,8,stop,18829.960535
2025-02-04T14:00:00+00:00,2025-02-05T16:00:00+00:00,long,2831.555,2865.8194,2818.3863,14.29902765,485.657895,2.579176,2.579176,26,stop,19315.61843
2025-02-07T15:00:00+00:00,2025-02-07T16:00:00+00:00,long,2875.465,2866.8623,2864.9106,18.30101041,-162.928405,-0.843506,-0.843506,2,stop,19152.690024
2025-02-10T07:00:00+00:00,2025-02-11T02:00:00+00:00,long,2888.015,2916.7061,2871.2593,11.43055201,324.525945,1.694414,1.694414,19,stop,19477.215969
2025-02-13T04:00:00+00:00,2025-02-14T13:00:00+00:00,long,2916.275,2923.6466,2900.1882,12.10757638,85.619937,0.43959,0.43959,33,stop,19562.835907
2025-02-18T04:00:00+00:00,2025-02-19T02:00:00+00:00,long,2908.735,2926.1537,2897.1996,16.95895756,290.315307,1.484014,1.484014,22,stop,19853.151213
2025-02-19T10:00:00+00:00,2025-02-19T12:00:00+00:00,long,2945.305,2932.1665,2932.1665,15.11066805,-203.064713,-1.022834,-1.022834,3,stop,19650.086501
2025-02-20T07:00:00+00:00,2025-02-20T12:00:00+00:00,long,2947.565,2940.144,2932.8043,13.31243539,-102.785314,-0.523078,-0.523078,6,stop,19547.301187
2025-02-24T09:00:00+00:00,2025-02-24T14:00:00+00:00,long,2946.085,2938.9947,2929.831,12.02614814,-88.876843,-0.454676,-0.454676,6,stop,19458.424345
2025-03-03T16:00:00+00:00,2025-03-04T14:00:00+00:00,long,2887.785,2908.387,2872.5664,12.785949,259.580337,1.334025,1.334025,22,stop,19718.004681
2025-03-07T15:00:00+00:00,2025-03-07T15:00:00+00:00,long,2926.265,2912.7044,2912.7044,14.540658,-201.542244,-1.022123,-1.022123,1,stop,19516.462437
2025-03-11T10:00:00+00:00,2025-03-12T13:00:00+00:00,long,2911.565,2910.2521,2895.4249,12.09190924,-19.50304,-0.099931,-0.099931,27,stop,19496.959397
2025-03-12T16:00:00+00:00,2025-03-14T14:00:00+00:00,long,2928.505,2982.6413,2916.0387,15.63973224,841.985317,4.318547,4.318547,45,stop,20338.944713
2025-03-17T11:00:00+00:00,2025-03-17T12:00:00+00:00,long,2998.715,2986.2776,2986.263,16.33387786,-208.051136,-1.02292,-1.02292,2,stop,20130.893577
2025-03-18T02:00:00+00:00,2025-03-19T08:00:00+00:00,long,3005.535,3032.1332,2994.4049,18.08689372,475.652748,2.3628,2.3628,30,stop,20606.546326
2025-03-19T19:00:00+00:00,2025-03-20T07:00:00+00:00,long,3046.705,3042.105,3033.3032,15.37595422,-75.342176,-0.365623,-0.365623,12,donch_exit,20531.20415
2025-03-25T14:00:00+00:00,2025-03-26T01:00:00+00:00,long,3027.985,3016.6166,3016.6166,18.05988895,-210.730008,-1.026389,-1.026389,11,stop,20320.474142
2025-03-27T04:00:00+00:00,2025-03-27T13:00:00+00:00,long,3033.445,3042.5705,3021.7843,17.42646165,153.797237,0.756859,0.756859,10,stop,20474.271379
2025-03-27T15:00:00+00:00,2025-03-28T08:00:00+00:00,long,3057.468,3068.4443,3043.9935,15.19482829,162.224545,0.792334,0.792334,17,stop,20636.495924
2025-03-30T23:00:00+00:00,2025-03-31T13:00:00+00:00,long,3089.755,3105.6715,3071.5963,11.36452275,177.47407,0.860001,0.860001,15,stop,20813.969994
2025-04-01T02:00:00+00:00,2025-04-01T06:00:00+00:00,long,3135.235,3128.1893,3116.8213,11.303524,-83.032296,-0.398926,-0.398926,5,stop,20730.937698
2025-04-02T23:00:00+00:00,2025-04-03T05:00:00+00:00,long,3145.668,3136.828,3122.739,9.04136146,-82.638044,-0.398622,-0.398622,7,stop,20648.299654
2025-04-09T07:00:00+00:00,2025-04-09T17:00:00+00:00,long,3038.685,3056.545,3010.827,7.41198207,130.154405,0.63034,0.63034,11,stop,20778.454059
2025-04-10T03:00:00+00:00,2025-04-14T10:00:00+00:00,long,3119.095,3215.075,3075.666,4.78446523,457.777633,2.203136,2.203136,54,donch_exit,21236.231693
2025-04-15T23:00:00+00:00,2025-04-17T01:00:00+00:00,long,3241.195,3323.5136,3224.078,12.40651498,1017.56499,4.791646,4.791646,26,stop,22253.796682
2025-04-21T01:00:00+00:00,2025-04-22T08:00:00+00:00,long,3368.555,3459.534,3340.772,8.00986095,726.326181,3.26383,3.26383,31,stop,22980.122863
2025-04-24T02:00:00+00:00,2025-04-24T14:00:00+00:00,long,3357.345,3312.16,3312.16,5.08578574,-231.326964,-1.006639,-1.006639,13,stop,22748.795899
2025-04-28T17:00:00+00:00,2025-04-29T02:00:00+00:00,long,3336.335,3320.2774,3300.5904,6.36426087,-104.104034,-0.457624,-0.457624,9,stop,22644.691865
2025-05-02T03:00:00+00:00,2025-05-02T13:00:00+00:00,long,3248.085,3241.697,3220.759,8.28686667,-55.422564,-0.244749,-0.244749,11,stop,22589.269301
2025-05-05T09:00:00+00:00,2025-05-06T05:00:00+00:00,long,3282.545,3352.4037,3255.048,8.21517595,571.436959,2.529683,2.529683,20,stop,23160.70626
2025-05-06T13:00:00+00:00,2025-05-06T22:00:00+00:00,long,3390.805,3399.0085,3362.6922,8.23849146,65.112917,0.281135,0.281135,9,stop,23225.819178
2025-05-08T02:00:00+00:00,2025-05-08T04:00:00+00:00,long,3408.325,3382.177,3382.177,8.88244576,-234.922926,-1.011473,-1.011473,3,stop,22990.896252
2025-05-09T16:00:00+00:00,2025-05-11T22:00:00+00:00,long,3344.785,3315.06,3315.06,7.73453196,-232.229322,-1.010093,-1.010093,6,stop,22758.66693
2025-05-13T06:00:00+00:00,2025-05-13T13:00:00+00:00,long,3256.295,3234.77,3228.785,8.27287057,-180.5554,-0.793348,-0.793348,8,stop,22578.11153
2025-05-15T15:00:00+00:00,2025-05-16T01:00:00+00:00,long,3205.185,3220.115,3175.3625,7.57083126,110.761261,0.490569,0.490569,10,stop,22688.872791
2025-05-19T01:00:00+00:00,2025-05-19T03:00:00+00:00,long,3246.255,3212.567,3212.567,6.73500142,-228.909228,-1.008905,-1.008905,3,stop,22459.963563
2025-05-20T12:00:00+00:00,2025-05-21T12:00:00+00:00,long,3240.905,3293.697,3220.4104,10.95896654,575.258072,2.56126,2.56126,24,stop,23035.221634
2025-05-22T02:00:00+00:00,2025-05-22T08:00:00+00:00,long,3337.768,3319.2307,3316.405,10.78276536,-203.118186,-0.881772,-0.881772,7,stop,22832.103448
2025-05-23T07:00:00+00:00,2025-05-26T00:00:00+00:00,long,3330.809,3337.2919,3302.4344,8.04666971,49.751754,0.217903,0.217903,17,stop,22881.855203
2025-05-28T08:00:00+00:00,2025-05-28T13:00:00+00:00,long,3318.948,3304.0972,3299.1598,11.56338384,-175.194516,-0.765648,-0.765648,6,stop,22706.660687
2025-05-29T13:00:00+00:00,2025-05-30T02:00:00+00:00,long,3316.209,3296.803,3289.8244,8.60602802,-169.590388,-0.746875,-0.746875,13,stop,22537.070299
2025-06-02T06:00:00+00:00,2025-06-03T01:00:00+00:00,long,3323.465,3368.9419,3300.0515,9.62567335,434.858082,1.929524,1.929524,19,stop,22971.928381
2025-06-04T02:00:00+00:00,2025-06-04T04:00:00+00:00,long,3370.548,3352.9154,3352.9154,13.02810044,-233.627714,-1.017014,-1.017014,3,stop,22738.300667
2025-06-04T15:00:00+00:00,2025-06-05T12:00:00+00:00,long,3377.148,3380.7927,3357.6304,11.650152,38.966263,0.171368,0.171368,21,stop,22777.266931
2025-06-09T17:00:00+00:00,2025-06-10T00:00:00+00:00,long,3337.519,3318.6307,3318.6307,12.05892904,-231.390348,-1.015883,-1.015883,7,stop,22545.876582
2025-06-10T14:00:00+00:00,2025-06-10T14:00:00+00:00,long,3343.355,3325.9246,3325.9246,12.9348016,-229.339206,-1.017211,-1.017211,1,stop,22316.537376
2025-06-11T23:00:00+00:00,2025-06-12T07:00:00+00:00,long,3368.665,3350.4867,3345.489,9.62915834,-177.930477,-0.797303,-0.797303,9,stop,22138.6069
2025-06-12T11:00:00+00:00,2025-06-13T06:00:00+00:00,long,3382.308,3412.2619,3356.7237,8.65320017,256.601132,1.159066,1.159066,19,stop,22395.208032
2025-06-15T23:00:00+00:00,2025-06-16T05:00:00+00:00,long,3448.095,3422.9194,3422.9194,8.89560051,-226.62076,-1.011916,-1.011916,7,stop,22168.587271
2025-06-22T23:00:00+00:00,2025-06-23T00:00:00+00:00,long,3378.555,3360.6763,3360.6763,12.39944027,-225.405705,-1.01678,-1.01678,2,stop,21943.181567
2025-06-26T00:00:00+00:00,2025-06-26T11:00:00+00:00,long,3338.835,3332.1329,3324.3643,15.16387014,-106.178935,-0.483881,-0.483881,12,stop,21837.002632
2025-07-02T19:00:00+00:00,2025-07-03T00:00:00+00:00,long,3354.905,3346.6174,3338.9395,13.67761901,-117.457921,-0.537885,-0.537885,5,stop,21719.544711
2025-07-07T20:00:00+00:00,2025-07-08T08:00:00+00:00,long,3337.045,3323.455,3317.7732,11.27011733,-156.54193,-0.720742,-0.720742,12,donch_exit,21563.002781
2025-07-11T11:00:00+00:00,2025-07-14T12:00:00+00:00,long,3344.715,3355.5388,3329.1828,13.88277435,146.099541,0.677547,0.677547,25,stop,21709.102322
2025-07-18T08:00:00+00:00,2025-07-18T19:00:00+00:00,long,3349.685,3348.5268,3335.8554,15.69756343,-22.890187,-0.105441,-0.105441,12,stop,21686.212135
2025-07-21T06:00:00+00:00,2025-07-22T01:00:00+00:00,long,3366.588,3385.8678,3355.1553,18.96858322,360.019916,1.660133,1.660133,19,stop,22046.23205
2025-07-22T13:00:00+00:00,2025-07-23T05:00:00+00:00,long,3407.369,3416.8909,3396.7103,20.68379075,190.74385,0.865199,0.865199,16,stop,22236.9759
2025-08-04T12:00:00+00:00,2025-08-05T06:00:00+00:00,long,3370.175,3365.7755,3354.1993,13.9192498,-65.413514,-0.294166,-0.294166,18,stop,22171.562386
2025-08-05T15:00:00+00:00,2025-08-06T01:00:00+00:00,long,3385.148,3374.6165,3372.0331,16.90562824,-183.113312,-0.825893,-0.825893,10,stop,21988.449074
2025-08-07T02:00:00+00:00,2025-08-07T08:00:00+00:00,long,3382.125,3381.0122,3368.2309,15.82574551,-22.358613,-0.101683,-0.101683,7,stop,21966.09046
2025-08-07T20:00:00+00:00,2025-08-08T01:00:00+00:00,long,3399.579,3384.647,3379.914,11.17014516,-170.143651,-0.774574,-0.774574,5,stop,21795.946809
2025-08-26T01:00:00+00:00,2025-08-26T01:00:00+00:00,long,3383.039,3373.1247,3373.1247,21.98435271,-224.554774,-1.030259,-1.030259,1,stop,21571.392035
2025-08-26T20:00:00+00:00,2025-08-27T04:00:00+00:00,long,3389.548,3379.272,3371.6177,12.0306922,-127.236601,-0.58984,-0.58984,8,stop,21444.155435
2025-08-27T17:00:00+00:00,2025-08-29T01:00:00+00:00,long,3395.205,3408.4422,3383.2726,17.97136824,232.499185,1.084208,1.084208,31,stop,21676.65462
2025-08-29T14:00:00+00:00,2025-09-01T01:00:00+00:00,long,3428.425,3438.642,3418.3938,21.60923381,214.298772,0.988616,0.988616,11,stop,21890.953391
2025-09-01T03:00:00+00:00,2025-09-01T10:00:00+00:00,long,3483.225,3466.4043,3466.4043,13.01429393,-222.813822,-1.017835,-1.017835,8,stop,21668.139569
2025-09-02T02:00:00+00:00,2025-09-02T07:00:00+00:00,long,3497.265,3479.955,3479.8583,12.44816052,-219.212107,-1.011679,-1.011679,6,stop,21448.927463
2025-09-02T15:00:00+00:00,2025-09-03T23:00:00+00:00,long,3510.815,3554.9865,3491.3106,10.99696861,482.453509,2.249313,2.249313,31,stop,21931.380971
2025-09-05T13:00:00+00:00,2025-09-05T14:00:00+00:00,long,3580.195,3574.6657,3564.9334,14.37030257,-83.768805,-0.381959,-0.381959,2,stop,21847.612166
2025-09-08T08:00:00+00:00,2025-09-09T06:00:00+00:00,long,3609.155,3637.2853,3585.9992,9.43504961,262.580261,1.201872,1.201872,22,stop,22110.192427
2025-09-09T14:00:00+00:00,2025-09-09T14:00:00+00:00,long,3665.418,3648.0574,3648.0574,12.73584578,-224.922678,-1.017281,-1.017281,1,stop,21885.269749
2025-09-12T02:00:00+00:00,2025-09-14T23:00:00+00:00,long,3646.175,3636.797,3627.1194,11.48495442,-111.151389,-0.507882,-0.507882,21,stop,21774.118361
2025-09-15T14:00:00+00:00,2025-09-16T15:00:00+00:00,long,3656.945,3681.0945,3642.8503,15.448444,368.437665,1.69209,1.69209,25,stop,22142.556026
2025-09-19T14:00:00+00:00,2025-09-23T16:00:00+00:00,long,3663.045,3764.935,3647.7849,14.5100989,1474.080947,6.65723,6.65723,49,stop,23616.636973
2025-09-26T14:00:00+00:00,2025-09-26T20:00:00+00:00,long,3761.358,3762.2586,3741.1559,11.69018913,7.021128,0.02973,0.02973,7,stop,23623.658101
2025-09-29T01:00:00+00:00,2025-09-30T07:00:00+00:00,long,3786.895,3847.6053,3765.7382,11.16598829,674.540702,2.855361,2.855361,30,stop,24298.198803
2025-10-01T08:00:00+00:00,2025-10-01T12:00:00+00:00,long,3879.035,3867.1474,3854.2067,9.78649316,-119.273864,-0.490875,-0.490875,5,stop,24178.924939
2025-10-02T11:00:00+00:00,2025-10-02T14:00:00+00:00,long,3881.475,3866.3193,3859.688,11.09786797,-171.525318,-0.7094,-0.7094,4,stop,24007.399621
2025-10-03T13:00:00+00:00,2025-10-07T06:00:00+00:00,long,3873.678,3954.785,3853.234,11.7430051,948.917013,3.952602,3.952602,40,donch_exit,24956.316634
2025-10-07T13:00:00+00:00,2025-10-07T15:00:00+00:00,long,3979.295,3961.7768,3955.6747,10.56562221,-188.26037,-0.75436,-0.75436,3,stop,24768.056264
2025-10-08T00:00:00+00:00,2025-10-08T22:00:00+00:00,long,3994.098,4031.734,3968.8418,9.80672321,366.143818,1.47829,1.47829,22,stop,25134.200082
2025-10-12T23:00:00+00:00,2025-10-14T05:00:00+00:00,long,4041.879,4139.6261,4003.0117,6.46666995,630.158233,2.507174,2.507174,30,stop,25764.358315
2025-10-15T02:00:00+00:00,2025-10-15T09:00:00+00:00,long,4181.555,4172.695,4136.8285,5.76042353,-52.76548,-0.2048,-0.2048,8,stop,25711.592835
2025-10-16T02:00:00+00:00,2025-10-16T05:00:00+00:00,long,4230.008,4204.2949,4195.4879,7.44829616,-193.753273,-0.753564,-0.753564,4,stop,25517.839562
2025-10-16T11:00:00+00:00,2025-10-17T01:00:00+00:00,long,4242.425,4321.7547,4210.0083,7.87181902,622.107496,2.437932,2.437932,14,stop,26139.947058
2025-10-20T12:00:00+00:00,2025-10-21T05:00:00+00:00,long,4278.905,4330.5607,4224.0106,4.76186042,244.548675,0.935536,0.935536,17,stop,26384.495733
2025-10-23T14:00:00+00:00,2025-10-24T04:00:00+00:00,long,4144.509,4102.6368,4096.7828,5.52830431,-233.140755,-0.883628,-0.883628,14,stop,26151.354978
2025-10-29T08:00:00+00:00,2025-10-29T17:00:00+00:00,long,4001.385,3985.9072,3958.2039,6.05620398,-95.553575,-0.365387,-0.365387,10,stop,26055.801403
2025-10-30T20:00:00+00:00,2025-10-31T04:00:00+00:00,long,4023.155,3988.8567,3973.5117,5.24860382,-181.59277,-0.696938,-0.696938,8,stop,25874.208633
2025-11-06T07:00:00+00:00,2025-11-06T14:00:00+00:00,long,3991.275,3996.7187,3968.452,11.33690077,58.313617,0.225374,0.225374,8,stop,25932.52225
2025-11-10T02:00:00+00:00,2025-11-11T14:00:00+00:00,long,4043.825,4123.002,4016.9563,9.65157311,761.287132,2.935646,2.935646,36,stop,26693.809382
2025-11-12T16:00:00+00:00,2025-11-13T14:00:00+00:00,long,4181.095,4209.4925,4155.5734,10.4593009,293.880207,1.10093,1.10093,22,stop,26987.689589
2025-11-19T06:00:00+00:00,2025-11-19T15:00:00+00:00,long,4095.315,4097.9507,4059.91,7.62256449,17.804024,0.065971,0.065971,10,stop,27005.493613
2025-11-21T17:00:00+00:00,2025-11-21T20:00:00+00:00,long,4099.619,4060.1981,4060.1981,6.85055227,-272.110102,-1.00761,-1.00761,4,stop,26733.383511
2025-11-24T17:00:00+00:00,2025-11-25T08:00:00+00:00,long,4096.975,4121.0584,4066.5411,8.78408075,208.915306,0.781477,0.781477,15,stop,26942.298817
2025-11-26T03:00:00+00:00,2025-11-26T14:00:00+00:00,long,4161.745,4145.6829,4129.3253,8.31047135,-135.976763,-0.504696,-0.504696,12,stop,26806.322054
2025-11-28T01:00:00+00:00,2025-11-28T07:00:00+00:00,long,4180.405,4173.1933,4163.1473,15.53296329,-116.67896,-0.435267,-0.435267,7,stop,26689.643094
2025-11-28T15:00:00+00:00,2025-12-01T05:00:00+00:00,long,4197.765,4222.4064,4174.5435,11.4935052,279.768007,1.048227,1.048227,12,stop,26969.411101
2025-12-03T14:00:00+00:00,2025-12-03T14:00:00+00:00,long,4237.025,4213.8993,4213.8993,11.66209503,-273.19274,-1.012973,-1.012973,1,stop,26696.218361
2025-12-05T06:00:00+00:00,2025-12-05T16:00:00+00:00,long,4220.325,4224.1454,4198.6418,12.3119366,43.342942,0.162356,0.162356,11,stop,26739.561303
2025-12-10T21:00:00+00:00,2025-12-11T03:00:00+00:00,long,4229.205,4213.0676,4207.7112,12.44059278,-204.491,-0.764751,-0.764751,6,stop,26535.070303
2025-12-11T16:00:00+00:00,2025-12-12T15:00:00+00:00,long,4255.825,4319.8714,4226.0753,8.91944131,568.582273,2.142758,2.142758,23,stop,27103.652577
2025-12-16T15:00:00+00:00,2025-12-16T16:00:00+00:00,long,4324.305,4298.2647,4298.2647,10.40834882,-274.15903,-1.011521,-1.011521,2,stop,26829.493546
2025-12-18T17:00:00+00:00,2025-12-18T17:00:00+00:00,long,4360.195,4338.7117,4338.7117,12.4885346,-272.041496,-1.013964,-1.013964,1,stop,26557.45205
2025-12-19T16:00:00+00:00,2025-12-23T14:00:00+00:00,long,4347.595,4468.3622,4326.7146,12.71884258,1532.203352,5.769391,5.769391,45,stop,28089.655403
2025-12-23T21:00:00+00:00,2025-12-24T02:00:00+00:00,long,4497.448,4486.2423,4466.8602,9.18328726,-105.660148,-0.376153,-0.376153,5,stop,27983.995254
2025-12-26T16:00:00+00:00,2025-12-26T17:00:00+00:00,long,4546.275,4514.3706,4514.3706,8.77120248,-282.471313,-1.009403,-1.009403,2,stop,27701.523941
2025-12-30T13:00:00+00:00,2025-12-30T14:00:00+00:00,long,4401.065,4359.6472,4359.6472,6.68831371,-279.021734,-1.007243,-1.007243,2,stop,27422.502208
2026-01-02T03:00:00+00:00,2026-01-02T13:00:00+00:00,long,4362.555,4365.51,4314.1363,5.66361803,15.036906,0.054834,0.054834,11,stop,27437.539113
2026-01-05T09:00:00+00:00,2026-01-05T13:00:00+00:00,long,4429.655,4400.9312,4391.8903,7.26539311,-210.869317,-0.768543,-0.768543,5,stop,27226.669797
2026-01-05T16:00:00+00:00,2026-01-07T01:00:00+00:00,long,4448.255,4462.7706,4412.5062,7.61610734,108.267535,0.397653,0.397653,32,stop,27334.937332
2026-01-08T21:00:00+00:00,2026-01-09T17:00:00+00:00,long,4475.835,4483.8958,4444.823,8.81430973,68.406095,0.250252,0.250252,20,stop,27403.343427
2026-01-12T00:00:00+00:00,2026-01-12T23:00:00+00:00,long,4539.775,4581.4227,4511.0431,9.53760226,394.357917,1.439087,1.439087,23,stop,27797.701344
2026-01-13T15:00:00+00:00,2026-01-13T16:00:00+00:00,long,4629.075,4598.7727,4598.7727,9.17346252,-280.729052,-1.0099,-1.0099,2,stop,27516.972292
2026-01-19T00:00:00+00:00,2026-01-21T15:00:00+00:00,long,4672.375,4835.7349,4634.6128,7.28690921,1188.202687,4.318072,4.318072,60,stop,28705.174979
2026-01-22T16:00:00+00:00,2026-01-23T08:00:00+00:00,long,4871.645,4923.0435,4816.5722,5.21222363,266.336809,0.927836,0.927836,16,stop,28971.511788
2026-01-23T17:00:00+00:00,2026-01-26T19:00:00+00:00,long,4980.165,5045.8928,4936.756,6.67407952,436.67034,1.50724,1.50724,26,stop,29408.182128
2026-01-27T21:00:00+00:00,2026-01-29T15:00:00+00:00,long,5176.748,5456.4373,5126.5759,5.86146128,1637.629563,5.568619,5.568619,41,stop,31045.811691
2026-02-03T02:00:00+00:00,2026-02-04T14:00:00+00:00,long,4840.795,4989.6399,4638.6594,1.53589035,228.148678,0.734877,0.734877,36,stop,31273.960369
2026-02-06T14:00:00+00:00,2026-02-09T23:00:00+00:00,long,4928.625,5017.3359,4816.5419,2.79024763,246.688304,0.788798,0.788798,32,stop,31520.648673
2026-02-11T11:00:00+00:00,2026-02-11T12:00:00+00:00,long,5093.015,5064.2612,5044.0939,6.44316025,-187.198289,-0.593891,-0.593891,2,stop,31333.450384
2026-02-18T13:00:00+00:00,2026-02-19T00:00:00+00:00,long,4942.915,4961.8051,4903.2664,7.90278859,146.91363,0.468872,0.468872,11,stop,31480.364014
2026-02-19T07:00:00+00:00,2026-02-19T10:00:00+00:00,long,5017.995,4982.0967,4982.0967,8.76931889,-317.434436,-1.008357,-1.008357,4,stop,31162.929578
2026-02-20T14:00:00+00:00,2026-02-20T15:00:00+00:00,long,5043.265,5016.6666,5007.0006,8.59325663,-231.144854,-0.74173,-0.74173,2,stop,30931.784724
2026-02-20T17:00:00+00:00,2026-02-24T01:00:00+00:00,long,5065.968,5191.5237,5022.5236,7.11985543,891.802476,2.883126,2.883126,31,stop,31823.5872
2026-02-25T06:00:00+00:00,2026-02-25T20:00:00+00:00,long,5201.298,5166.9553,5152.489,6.52002442,-225.87125,-0.70976,-0.70976,15,stop,31597.71595
2026-02-27T14:00:00+00:00,2026-03-02T01:00:00+00:00,long,5222.575,5339.4757,5189.5926,9.58017487,1117.055095,3.53524,3.53524,11,stop,32714.771045
2026-03-02T08:00:00+00:00,2026-03-02T14:00:00+00:00,long,5408.075,5347.074,5347.074,5.3629893,-328.756607,-1.004918,-1.004918,7,stop,32386.014438
2026-03-09T20:00:00+00:00,2026-03-10T18:00:00+00:00,long,5140.765,5180.1195,5067.7516,4.43562612,173.23116,0.534895,0.534895,22,stop,32559.245599
2026-08-06T00:00:00+00:00,2026-08-06T05:00:00+00:00,long,4277.985,4249.933,4235.393,7.64445098,-216.735474,-0.665665,-0.665665,6,stop,32342.510124
2026-08-07T07:00:00+00:00,2026-08-10T01:00:00+00:00,long,4297.035,4323.343,4259.97,8.72588969,226.942939,0.701686,0.701686,18,stop,32569.453063
2026-08-10T19:00:00+00:00,2026-08-11T05:00:00+00:00,long,4378.165,4394.9868,4345.054,9.83644501,162.515777,0.498982,0.498982,10,stop,32731.968841
2026-08-12T03:00:00+00:00,2026-08-12T12:00:00+00:00,long,4410.755,4384.402,4378.126,10.03155746,-267.371101,-0.81685,-0.81685,10,stop,32464.59774
2026-08-17T01:00:00+00:00,2026-08-17T12:00:00+00:00,long,4400.665,4384.625,4372.464,11.51186048,-188.1038,-0.579412,-0.579412,12,donch_exit,32276.493939
2026-08-17T15:00:00+00:00,2026-08-18T01:00:00+00:00,long,4417.245,4404.51,4387.311,10.78255293,-140.550577,-0.435458,-0.435458,10,stop,32135.943362
2026-08-19T13:00:00+00:00,2026-08-20T05:00:00+00:00,long,4438.515,4480.3438,4410.2665,11.37615922,472.438241,1.470124,1.470124,16,stop,32608.381603
2026-08-21T06:00:00+00:00,2026-08-24T18:00:00+00:00,long,4553.335,4628.732,4514.93,8.49066049,637.623131,1.955396,1.955396,36,stop,33246.004733
2026-08-25T01:00:00+00:00,2026-08-25T02:00:00+00:00,long,4683.915,4644.335,4644.335,8.39969801,-334.979957,-1.00758,-1.00758,2,stop,32911.024777
2026-09-02T14:00:00+00:00,2026-09-03T13:00:00+00:00,long,4384.845,4460.022,4349.408,9.2871927,695.397128,2.112961,2.112961,23,stop,33606.421905
2026-09-08T02:00:00+00:00,2026-09-08T06:00:00+00:00,long,4437.045,4410.236,4410.236,12.53549998,-339.824869,-1.01119,-1.01119,5,stop,33266.597035
2026-09-11T13:00:00+00:00,2026-09-11T16:00:00+00:00,long,4388.205,4357.1984,4352.6881,9.36641346,-293.23056,-0.881456,-0.881456,4,stop,32973.366476
2026-09-16T03:00:00+00:00,2026-09-16T18:00:00+00:00,long,4321.365,4323.651,4291.4171,11.01024328,21.866343,0.066315,0.066315,16,stop,32995.232819
2026-09-18T07:00:00+00:00,2026-09-18T12:00:00+00:00,long,4393.015,4357.968,4356.853,9.12428318,-322.516037,-0.977463,-0.977463,6,stop,32672.716781
