entry_time_utc,exit_time_utc,side,entry_price,exit_price,stop_init,size_oz,pnl_usd,pnl_R,return_pct,bars_held,exit_reason,equity_after
2010-03-17T07:00:00+00:00,2010-03-17T12:00:00+00:00,long,1129.7,1126.751,1123.862,17.12915382,-55.652621,-0.556526,-0.556526,6,stop,9944.347379
2010-03-28T23:00:00+00:00,2010-03-30T13:00:00+00:00,long,1110.0,1107.414,1103.171,14.56193788,-42.025753,-0.422609,-0.422609,39,stop,9902.321627
2010-04-01T13:00:00+00:00,2010-04-02T01:00:00+00:00,long,1123.98,1123.1,1119.771,23.52654223,-27.76132,-0.280352,-0.280352,13,donch_exit,9874.560307
2010-04-05T12:00:00+00:00,2010-04-06T03:00:00+00:00,long,1127.68,1127.414,1122.52,19.13674478,-10.831398,-0.10969,-0.10969,16,stop,9863.728909
2010-04-06T15:00:00+00:00,2010-04-07T08:00:00+00:00,long,1137.23,1132.408,1132.127,19.32927476,-99.004545,-1.003723,-1.003723,18,stop,9764.724364
2010-04-07T14:00:00+00:00,2010-04-08T01:00:00+00:00,long,1142.03,1146.413,1137.561,21.84990907,89.213179,0.913627,0.913627,12,stop,9853.937543
2010-04-09T07:00:00+00:00,2010-04-09T13:00:00+00:00,long,1154.13,1153.628,1149.161,19.83082621,-15.904323,-0.161401,-0.161401,7,stop,9838.03322
2010-04-09T15:00:00+00:00,2010-04-12T09:00:00+00:00,long,1158.88,1162.3,1155.023,25.50695675,79.581705,0.808919,0.808919,18,donch_exit,9917.614925
2010-04-14T09:00:00+00:00,2010-04-14T13:00:00+00:00,long,1158.88,1155.422,1153.608,18.81186443,-70.694987,-0.712822,-0.712822,5,stop,9846.919938
2010-04-15T15:00:00+00:00,2010-04-16T01:00:00+00:00,long,1158.75,1155.474,1154.171,21.5045205,-76.900165,-0.780957,-0.780957,11,stop,9770.019773
2010-04-20T08:00:00+00:00,2010-04-20T15:00:00+00:00,long,1141.05,1140.155,1135.649,18.08927934,-21.616689,-0.221255,-0.221255,8,stop,9748.403084
2010-04-21T17:00:00+00:00,2010-04-22T09:00:00+00:00,long,1149.55,1144.508,1144.508,19.33439723,-103.28435,-1.0595,-1.0595,17,stop,9645.118734
2010-04-23T15:00:00+00:00,2010-04-26T13:00:00+00:00,long,1153.03,1151.887,1147.744,18.24653563,-26.329751,-0.272985,-0.272985,22,stop,9618.788983
2010-04-27T15:00:00+00:00,2010-04-28T07:00:00+00:00,long,1157.48,1163.39,1153.083,21.87579937,122.723234,1.27587,1.27587,17,stop,9741.512218
2010-04-30T01:00:00+00:00,2010-05-03T14:00:00+00:00,long,1173.88,1182.904,1168.527,18.19822944,158.761354,1.62974,1.62974,37,stop,9900.273572
2010-05-04T13:00:00+00:00,2010-05-04T13:00:00+00:00,long,1189.98,1185.363,1185.363,21.44308766,-105.435662,-1.064977,-1.064977,1,stop,9794.83791
2010-05-06T08:00:00+00:00,2010-05-06T12:00:00+00:00,long,1178.1,1177.922,1170.741,13.31001211,-6.362186,-0.064954,-0.064954,5,stop,9788.475724
2010-05-06T16:00:00+00:00,2010-05-06T18:00:00+00:00,long,1196.05,1189.412,1189.412,14.74612191,-102.308594,-1.045194,-1.045194,3,stop,9686.16713
2010-05-06T20:00:00+00:00,2010-05-07T02:00:00+00:00,long,1209.83,1199.415,1199.415,9.30020848,-99.651734,-1.028805,-1.028805,7,stop,9586.515396
2010-05-07T17:00:00+00:00,2010-05-09T22:00:00+00:00,long,1210.33,1200.246,1200.246,9.50665946,-98.717152,-1.02975,-1.02975,5,stop,9487.798244
2010-05-11T05:00:00+00:00,2010-05-11T15:00:00+00:00,long,1204.23,1215.831,1196.532,12.3250172,139.285019,1.468044,1.468044,11,stop,9627.083264
2010-05-11T19:00:00+00:00,2010-05-13T01:00:00+00:00,long,1229.03,1235.112,1221.634,13.01660798,75.262027,0.781774,0.781774,31,stop,9702.345291
2010-05-14T10:00:00+00:00,2010-05-14T13:00:00+00:00,long,1244.78,1241.13,1237.963,14.23257341,-56.218665,-0.579434,-0.579434,4,stop,9646.126626
2010-05-18T19:00:00+00:00,2010-05-18T20:00:00+00:00,long,1227.6,1220.336,1220.336,13.27935934,-100.445074,-1.0413,-1.0413,2,stop,9545.681552
2010-05-24T16:00:00+00:00,2010-05-25T00:00:00+00:00,long,1192.58,1188.43,1186.413,15.47864691,-68.879979,-0.721583,-0.721583,9,stop,9476.801573
2010-05-25T14:00:00+00:00,2010-05-27T07:00:00+00:00,long,1197.68,1211.41,1189.508,11.59667349,155.743325,1.643417,1.643417,42,stop,9632.544898
2010-05-31T15:00:00+00:00,2010-06-01T04:00:00+00:00,long,1216.25,1217.652,1212.032,22.83675889,25.166108,0.261261,0.261261,14,stop,9657.711006
2010-06-01T09:00:00+00:00,2010-06-02T01:00:00+00:00,long,1222.65,1221.916,1218.768,24.87818394,-25.724042,-0.266358,-0.266358,17,stop,9631.986964
2010-06-04T16:00:00+00:00,2010-06-07T09:00:00+00:00,long,1212.65,1213.6,1204.351,11.60620191,7.544031,0.078323,0.078323,17,donch_exit,9639.530996
2010-06-07T15:00:00+00:00,2010-06-08T18:00:00+00:00,long,1232.28,1240.085,1225.522,14.26388132,107.050429,1.110536,1.110536,28,stop,9746.581425
2010-06-11T13:00:00+00:00,2010-06-11T13:00:00+00:00,long,1227.6,1221.994,1221.994,17.38598185,-102.681609,-1.053514,-1.053514,1,stop,9643.899816
2010-06-14T00:00:00+00:00,2010-06-14T10:00:00+00:00,long,1231.5,1225.89,1224.544,13.8641458,-81.937102,-0.849626,-0.849626,11,stop,9561.962714
2010-06-15T13:00:00+00:00,2010-06-16T14:00:00+00:00,long,1225.9,1230.319,1221.224,20.44902206,84.229522,0.880881,0.880881,26,stop,9646.192236
2010-06-17T11:00:00+00:00,2010-06-18T02:00:00+00:00,long,1236.1,1242.229,1230.665,17.74828378,103.454746,1.072493,1.072493,16,stop,9749.646982
2010-06-18T12:00:00+00:00,2010-06-18T20:00:00+00:00,long,1256.5,1255.412,1251.879,21.09856521,-29.284809,-0.300368,-0.300368,9,stop,9720.362174
2010-06-21T08:00:00+00:00,2010-06-21T08:00:00+00:00,long,1264.55,1258.658,1258.658,16.4975597,-102.15289,-1.050916,-1.050916,1,stop,9618.209284
2010-06-22T15:00:00+00:00,2010-06-23T12:00:00+00:00,long,1241.28,1239.387,1235.079,15.51073905,-34.015051,-0.353653,-0.353653,22,stop,9584.194234
2010-06-24T15:00:00+00:00,2010-06-24T19:00:00+00:00,long,1242.48,1239.982,1236.042,14.88691245,-41.653581,-0.434607,-0.434607,5,stop,9542.540652
2010-06-25T12:00:00+00:00,2010-06-28T14:00:00+00:00,long,1251.68,1255.149,1245.646,15.81461825,50.116525,0.525191,0.525191,26,stop,9592.657178
2010-06-29T17:00:00+00:00,2010-06-30T12:00:00+00:00,long,1242.88,1238.914,1235.212,12.50998589,-53.3676,-0.556338,-0.556338,20,stop,9539.289578
2010-08-13T06:00:00+00:00,2010-08-13T12:00:00+00:00,long,1216.33,1212.813,1210.956,17.75081797,-67.754872,-0.710272,-0.710272,7,stop,9471.534706
2010-08-16T03:00:00+00:00,2010-08-16T16:00:00+00:00,long,1218.88,1221.748,1214.464,21.44822171,55.079033,0.581522,0.581522,14,stop,9526.613739
2010-08-18T16:00:00+00:00,2010-08-19T15:00:00+00:00,long,1228.23,1231.415,1224.472,25.35022283,73.135393,0.767696,0.767696,24,stop,9599.749132
2010-08-24T15:00:00+00:00,2010-08-25T12:00:00+00:00,long,1232.05,1232.561,1226.464,17.1853726,3.626114,0.037773,0.037773,22,stop,9603.375246
2010-08-26T08:00:00+00:00,2010-08-26T12:00:00+00:00,long,1242.6,1239.0,1237.247,17.94017419,-69.966679,-0.728563,-0.728563,5,stop,9533.408566
2010-08-27T13:00:00+00:00,2010-08-27T14:00:00+00:00,long,1239.35,1235.219,1235.219,23.07772589,-102.257403,-1.072622,-1.072622,2,stop,9431.151163
2010-08-31T13:00:00+00:00,2010-09-01T12:00:00+00:00,long,1243.25,1249.788,1240.331,32.30952779,201.546834,2.137033,2.137033,24,stop,9632.697997
2010-09-03T10:00:00+00:00,2010-09-03T12:00:00+00:00,long,1253.55,1249.583,1249.583,24.28207209,-103.611602,-1.075624,-1.075624,3,stop,9529.086396
2010-09-07T13:00:00+00:00,2010-09-07T15:00:00+00:00,long,1257.2,1254.645,1254.645,37.29583716,-106.479615,-1.117417,-1.117417,3,stop,9422.60678
2010-09-08T07:00:00+00:00,2010-09-08T12:00:00+00:00,long,1259.93,1256.759,1255.472,21.13639924,-73.364442,-0.7786,-0.7786,6,stop,9349.242339
2010-09-14T04:00:00+00:00,2010-09-14T19:00:00+00:00,long,1250.08,1268.191,1244.699,17.37454439,309.45801,3.30998,3.30998,16,stop,9658.700349
2010-09-16T10:00:00+00:00,2010-09-16T12:00:00+00:00,long,1272.03,1273.381,1267.728,22.45165121,23.596685,0.244305,0.244305,3,stop,9682.297034
2010-09-17T06:00:00+00:00,2010-09-17T12:00:00+00:00,long,1279.05,1276.7,1273.884,18.74234811,-49.667222,-0.512969,-0.512969,7,stop,9632.629812
2010-09-20T07:00:00+00:00,2010-09-20T13:00:00+00:00,long,1282.43,1276.792,1276.465,16.14858309,-95.890286,-0.995474,-0.995474,7,stop,9536.739525
2010-09-21T19:00:00+00:00,2010-09-22T16:00:00+00:00,long,1283.1,1286.744,1277.84,18.13068351,60.629006,0.635741,0.635741,22,stop,9597.368531
2010-09-24T09:00:00+00:00,2010-09-24T15:00:00+00:00,long,1297.15,1295.122,1292.416,20.27327531,-47.196185,-0.491762,-0.491762,7,stop,9550.172346
2010-09-28T15:00:00+00:00,2010-09-29T08:00:00+00:00,long,1306.08,1306.48,1300.405,16.82849753,1.68285,0.017621,0.017621,18,donch_exit,9551.855196
2010-09-30T10:00:00+00:00,2010-09-30T13:00:00+00:00,long,1313.78,1311.316,1309.261,21.13709935,-58.422943,-0.61164,-0.61164,4,stop,9493.432253
2010-10-01T10:00:00+00:00,2010-10-04T09:00:00+00:00,long,1315.78,1314.499,1308.718,13.44297968,-21.253351,-0.223874,-0.223874,23,stop,9472.178902
2010-10-05T08:00:00+00:00,2010-10-06T11:00:00+00:00,long,1326.83,1342.163,1322.532,22.03857353,331.305876,3.497673,3.497673,28,stop,9803.484778
2010-10-07T03:00:00+00:00,2010-10-07T09:00:00+00:00,long,1350.85,1354.547,1345.658,18.88190443,64.141829,0.654276,0.654276,7,stop,9867.626608
2010-10-08T15:00:00+00:00,2010-10-11T12:00:00+00:00,long,1347.38,1345.428,1338.178,10.72334993,-24.148984,-0.244729,-0.244729,21,stop,9843.477624
2010-10-11T23:00:00+00:00,2010-10-12T01:00:00+00:00,long,1354.35,1348.136,1348.136,15.84080725,-103.187018,-1.048278,-1.048278,3,stop,9740.290605
2010-10-13T01:00:00+00:00,2010-10-14T10:00:00+00:00,long,1353.18,1377.182,1345.689,13.00265733,308.188984,3.164064,3.164064,34,stop,10048.479589
2010-10-18T20:00:00+00:00,2010-10-18T22:00:00+00:00,long,1374.78,1367.023,1367.023,12.95407966,-104.37102,-1.038675,-1.038675,3,stop,9944.108569
2010-10-20T17:00:00+00:00,2010-10-21T04:00:00+00:00,long,1346.18,1341.054,1338.325,12.65959079,-68.69094,-0.69077,-0.69077,12,stop,9875.41763
2010-10-24T23:00:00+00:00,2010-10-25T13:00:00+00:00,long,1331.7,1340.295,1324.204,13.17424977,109.280402,1.10659,1.10659,15,stop,9984.698032
2010-10-26T23:00:00+00:00,2010-10-27T03:00:00+00:00,long,1343.2,1335.744,1335.744,13.39149414,-103.864429,-1.040236,-1.040236,5,stop,9880.833603
2010-10-28T12:00:00+00:00,2010-10-28T14:00:00+00:00,long,1329.03,1329.72,1323.198,16.94244445,6.607553,0.066872,0.066872,3,stop,9887.441156
2010-10-28T16:00:00+00:00,2010-10-29T09:00:00+00:00,long,1342.18,1336.558,1335.835,15.58304359,-92.282784,-0.933333,-0.933333,18,stop,9795.158372
2010-10-29T12:00:00+00:00,2010-10-29T13:00:00+00:00,long,1346.85,1342.788,1339.943,14.18149468,-61.85968,-0.631533,-0.631533,2,stop,9733.298692
2010-10-29T17:00:00+00:00,2010-11-01T14:00:00+00:00,long,1357.6,1355.704,1350.28,13.29685614,-29.199896,-0.3,-0.3,21,stop,9704.098796
2010-11-03T10:00:00+00:00,2010-11-03T12:00:00+00:00,long,1357.88,1358.823,1352.648,18.54758944,11.9261,0.122898,0.122898,3,stop,9716.024896
2010-11-04T10:00:00+00:00,2010-11-05T06:00:00+00:00,long,1363.73,1385.8,1351.714,8.08590621,176.030178,1.811751,1.811751,21,donch_exit,9892.055075
2010-11-05T15:00:00+00:00,2010-11-05T16:00:00+00:00,long,1396.13,1387.165,1387.165,11.03408263,-102.230776,-1.033463,-1.033463,2,stop,9789.824299
2010-11-08T17:00:00+00:00,2010-11-09T18:00:00+00:00,long,1399.8,1413.51,1392.819,14.02352714,188.055499,1.920928,1.920928,26,stop,9977.879798
2010-11-11T09:00:00+00:00,2010-11-11T14:00:00+00:00,long,1412.1,1405.843,1401.235,9.18350649,-60.216252,-0.603497,-0.603497,6,stop,9917.663546
2010-11-18T02:00:00+00:00,2010-11-18T14:00:00+00:00,long,1346.83,1349.426,1337.335,10.44514328,23.982049,0.241811,0.241811,13,stop,9941.645595
2010-11-19T00:00:00+00:00,2010-11-19T03:00:00+00:00,long,1362.73,1354.836,1354.836,12.59392652,-103.194634,-1.038004,-1.038004,4,stop,9838.450961
2010-11-22T21:00:00+00:00,2010-11-23T04:00:00+00:00,long,1366.23,1358.142,1357.445,11.19914737,-93.938448,-0.954809,-0.954809,8,stop,9744.512513
2010-11-23T15:00:00+00:00,2010-11-24T15:00:00+00:00,long,1376.7,1370.601,1368.893,12.48176318,-79.870803,-0.819649,-0.819649,25,stop,9664.64171
2010-11-30T10:00:00+00:00,2010-12-01T13:00:00+00:00,long,1375.78,1388.206,1368.24,12.8178272,155.428973,1.608223,1.608223,28,stop,9820.070683
2010-12-02T17:00:00+00:00,2010-12-02T17:00:00+00:00,long,1397.65,1391.962,1391.962,17.26454058,-103.380069,-1.052743,-1.052743,1,stop,9716.690614
2010-12-03T14:00:00+00:00,2010-12-06T17:00:00+00:00,long,1398.08,1411.684,1391.452,14.66006429,195.037495,2.007242,2.007242,27,stop,9911.728109
2010-12-06T21:00:00+00:00,2010-12-07T14:00:00+00:00,long,1424.88,1422.15,1417.459,13.35632409,-40.469662,-0.408301,-0.408301,18,stop,9871.258447
2010-12-09T15:00:00+00:00,2010-12-09T15:00:00+00:00,long,1392.63,1385.706,1385.706,14.25658355,-102.98956,-1.043328,-1.043328,1,stop,9768.268888
2010-12-13T14:00:00+00:00,2010-12-14T13:00:00+00:00,long,1396.73,1400.784,1390.587,15.90146327,59.694093,0.611102,0.611102,24,stop,9827.962981
2010-12-20T00:00:00+00:00,2010-12-20T15:00:00+00:00,long,1380.9,1378.807,1373.195,12.75530562,-30.523446,-0.310578,-0.310578,16,stop,9797.439535
2010-12-21T08:00:00+00:00,2010-12-21T14:00:00+00:00,long,1388.6,1386.497,1383.137,17.93417451,-43.095821,-0.439868,-0.439868,7,stop,9754.343713
2010-12-28T02:00:00+00:00,2010-12-29T10:00:00+00:00,long,1388.53,1403.034,1383.899,21.06314773,299.18095,3.067156,3.067156,33,stop,10053.524664
2010-12-29T16:00:00+00:00,2010-12-30T13:00:00+00:00,long,1411.03,1409.453,1406.628,22.83853854,-42.867937,-0.426397,-0.426397,22,stop,10010.656727
2010-12-31T11:00:00+00:00,2011-01-03T00:00:00+00:00,long,1412.43,1414.862,1408.397,24.82186146,52.920209,0.528639,0.528639,11,stop,10063.576935
2011-01-03T13:00:00+00:00,2011-01-03T13:00:00+00:00,long,1422.65,1417.708,1417.708,20.36336895,-106.74478,-1.060704,-1.060704,1,stop,9956.832155
2011-01-13T14:00:00+00:00,2011-01-13T14:00:00+00:00,long,1391.98,1387.03,1387.03,20.11481244,-105.602765,-1.060606,-1.060606,1,stop,9851.22939
2011-02-16T09:00:00+00:00,2011-02-16T10:00:00+00:00,long,1377.28,1372.922,1372.922,22.60493206,-105.293774,-1.068839,-1.068839,2,stop,9745.935617
2011-02-18T08:00:00+00:00,2011-02-18T13:00:00+00:00,long,1386.33,1382.724,1382.522,25.59331832,-99.967501,-1.025735,-1.025735,6,stop,9645.968115
2011-02-21T01:00:00+00:00,2011-02-22T02:00:00+00:00,long,1392.58,1404.867,1387.143,17.74134286,212.665477,2.204708,2.204708,23,stop,9858.633592
2011-02-23T15:00:00+00:00,2011-02-23T19:00:00+00:00,long,1408.03,1408.948,1402.909,19.2513837,11.897355,0.12068,0.12068,5,stop,9870.530947
2011-02-24T13:00:00+00:00,2011-02-24T15:00:00+00:00,long,1417.43,1411.184,1411.184,15.80296341,-103.446198,-1.048031,-1.048031,3,stop,9767.084749
2011-02-28T00:00:00+00:00,2011-02-28T08:00:00+00:00,long,1413.83,1407.69,1406.222,12.83791371,-82.676164,-0.846477,-0.846477,9,stop,9684.408584
2011-03-01T11:00:00+00:00,2011-03-02T03:00:00+00:00,long,1418.73,1427.728,1413.128,17.28741268,150.365916,1.55266,1.55266,17,stop,9834.7745
2011-03-02T14:00:00+00:00,2011-03-02T19:00:00+00:00,long,1435.05,1434.475,1430.046,19.65382594,-17.197098,-0.17486,-0.17486,6,stop,9817.577402
2011-03-04T15:00:00+00:00,2011-03-07T14:00:00+00:00,long,1425.78,1436.879,1420.553,18.78243237,202.831487,2.066003,2.066003,23,stop,10020.408889
2011-03-09T12:00:00+00:00,2011-03-09T16:00:00+00:00,long,1433.75,1428.937,1427.883,17.07927201,-87.326318,-0.871485,-0.871485,5,stop,9933.082572
2011-03-11T17:00:00+00:00,2011-03-14T02:00:00+00:00,long,1421.33,1419.573,1413.468,12.6342948,-25.988744,-0.261638,-0.261638,10,stop,9907.093827
2011-03-17T15:00:00+00:00,2011-03-18T17:00:00+00:00,long,1403.8,1413.612,1395.171,11.481161,109.208803,1.102329,1.102329,27,stop,10016.302631
2011-03-20T23:00:00+00:00,2011-03-21T13:00:00+00:00,long,1425.5,1426.784,1418.729,14.79294437,14.556257,0.145326,0.145326,15,stop,10030.858888
2011-03-23T09:00:00+00:00,2011-03-24T11:00:00+00:00,long,1431.18,1438.419,1425.594,17.95714087,124.6046,1.242213,1.242213,27,stop,10155.463488
2011-03-24T15:00:00+00:00,2011-03-24T16:00:00+00:00,long,1446.13,1442.012,1442.012,24.66115466,-108.952981,-1.072851,-1.072851,2,stop,10046.510507
2011-03-30T13:00:00+00:00,2011-03-30T14:00:00+00:00,long,1427.95,1422.945,1422.945,20.07294807,-106.486989,-1.05994,-1.05994,2,stop,9940.023518
2011-03-31T11:00:00+00:00,2011-03-31T20:00:00+00:00,long,1432.88,1432.929,1426.793,16.32992199,-4.09881,-0.041235,-0.041235,10,stop,9935.924707
2011-04-04T12:00:00+00:00,2011-04-04T15:00:00+00:00,long,1436.58,1431.733,1431.733,20.49912256,-105.508984,-1.061894,-1.061894,4,stop,9830.415723
2011-04-05T15:00:00+00:00,2011-04-06T15:00:00+00:00,long,1441.98,1455.343,1436.879,19.27154621,251.744208,2.56087,2.56087,25,stop,10082.159932
2011-04-08T07:00:00+00:00,2011-04-08T13:00:00+00:00,long,1466.73,1466.328,1459.997,14.97424615,-10.511921,-0.104263,-0.104263,7,stop,10071.648011
2011-04-13T12:00:00+00:00,2011-04-13T14:00:00+00:00,long,1460.83,1456.42,1455.09,17.54642511,-82.643662,-0.820557,-0.820557,3,stop,9989.004349
2011-04-14T06:00:00+00:00,2011-04-14T09:00:00+00:00,long,1463.13,1456.56,1456.56,15.203964,-104.451233,-1.045662,-1.045662,4,stop,9884.553116
2011-04-14T14:00:00+00:00,2011-04-15T07:00:00+00:00,long,1466.55,1472.05,1460.526,16.40862071,85.324828,0.863214,0.863214,18,donch_exit,9969.877944
2011-04-15T15:00:00+00:00,2011-04-18T10:00:00+00:00,long,1482.03,1480.992,1475.801,16.00558347,-21.415471,-0.214802,-0.214802,20,stop,9948.462473
2011-04-18T14:00:00+00:00,2011-04-18T14:00:00+00:00,long,1492.33,1487.477,1487.477,20.49961359,-105.634509,-1.061817,-1.061817,1,stop,9842.827964
2011-04-20T07:00:00+00:00,2011-04-20T17:00:00+00:00,long,1501.45,1499.242,1494.886,14.99516753,-37.60788,-0.382084,-0.382084,11,stop,9805.220084
2011-04-21T02:00:00+00:00,2011-04-21T12:00:00+00:00,long,1507.93,1501.747,1501.467,15.17131376,-98.355627,-1.003095,-1.003095,11,stop,9706.864457
2011-04-22T08:00:00+00:00,2011-04-22T12:00:00+00:00,long,1509.83,1504.65,1504.65,18.73912057,-102.690381,-1.057915,-1.057915,4,stop,9604.174076
2011-04-25T00:00:00+00:00,2011-04-25T11:00:00+00:00,long,1512.53,1514.217,1509.404,30.72352552,42.61353,0.443698,0.443698,12,stop,9646.787606
2011-04-26T22:00:00+00:00,2011-04-27T07:00:00+00:00,long,1506.05,1505.08,1498.378,12.5740193,-15.969005,-0.165537,-0.165537,10,donch_exit,9630.818601
2011-04-27T14:00:00+00:00,2011-04-27T14:00:00+00:00,long,1511.0,1505.78,1505.78,18.44984406,-101.843139,-1.057471,-1.057471,1,stop,9528.975462
2011-04-27T18:00:00+00:00,2011-04-28T15:00:00+00:00,long,1522.98,1527.07,1516.368,14.41163863,54.62011,0.5732,0.5732,22,stop,9583.595573
2011-04-29T12:00:00+00:00,2011-05-01T22:00:00+00:00,long,1538.93,1557.024,1532.317,14.4920544,257.871616,2.690761,2.690761,10,stop,9841.467189
2011-05-09T04:00:00+00:00,2011-05-10T12:00:00+00:00,long,1503.3,1509.017,1488.456,6.62992939,35.914328,0.364929,0.364929,33,stop,9877.381516
2011-05-11T02:00:00+00:00,2011-05-11T11:00:00+00:00,long,1522.38,1518.817,1513.843,11.57008494,-44.695238,-0.452501,-0.452501,10,stop,9832.686278
2011-05-12T18:00:00+00:00,2011-05-13T12:00:00+00:00,long,1507.05,1504.669,1494.245,7.67878663,-20.586827,-0.209371,-0.209371,19,stop,9812.099451
2011-05-16T14:00:00+00:00,2011-05-16T16:00:00+00:00,long,1498.83,1494.396,1489.396,10.40078381,-49.237311,-0.501802,-0.501802,3,stop,9762.86214
2011-05-20T05:00:00+00:00,2011-05-20T11:00:00+00:00,long,1496.83,1497.322,1489.799,13.88545319,2.666007,0.027308,0.027308,7,stop,9765.528147
2011-05-20T16:00:00+00:00,2011-05-23T07:00:00+00:00,long,1509.58,1505.332,1501.58,12.20691018,-55.517028,-0.5685,-0.5685,15,stop,9710.01112
2011-05-24T08:00:00+00:00,2011-05-24T16:00:00+00:00,long,1519.55,1521.488,1513.341,15.63860705,25.616038,0.263811,0.263811,9,stop,9735.627158
2011-05-25T16:00:00+00:00,2011-05-25T16:00:00+00:00,long,1529.63,1524.74,1524.74,19.90925799,-103.329049,-1.06135,-1.06135,1,stop,9632.298109
2011-05-27T08:00:00+00:00,2011-05-31T02:00:00+00:00,long,1527.15,1537.255,1519.993,13.45856939,131.961273,1.369987,1.369987,40,stop,9764.259382
2011-06-01T13:00:00+00:00,2011-06-01T17:00:00+00:00,long,1537.28,1542.886,1533.013,22.88319518,121.418234,1.243497,1.243497,5,stop,9885.677616
2011-06-03T14:00:00+00:00,2011-06-06T17:00:00+00:00,long,1541.73,1547.009,1534.286,13.28006128,66.121425,0.668861,0.668861,27,stop,9951.799041
2011-06-09T16:00:00+00:00,2011-06-09T17:00:00+00:00,long,1546.6,1541.953,1541.953,21.41553484,-105.942651,-1.064558,-1.064558,2,stop,9845.85639
2011-06-14T20:00:00+00:00,2011-06-15T06:00:00+00:00,long,1525.95,1521.58,1518.395,13.03223877,-60.860555,-0.618134,-0.618134,11,donch_exit,9784.995835
2011-06-15T14:00:00+00:00,2011-06-15T15:00:00+00:00,long,1530.23,1524.669,1524.669,17.59574867,-103.128683,-1.053947,-1.053947,2,stop,9681.867152
2011-06-17T14:00:00+00:00,2011-06-20T12:00:00+00:00,long,1537.58,1533.283,1532.961,20.96095941,-96.35753,-0.995237,-0.995237,22,stop,9585.509622
2011-06-20T14:00:00+00:00,2011-06-20T14:00:00+00:00,long,1544.85,1539.815,1539.815,19.03775496,-101.566423,-1.059583,-1.059583,1,stop,9483.943199
2011-06-21T15:00:00+00:00,2011-06-21T15:00:00+00:00,long,1546.33,1542.379,1542.379,24.00390584,-102.040604,-1.07593,-1.07593,1,stop,9381.902595
2011-06-21T22:00:00+00:00,2011-06-22T09:00:00+00:00,long,1547.75,1544.13,1543.08,20.08972718,-78.751731,-0.8394,-0.8394,12,donch_exit,9303.150865
2011-06-22T14:00:00+00:00,2011-06-22T18:00:00+00:00,long,1553.15,1551.649,1549.272,23.9895587,-43.205195,-0.464415,-0.464415,5,stop,9259.945669
2011-07-08T13:00:00+00:00,2011-07-11T14:00:00+00:00,long,1541.13,1549.395,1537.174,23.40734497,186.439503,2.013397,2.013397,25,stop,9446.385172
2011-07-12T18:00:00+00:00,2011-07-13T18:00:00+00:00,long,1562.48,1579.264,1554.732,12.19203042,200.973429,2.127517,2.127517,25,stop,9647.358601
2011-07-14T00:00:00+00:00,2011-07-14T05:00:00+00:00,long,1588.9,1580.119,1580.119,10.98662863,-99.769575,-1.034165,-1.034165,6,stop,9547.589027
2011-07-14T10:00:00+00:00,2011-07-14T14:00:00+00:00,long,1592.43,1583.84,1583.84,11.11477186,-98.810322,-1.034924,-1.034924,5,stop,9448.778705
2011-07-15T20:00:00+00:00,2011-07-18T12:00:00+00:00,long,1593.28,1596.225,1585.856,12.72734201,33.66382,0.356277,0.356277,16,stop,9482.442525
2011-07-18T15:00:00+00:00,2011-07-19T09:00:00+00:00,long,1603.43,1601.875,1597.157,15.11628013,-28.0407,-0.295712,-0.295712,19,stop,9454.401825
2011-07-20T16:00:00+00:00,2011-07-21T12:00:00+00:00,long,1597.18,1594.804,1589.61,12.48930228,-33.421373,-0.353501,-0.353501,21,stop,9420.980452
2011-07-22T13:00:00+00:00,2011-07-22T16:00:00+00:00,long,1602.33,1598.796,1594.972,12.80372445,-49.08948,-0.521066,-0.521066,4,stop,9371.890973
2011-07-24T23:00:00+00:00,2011-07-25T00:00:00+00:00,long,1621.1,1614.087,1614.087,13.36359757,-97.727989,-1.042778,-1.042778,2,stop,9274.162984
2011-07-26T18:00:00+00:00,2011-07-27T11:00:00+00:00,long,1617.5,1618.29,1611.16,14.62801732,7.167728,0.077287,0.077287,18,stop,9281.330712
2011-07-29T13:00:00+00:00,2011-07-29T14:00:00+00:00,long,1623.13,1622.451,1617.596,16.77146858,-16.419268,-0.176906,-0.176906,2,stop,9264.911444
2011-08-01T16:00:00+00:00,2011-08-01T17:00:00+00:00,long,1629.78,1620.635,1620.635,10.13112241,-95.688451,-1.032805,-1.032805,2,stop,9169.222993
2011-08-02T12:00:00+00:00,2011-08-03T17:00:00+00:00,long,1632.38,1659.406,1625.791,13.91595537,371.917823,4.056154,4.056154,30,stop,9541.140816
2011-08-04T12:00:00+00:00,2011-08-04T15:00:00+00:00,long,1670.3,1670.179,1660.031,9.29120734,-3.911598,-0.040997,-0.040997,4,stop,9537.229218
2011-08-07T23:00:00+00:00,2011-08-08T13:00:00+00:00,long,1686.45,1692.234,1669.431,5.60387168,30.731632,0.322228,0.322228,15,stop,9567.96085
2011-08-08T17:00:00+00:00,2011-08-09T07:00:00+00:00,long,1716.95,1743.939,1699.291,5.41817818,144.605757,1.511354,1.511354,15,stop,9712.566608
2011-08-10T16:00:00+00:00,2011-08-11T02:00:00+00:00,long,1786.35,1782.493,1759.615,3.63290316,-15.101978,-0.155489,-0.155489,11,stop,9697.464629
2011-08-15T17:00:00+00:00,2011-08-16T13:00:00+00:00,long,1753.1,1770.637,1739.909,7.35157655,126.719125,1.306724,1.306724,21,stop,9824.183754
2011-08-17T09:00:00+00:00,2011-08-17T12:00:00+00:00,long,1792.5,1783.57,1782.217,9.55381091,-88.181675,-0.897598,-0.897598,4,stop,9736.00208
2011-08-18T11:00:00+00:00,2011-08-19T11:00:00+00:00,long,1805.7,1855.8,1797.431,11.77409854,586.350107,6.022494,6.022494,25,stop,10322.352187
2011-08-22T06:00:00+00:00,2011-08-22T11:00:00+00:00,long,1881.85,1868.449,1858.442,4.40975401,-60.41804,-0.585313,-0.585313,6,stop,10261.934147
2011-08-22T20:00:00+00:00,2011-08-23T01:00:00+00:00,long,1895.16,1888.857,1873.646,4.76988665,-31.495562,-0.306916,-0.306916,6,stop,10230.438586
2011-08-25T20:00:00+00:00,2011-08-26T12:00:00+00:00,long,1769.45,1769.312,1738.139,3.26736246,-1.431105,-0.013989,-0.013989,17,stop,10229.007481
2011-08-26T18:00:00+00:00,2011-08-29T13:00:00+00:00,long,1802.55,1801.814,1778.965,4.33708182,-4.493217,-0.043926,-0.043926,19,stop,10224.514264
2011-08-30T12:00:00+00:00,2011-08-31T12:00:00+00:00,long,1812.75,1820.086,1799.428,7.67490937,54.000662,0.528149,0.528149,25,stop,10278.514926
2011-09-02T07:00:00+00:00,2011-09-06T07:00:00+00:00,long,1836.68,1905.951,1826.352,9.95208649,686.405357,6.67806,6.67806,47,stop,10964.920284
2011-09-08T12:00:00+00:00,2011-09-09T10:00:00+00:00,long,1851.6,1866.385,1832.862,5.85170257,84.761912,0.773028,0.773028,23,stop,11049.682195
2011-09-13T18:00:00+00:00,2011-09-14T06:00:00+00:00,long,1838.9,1823.167,1819.618,5.73056851,-91.878205,-0.831501,-0.831501,13,stop,10957.803991
2011-09-16T15:00:00+00:00,2011-09-19T08:00:00+00:00,long,1794.65,1814.2,1778.6,6.82729221,131.425375,1.199377,1.199377,17,donch_exit,11089.229366
2011-09-20T15:00:00+00:00,2011-09-21T12:00:00+00:00,long,1805.5,1798.311,1789.319,6.85324106,-51.323922,-0.462827,-0.462827,22,stop,11037.905443
2011-10-28T01:00:00+00:00,2011-10-28T03:00:00+00:00,long,1750.48,1740.25,1734.533,6.92161876,-72.884646,-0.660312,-0.660312,3,donch_exit,10965.020798
2011-11-03T12:00:00+00:00,2011-11-04T08:00:00+00:00,long,1755.86,1755.3,1741.863,7.83383639,-6.737099,-0.061442,-0.061442,21,donch_exit,10958.283698
2011-11-07T02:00:00+00:00,2011-11-08T06:00:00+00:00,long,1764.09,1789.95,1752.857,9.75543817,249.349,2.275438,2.275438,29,donch_exit,11207.632698
2011-11-08T18:00:00+00:00,2011-11-08T19:00:00+00:00,long,1800.35,1791.033,1791.033,12.02922904,-115.685096,-1.032199,-1.032199,2,stop,11091.947602
2011-11-11T13:00:00+00:00,2011-11-14T07:00:00+00:00,long,1771.55,1783.644,1759.24,9.01051795,106.270049,0.958083,0.958083,18,stop,11198.217651
2011-11-15T15:00:00+00:00,2011-11-15T16:00:00+00:00,long,1783.2,1772.958,1772.958,10.93362395,-115.262264,-1.029291,-1.029291,2,stop,11082.955387
2011-11-29T20:00:00+00:00,2011-11-30T07:00:00+00:00,long,1719.2,1714.556,1709.57,11.50878026,-56.89941,-0.513396,-0.513396,12,stop,11026.055978
2011-11-30T14:00:00+00:00,2011-12-01T06:00:00+00:00,long,1744.3,1743.72,1732.78,9.57122915,-8.422682,-0.076389,-0.076389,17,donch_exit,11017.633296
2011-12-02T13:00:00+00:00,2011-12-02T14:00:00+00:00,long,1756.54,1747.149,1747.149,11.73211937,-113.695969,-1.031945,-1.031945,2,stop,10903.937327
2011-12-06T18:00:00+00:00,2011-12-07T10:00:00+00:00,long,1724.72,1726.81,1713.615,9.81894401,17.57591,0.161189,0.161189,17,donch_exit,10921.513237
2011-12-07T14:00:00+00:00,2011-12-07T15:00:00+00:00,long,1733.27,1727.651,1724.792,12.88218122,-76.249631,-0.69816,-0.69816,2,stop,10845.263607
2011-12-07T19:00:00+00:00,2011-12-08T14:00:00+00:00,long,1740.63,1736.133,1730.579,10.79023342,-51.76075,-0.477266,-0.477266,20,stop,10793.502857
2011-12-09T12:00:00+00:00,2011-12-09T13:00:00+00:00,long,1721.78,1710.542,1710.542,9.60446953,-110.816369,-1.026695,-1.026695,2,stop,10682.686487
2012-01-23T02:00:00+00:00,2012-01-23T14:00:00+00:00,long,1668.06,1667.479,1659.611,12.64372883,-11.139125,-0.104273,-0.104273,13,stop,10671.547362
2012-01-23T17:00:00+00:00,2012-01-24T03:00:00+00:00,long,1678.89,1673.13,1670.912,13.3762188,-81.059886,-0.759589,-0.759589,10,donch_exit,10590.487476
2012-01-25T18:00:00+00:00,2012-01-26T08:00:00+00:00,long,1689.68,1705.14,1681.994,13.77893244,208.888616,1.972417,1.972417,15,donch_exit,10799.376092
2012-01-26T11:00:00+00:00,2012-01-27T04:00:00+00:00,long,1716.27,1716.668,1701.036,7.08899573,0.694722,0.006433,0.006433,18,stop,10800.070814
2012-01-27T16:00:00+00:00,2012-01-30T06:00:00+00:00,long,1730.02,1729.515,1721.149,12.17458101,-9.800538,-0.090745,-0.090745,14,stop,10790.270276
2012-01-31T02:00:00+00:00,2012-01-31T15:00:00+00:00,long,1735.86,1737.281,1727.08,12.28960168,13.776643,0.127677,0.127677,14,stop,10804.04692
2012-02-01T10:00:00+00:00,2012-02-02T12:00:00+00:00,long,1748.0,1742.991,1737.307,10.10385011,-53.64134,-0.496493,-0.496493,27,stop,10750.405579
2012-02-02T16:00:00+00:00,2012-02-02T17:00:00+00:00,long,1758.4,1750.623,1750.623,13.82333236,-111.651056,-1.038575,-1.038575,2,stop,10638.754524
2012-02-03T09:00:00+00:00,2012-02-03T13:00:00+00:00,long,1760.9,1753.194,1753.137,13.7044371,-109.717723,-1.031302,-1.031302,5,stop,10529.0368
2012-02-07T07:00:00+00:00,2012-02-07T10:00:00+00:00,long,1726.52,1718.883,1717.959,12.29883986,-97.615892,-0.927111,-0.927111,4,stop,10431.420908
2012-02-07T16:00:00+00:00,2012-02-08T13:00:00+00:00,long,1736.22,1740.519,1727.917,12.563436,50.241181,0.481633,0.481633,22,stop,10481.662089
2012-02-09T15:00:00+00:00,2012-02-09T17:00:00+00:00,long,1748.15,1738.936,1738.936,11.37579997,-108.229361,-1.032559,-1.032559,3,stop,10373.432728
2012-02-15T15:00:00+00:00,2012-02-15T16:00:00+00:00,long,1734.72,1727.612,1727.612,14.59402466,-108.112535,-1.042206,-1.042206,2,stop,10265.320193
2012-02-17T02:00:00+00:00,2012-02-17T14:00:00+00:00,long,1732.1,1727.633,1722.847,11.09404538,-52.885314,-0.515184,-0.515184,13,stop,10212.434879
2012-02-20T02:00:00+00:00,2012-02-21T00:00:00+00:00,long,1736.46,1730.76,1728.117,12.24072262,-73.444336,-0.719166,-0.719166,23,stop,10138.990543
2012-02-21T06:00:00+00:00,2012-02-21T10:00:00+00:00,long,1739.47,1736.439,1734.41,20.03753072,-66.745015,-0.6583,-0.6583,5,stop,10072.245529
2012-02-21T14:00:00+00:00,2012-02-22T13:00:00+00:00,long,1745.57,1751.365,1740.203,18.76699372,103.12463,1.023849,1.023849,24,stop,10175.370159
2012-02-22T19:00:00+00:00,2012-02-23T14:00:00+00:00,long,1771.77,1773.786,1765.668,16.67546732,28.615102,0.281219,0.281219,20,stop,10203.985261
2012-02-28T13:00:00+00:00,2012-02-28T18:00:00+00:00,long,1779.7,1780.984,1773.833,17.3921685,17.113894,0.167718,0.167718,6,stop,10221.099155
2012-03-09T03:00:00+00:00,2012-03-09T08:00:00+00:00,long,1704.93,1697.6,1696.098,11.57280249,-88.300483,-0.863904,-0.863904,6,donch_exit,10132.798672
2012-03-09T16:00:00+00:00,2012-03-12T04:00:00+00:00,long,1712.09,1704.59,1703.462,11.74408747,-91.603882,-0.904033,-0.904033,13,donch_exit,10041.19479
2012-06-14T13:00:00+00:00,2012-06-14T13:00:00+00:00,long,1626.59,1619.411,1619.411,13.986899,-104.608018,-1.041789,-1.041789,1,stop,9936.586772
2012-06-18T18:00:00+00:00,2012-06-19T12:00:00+00:00,long,1629.76,1625.698,1617.978,8.43370122,-36.787805,-0.370226,-0.370226,19,stop,9899.798967
2012-07-17T09:00:00+00:00,2012-07-17T12:00:00+00:00,long,1596.66,1589.722,1589.722,14.2689521,-103.278675,-1.04324,-1.04324,4,stop,9796.520292
2012-07-26T11:00:00+00:00,2012-07-26T12:00:00+00:00,long,1617.23,1611.976,1611.279,16.46197327,-91.4298,-0.933289,-0.933289,2,stop,9705.090492
2012-07-27T10:00:00+00:00,2012-07-27T12:00:00+00:00,long,1623.16,1620.22,1616.699,15.02103466,-48.668152,-0.50147,-0.50147,3,stop,9656.42234
2012-08-06T05:00:00+00:00,2012-08-07T13:00:00+00:00,long,1607.62,1610.806,1599.592,12.02842843,34.714044,0.359492,0.359492,33,stop,9691.136385
2012-08-08T14:00:00+00:00,2012-08-09T11:00:00+00:00,long,1614.05,1610.942,1609.368,20.69871077,-70.541206,-0.727894,-0.727894,22,stop,9620.595178
2012-08-10T15:00:00+00:00,2012-08-13T12:00:00+00:00,long,1622.99,1619.65,1617.751,18.36341893,-66.842845,-0.694789,-0.694789,21,donch_exit,9553.752333
2012-08-16T13:00:00+00:00,2012-08-16T13:00:00+00:00,long,1607.48,1603.64,1603.64,24.87956337,-103.001392,-1.078125,-1.078125,1,stop,9450.750941
2012-08-16T15:00:00+00:00,2012-08-17T11:00:00+00:00,long,1616.14,1613.507,1611.361,19.77558263,-58.001784,-0.613727,-0.613727,21,stop,9392.749157
2012-08-21T05:00:00+00:00,2012-08-22T10:00:00+00:00,long,1622.37,1639.845,1617.52,19.36649311,332.619519,3.541237,3.541237,30,stop,9725.368676
2012-08-22T19:00:00+00:00,2012-08-24T01:00:00+00:00,long,1653.53,1665.531,1647.491,16.10427004,188.436064,1.937572,1.937572,31,stop,9913.80474
2012-08-27T00:00:00+00:00,2012-08-27T09:00:00+00:00,long,1673.79,1668.873,1666.859,14.30357054,-74.621727,-0.752705,-0.752705,10,stop,9839.183012
2012-08-28T16:00:00+00:00,2012-08-29T00:00:00+00:00,long,1671.11,1665.016,1665.016,16.14568922,-103.235537,-1.049229,-1.049229,9,stop,9735.947476
2012-08-30T13:00:00+00:00,2012-08-30T14:00:00+00:00,long,1663.13,1658.727,1658.727,22.11207694,-103.993098,-1.068135,-1.068135,2,stop,9631.954378
2012-08-31T13:00:00+00:00,2012-08-31T13:00:00+00:00,long,1661.58,1656.65,1656.65,19.53743281,-102.180774,-1.060852,-1.060852,1,stop,9529.773604
2012-08-31T15:00:00+00:00,2012-09-04T09:00:00+00:00,long,1672.76,1691.233,1667.46,17.98070491,326.76335,3.428868,3.428868,41,stop,9856.536954
2012-09-06T02:00:00+00:00,2012-09-06T12:00:00+00:00,long,1697.17,1704.501,1691.682,17.96016209,126.2779,1.281159,1.281159,11,stop,9982.814854
2012-09-07T13:00:00+00:00,2012-09-10T10:00:00+00:00,long,1724.67,1732.17,1718.623,16.50870656,118.862687,1.190673,1.190673,21,donch_exit,10101.677541
2012-09-11T13:00:00+00:00,2012-09-11T15:00:00+00:00,long,1734.02,1731.34,1729.191,20.91877727,-62.337956,-0.617105,-0.617105,3,stop,10039.339585
2012-09-12T08:00:00+00:00,2012-09-12T08:00:00+00:00,long,1738.42,1733.468,1733.468,20.27330288,-106.475387,-1.060582,-1.060582,1,stop,9932.864198
2012-09-13T17:00:00+00:00,2012-09-17T14:00:00+00:00,long,1752.82,1766.971,1747.918,20.26288086,280.661163,2.825581,2.825581,45,stop,10213.525361
2012-09-18T15:00:00+00:00,2012-09-18T16:00:00+00:00,long,1771.43,1761.96,1761.96,10.78513766,-105.370795,-1.031679,-1.031679,2,stop,10108.154566
2012-09-19T06:00:00+00:00,2012-09-19T12:00:00+00:00,long,1776.33,1767.717,1767.284,11.17417042,-99.595381,-0.985297,-0.985297,7,stop,10008.559185
2012-09-21T01:00:00+00:00,2012-09-21T14:00:00+00:00,long,1772.6,1780.331,1764.787,12.81013591,95.19212,0.951107,0.951107,14,stop,10103.751305
2012-09-25T13:00:00+00:00,2012-09-25T15:00:00+00:00,long,1771.68,1765.804,1765.804,17.19494776,-106.195997,-1.051055,-1.051055,3,stop,9997.555308
2012-09-27T13:00:00+00:00,2012-09-28T12:00:00+00:00,long,1764.11,1774.874,1758.09,16.60723473,173.778104,1.738206,1.738206,24,stop,10171.333412
2012-10-01T13:00:00+00:00,2012-10-01T14:00:00+00:00,long,1784.72,1780.729,1777.769,14.63290665,-62.789802,-0.617321,-0.617321,2,stop,10108.54361
2012-10-04T05:00:00+00:00,2012-10-04T12:00:00+00:00,long,1782.22,1783.369,1776.336,17.17971382,14.585577,0.14429,0.14429,8,stop,10123.129187
2012-10-09T00:00:00+00:00,2012-10-09T07:00:00+00:00,long,1777.25,1774.016,1771.529,17.69468482,-62.533016,-0.617724,-0.617724,8,stop,10060.59617
2012-10-12T13:00:00+00:00,2012-10-12T13:00:00+00:00,long,1771.24,1767.154,1767.154,24.62211495,-107.992596,-1.073421,-1.073421,1,stop,9952.603574
2012-10-16T20:00:00+00:00,2012-10-17T12:00:00+00:00,long,1747.74,1746.2,1742.239,18.09235334,-33.28993,-0.334485,-0.334485,17,stop,9919.313644
2012-10-22T16:00:00+00:00,2012-10-23T04:00:00+00:00,long,1727.88,1724.07,1721.847,16.44175973,-67.575632,-0.681253,-0.681253,13,donch_exit,9851.738012
2013-07-23T19:00:00+00:00,2013-07-24T04:00:00+00:00,long,1343.02,1339.432,1336.323,14.71067345,-57.195098,-0.580558,-0.580558,10,stop,9794.542913
2013-07-26T03:00:00+00:00,2013-07-26T08:00:00+00:00,long,1339.74,1329.223,1329.223,9.31305782,-100.739346,-1.028525,-1.028525,6,stop,9693.803567
2013-07-29T11:00:00+00:00,2013-07-29T13:00:00+00:00,long,1335.43,1327.722,1325.672,9.93421148,-79.553166,-0.82066,-0.82066,3,stop,9614.250401
2013-08-11T23:00:00+00:00,2013-08-12T10:00:00+00:00,long,1329.29,1324.73,1321.6,12.5022762,-60.761062,-0.63199,-0.63199,12,donch_exit,9553.489339
2013-08-12T14:00:00+00:00,2013-08-13T00:00:00+00:00,long,1339.25,1330.592,1330.146,10.49372731,-94.002809,-0.983963,-0.983963,11,stop,9459.48653
2013-08-14T15:00:00+00:00,2013-08-15T12:00:00+00:00,long,1332.27,1334.19,1324.385,11.99681234,19.434836,0.205453,0.205453,22,stop,9478.921366
2013-08-15T17:00:00+00:00,2013-08-19T10:00:00+00:00,long,1358.43,1371.05,1347.657,8.79877598,108.40092,1.1436,1.1436,41,stop,9587.322286
2013-08-20T15:00:00+00:00,2013-08-21T05:00:00+00:00,long,1375.17,1366.43,1366.43,10.9694763,-99.164066,-1.034325,-1.034325,15,stop,9488.15822
2013-08-23T15:00:00+00:00,2013-08-25T23:00:00+00:00,long,1395.21,1394.543,1388.73,14.64221948,-14.159026,-0.149228,-0.149228,8,stop,9473.999194
2013-08-26T21:00:00+00:00,2013-08-27T01:00:00+00:00,long,1404.42,1396.035,1396.035,11.2987468,-98.129616,-1.035778,-1.035778,5,stop,9375.869578
2013-08-27T09:00:00+00:00,2013-08-28T13:00:00+00:00,long,1410.31,1419.384,1401.225,10.32016464,90.549125,0.965768,0.965768,29,stop,9466.418702
2013-09-03T14:00:00+00:00,2013-09-04T05:00:00+00:00,long,1402.71,1407.51,1394.732,11.86565393,53.395443,0.564051,0.564051,16,donch_exit,9519.814145
2013-09-06T13:00:00+00:00,2013-09-09T10:00:00+00:00,long,1384.24,1385.34,1377.342,13.80083234,11.040666,0.115976,0.115976,21,donch_exit,9530.854811
2013-09-19T00:00:00+00:00,2013-09-20T06:00:00+00:00,long,1367.88,1361.02,1352.332,6.1299555,-43.890481,-0.460509,-0.460509,31,donch_exit,9486.96433
2013-10-25T17:00:00+00:00,2013-10-28T16:00:00+00:00,long,1349.9,1352.445,1343.78,15.5015757,34.801037,0.36683,0.36683,23,stop,9521.765367
2013-10-30T13:00:00+00:00,2013-10-30T17:00:00+00:00,long,1353.89,1351.932,1348.551,17.83436105,-40.269987,-0.422926,-0.422926,5,stop,9481.49538
2014-01-13T02:00:00+00:00,2014-01-13T09:00:00+00:00,long,1251.0,1245.93,1243.437,12.53668568,-67.322002,-0.710036,-0.710036,8,donch_exit,9414.173378
2014-01-20T00:00:00+00:00,2014-01-21T01:00:00+00:00,long,1256.11,1252.136,1250.082,15.61740773,-66.748801,-0.709025,-0.709025,22,stop,9347.424577
2014-01-24T12:00:00+00:00,2014-01-24T13:00:00+00:00,long,1270.51,1265.334,1265.334,18.05916649,-98.891996,-1.05796,-1.05796,2,stop,9248.532581
2014-01-27T00:00:00+00:00,2014-01-27T07:00:00+00:00,long,1275.43,1267.933,1267.933,12.3363113,-96.186219,-1.040016,-1.040016,8,stop,9152.346362
2014-01-29T12:00:00+00:00,2014-01-29T19:00:00+00:00,long,1260.04,1260.649,1254.874,17.71650477,5.4744,0.059814,0.059814,8,stop,9157.820762
2014-01-29T21:00:00+00:00,2014-01-30T02:00:00+00:00,long,1269.73,1262.471,1262.471,12.6158159,-95.362952,-1.041328,-1.041328,6,stop,9062.45781
2014-01-31T12:00:00+00:00,2014-01-31T15:00:00+00:00,long,1247.1,1246.261,1242.089,18.08512834,-20.598961,-0.2273,-0.2273,4,stop,9041.858848
2014-02-03T16:00:00+00:00,2014-02-03T19:00:00+00:00,long,1262.8,1257.571,1257.571,17.2917553,-95.606115,-1.057372,-1.057372,4,stop,8946.252733
2014-02-05T09:00:00+00:00,2014-02-05T14:00:00+00:00,long,1256.18,1260.491,1251.546,19.30568134,77.435088,0.865559,0.865559,6,stop,9023.687821
2014-02-10T07:00:00+00:00,2014-02-11T13:00:00+00:00,long,1272.68,1281.111,1266.687,15.05704626,122.428843,1.35675,1.35675,31,stop,9146.116664
2014-02-11T16:00:00+00:00,2014-02-13T03:00:00+00:00,long,1289.69,1289.229,1282.307,12.38807621,-9.427326,-0.103075,-0.103075,36,stop,9136.689338
2014-02-13T19:00:00+00:00,2014-02-18T01:00:00+00:00,long,1300.6,1322.813,1295.759,18.87355782,413.576272,4.526544,4.526544,50,stop,9550.265611
2014-02-20T20:00:00+00:00,2014-02-21T03:00:00+00:00,long,1320.74,1317.506,1314.275,14.77225926,-52.205164,-0.546636,-0.546636,8,stop,9498.060447
2014-02-24T08:00:00+00:00,2014-02-25T02:00:00+00:00,long,1329.02,1332.38,1322.657,14.92701626,45.67667,0.480905,0.480905,19,donch_exit,9543.737116
2014-02-25T16:00:00+00:00,2014-02-26T12:00:00+00:00,long,1339.55,1337.96,1333.814,16.63831436,-31.446414,-0.329498,-0.329498,21,stop,9512.290702
2014-03-03T00:00:00+00:00,2014-03-04T06:00:00+00:00,long,1338.18,1345.214,1331.108,13.45063731,90.576592,0.952206,0.952206,31,stop,9602.867294
2014-03-05T18:00:00+00:00,2014-03-05T23:00:00+00:00,long,1341.05,1336.038,1336.038,19.15975118,-101.776598,-1.059856,-1.059856,6,stop,9501.090696
2014-03-06T15:00:00+00:00,2014-03-07T13:00:00+00:00,long,1343.97,1344.637,1339.205,19.9393299,7.317734,0.07702,0.07702,23,stop,9508.40843
2014-03-10T15:00:00+00:00,2014-03-11T14:00:00+00:00,long,1343.73,1344.672,1337.471,15.19157762,9.752993,0.102572,0.102572,24,stop,9518.161422
2014-03-12T02:00:00+00:00,2014-03-13T11:00:00+00:00,long,1357.97,1367.315,1351.273,14.21257492,128.55274,1.350605,1.350605,34,stop,9646.714163
2014-03-14T01:00:00+00:00,2014-03-14T05:00:00+00:00,long,1375.12,1369.065,1368.758,15.16302132,-96.361,-0.9989,-0.9989,5,stop,9550.353162
2014-03-14T13:00:00+00:00,2014-03-14T15:00:00+00:00,long,1381.67,1378.436,1376.086,17.10306798,-60.442242,-0.63288,-0.63288,3,stop,9489.91092
2014-03-16T23:00:00+00:00,2014-03-17T01:00:00+00:00,long,1389.19,1381.125,1381.125,11.76678353,-98.429144,-1.037198,-1.037198,3,stop,9391.481776
2014-03-21T09:00:00+00:00,2014-03-21T14:00:00+00:00,long,1339.64,1334.15,1333.763,15.98006087,-92.524552,-0.985197,-0.985197,6,stop,9298.957223
2014-03-26T08:00:00+00:00,2014-03-26T12:00:00+00:00,long,1315.99,1310.877,1310.877,18.18689072,-98.445639,-1.058674,-1.058674,5,stop,9200.511584
2014-04-11T11:00:00+00:00,2014-04-11T12:00:00+00:00,long,1322.47,1317.734,1317.734,19.42675588,-97.833143,-1.063345,-1.063345,2,stop,9102.678441
2014-04-13T23:00:00+00:00,2014-04-14T11:00:00+00:00,long,1327.49,1322.175,1321.706,15.73768748,-88.367115,-0.970781,-0.970781,13,stop,9014.311326
2014-06-24T09:00:00+00:00,2014-06-24T12:00:00+00:00,long,1322.93,1320.026,1318.418,19.97852687,-64.0112,-0.710106,-0.710106,4,stop,8950.300126
2014-06-25T16:00:00+00:00,2014-06-25T22:00:00+00:00,long,1324.03,1318.185,1318.185,15.31274615,-94.096825,-1.051326,-1.051326,7,stop,8856.203301
2014-06-27T05:00:00+00:00,2014-06-27T08:00:00+00:00,long,1320.94,1315.794,1315.794,17.20987816,-93.724996,-1.058298,-1.058298,4,stop,8762.478304
2014-06-30T18:00:00+00:00,2014-07-01T06:00:00+00:00,long,1327.05,1324.73,1322.578,19.59409281,-51.336523,-0.585868,-0.585868,12,donch_exit,8711.141781
2014-07-02T15:00:00+00:00,2014-07-03T01:00:00+00:00,long,1329.48,1325.149,1325.149,20.11346521,-93.145457,-1.069268,-1.069268,10,stop,8617.996324
2014-07-04T08:00:00+00:00,2014-07-06T22:00:00+00:00,long,1322.49,1319.256,1317.68,17.91683227,-63.318085,-0.734719,-0.734719,11,stop,8554.678238
2014-07-07T20:00:00+00:00,2014-07-08T14:00:00+00:00,long,1319.33,1320.28,1315.762,23.97611614,15.584475,0.182175,0.182175,18,stop,8570.262714
2014-07-09T12:00:00+00:00,2014-07-09T13:00:00+00:00,long,1326.58,1322.748,1322.748,22.36498621,-92.412123,-1.078288,-1.078288,2,stop,8477.850591
2014-07-09T19:00:00+00:00,2014-07-09T22:00:00+00:00,long,1330.49,1325.664,1325.664,17.56703396,-90.048616,-1.062163,-1.062163,4,stop,8387.801975
2014-07-10T10:00:00+00:00,2014-07-10T15:00:00+00:00,long,1341.09,1336.25,1335.451,14.87462666,-76.455581,-0.911509,-0.911509,6,stop,8311.346394
2014-07-15T10:00:00+00:00,2014-07-15T13:00:00+00:00,long,1311.89,1307.015,1307.015,17.04891568,-88.228139,-1.061538,-1.061538,4,stop,8223.118255
2014-07-16T14:00:00+00:00,2014-07-16T17:00:00+00:00,long,1301.53,1298.388,1297.611,20.98269522,-72.222437,-0.878285,-0.878285,4,stop,8150.895818
2014-07-17T05:00:00+00:00,2014-07-17T08:00:00+00:00,long,1304.36,1302.514,1299.788,17.82785612,-38.258579,-0.469379,-0.469379,4,stop,8112.637239
2014-07-17T16:00:00+00:00,2014-07-17T16:00:00+00:00,long,1321.63,1315.929,1315.929,14.23020038,-85.395433,-1.052622,-1.052622,1,stop,8027.241806
2014-07-21T07:00:00+00:00,2014-07-21T13:00:00+00:00,long,1313.5,1313.536,1308.878,17.36746388,-4.58501,-0.057118,-0.057118,7,stop,8022.656796
2014-07-29T08:00:00+00:00,2014-07-29T12:00:00+00:00,long,1309.43,1306.296,1306.296,25.59877727,-87.906201,-1.095724,-1.095724,5,stop,7934.750595
2014-08-07T16:00:00+00:00,2014-08-08T12:00:00+00:00,long,1311.18,1312.22,1306.784,18.04993311,13.356951,0.168335,0.168335,20,stop,7948.107545
2014-08-12T08:00:00+00:00,2014-08-12T17:00:00+00:00,long,1311.29,1311.821,1307.912,23.52903359,5.435207,0.068384,0.068384,10,stop,7953.542752
2014-08-14T08:00:00+00:00,2014-08-14T10:00:00+00:00,long,1316.73,1311.805,1311.805,16.14932538,-84.380225,-1.060914,-1.060914,3,stop,7869.162527
2014-12-09T13:00:00+00:00,2014-12-10T10:00:00+00:00,long,1211.43,1225.423,1204.57,11.4710824,157.073531,1.996064,1.996064,22,stop,8026.236058
2015-01-06T07:00:00+00:00,2015-01-07T05:00:00+00:00,long,1208.43,1213.52,1200.473,10.08701277,48.316791,0.601986,0.601986,22,donch_exit,8074.552849
2015-01-11T23:00:00+00:00,2015-01-12T08:00:00+00:00,long,1223.44,1221.412,1216.979,12.49737324,-29.093885,-0.360316,-0.360316,10,stop,8045.458964
2015-01-12T19:00:00+00:00,2015-01-13T14:00:00+00:00,long,1232.86,1234.834,1225.078,10.33854917,17.306731,0.215112,0.215112,19,stop,8062.765696
2015-01-15T11:00:00+00:00,2015-01-19T15:00:00+00:00,long,1249.8,1272.47,1241.754,10.02083731,224.166131,2.780263,2.780263,52,donch_exit,8286.931826
2015-01-20T08:00:00+00:00,2015-01-20T11:00:00+00:00,long,1279.91,1285.405,1275.388,18.3258112,95.202589,1.148828,1.148828,4,stop,8382.134416
2015-01-20T17:00:00+00:00,2015-01-20T19:00:00+00:00,long,1296.0,1287.616,1287.616,9.99777483,-86.820677,-1.035782,-1.035782,3,stop,8295.313739
2015-01-21T06:00:00+00:00,2015-01-21T14:00:00+00:00,long,1300.18,1293.957,1290.486,8.55716292,-55.818374,-0.67289,-0.67289,9,stop,8239.495365
2015-01-27T14:00:00+00:00,2015-01-28T07:00:00+00:00,long,1287.33,1286.992,1280.951,12.91659408,-8.240787,-0.100016,-0.100016,17,stop,8231.254578
2015-01-30T16:00:00+00:00,2015-02-02T08:00:00+00:00,long,1273.55,1275.725,1266.883,12.34626455,23.149246,0.281236,0.281236,16,stop,8254.403824
2015-02-03T08:00:00+00:00,2015-02-03T12:00:00+00:00,long,1283.05,1275.517,1275.517,10.95765807,-85.831336,-1.039825,-1.039825,5,stop,8168.572489
2015-02-05T00:00:00+00:00,2015-02-05T09:00:00+00:00,long,1272.42,1264.627,1264.042,9.75002684,-78.906967,-0.965982,-0.965982,10,stop,8089.665521
2015-04-16T00:00:00+00:00,2015-04-16T04:00:00+00:00,long,1204.75,1200.826,1199.064,14.22734,-60.096284,-0.742877,-0.742877,5,stop,8029.569237
2015-04-16T08:00:00+00:00,2015-04-16T14:00:00+00:00,long,1207.83,1202.2,1202.065,13.92813398,-82.593834,-1.028621,-1.028621,7,stop,7946.975403
2015-04-20T07:00:00+00:00,2015-04-20T09:00:00+00:00,long,1208.71,1203.562,1203.562,15.43701516,-84.100859,-1.058275,-1.058275,3,stop,7862.874544
2015-04-28T15:00:00+00:00,2015-04-29T06:00:00+00:00,long,1213.03,1208.862,1208.344,16.7795018,-74.970814,-0.953478,-0.953478,15,stop,7787.90373
2015-05-13T12:00:00+00:00,2015-05-15T01:00:00+00:00,long,1196.78,1219.314,1192.33,17.50090726,389.115172,4.996404,4.996404,36,stop,8177.018902
2015-05-18T06:00:00+00:00,2015-05-18T12:00:00+00:00,long,1229.27,1224.671,1224.054,15.67680004,-76.800643,-0.939225,-0.939225,7,stop,8100.218259
2015-05-20T14:00:00+00:00,2015-05-20T17:00:00+00:00,long,1211.64,1207.674,1207.674,20.42415093,-87.129428,-1.075643,-1.075643,4,stop,8013.088831
2015-05-22T08:00:00+00:00,2015-05-22T12:00:00+00:00,long,1213.82,1209.52,1209.52,18.6350903,-85.721415,-1.069767,-1.069767,5,stop,7927.367415
2015-05-25T16:00:00+00:00,2015-05-25T17:00:00+00:00,long,1208.11,1205.287,1205.287,28.08135818,-87.698082,-1.10627,-1.10627,2,stop,7839.669334
2015-08-20T23:00:00+00:00,2015-08-21T06:00:00+00:00,long,1154.81,1157.56,1148.686,12.80155019,31.363798,0.400065,0.400065,8,stop,7871.033132
2015-08-24T14:00:00+00:00,2015-08-24T14:00:00+00:00,long,1165.78,1157.231,1157.231,9.20696354,-81.47242,-1.035092,-1.035092,1,stop,7789.560711
2015-08-31T20:00:00+00:00,2015-09-01T14:00:00+00:00,long,1135.73,1140.51,1130.363,14.51380792,65.021859,0.834731,0.834731,18,stop,7854.582571
2015-09-17T19:00:00+00:00,2015-09-18T02:00:00+00:00,long,1132.15,1128.281,1128.281,20.30132481,-84.636223,-1.077539,-1.077539,7,stop,7769.946348
2015-09-18T10:00:00+00:00,2015-09-21T11:00:00+00:00,long,1136.6,1134.318,1130.603,12.95638877,-33.453396,-0.430549,-0.430549,25,stop,7736.492952
2015-09-23T12:00:00+00:00,2015-09-24T22:00:00+00:00,long,1131.0,1149.57,1127.335,21.10912129,385.663646,4.984993,4.984993,33,stop,8122.156598
2015-10-05T14:00:00+00:00,2015-10-05T14:00:00+00:00,long,1139.62,1134.825,1134.825,16.93880417,-86.303207,-1.062565,-1.062565,1,stop,8035.853391
2015-10-06T13:00:00+00:00,2015-10-06T17:00:00+00:00,long,1143.66,1145.607,1140.08,22.44651785,36.969415,0.460056,0.460056,5,stop,8072.822805
2015-10-09T08:00:00+00:00,2015-10-12T12:00:00+00:00,long,1152.59,1163.999,1146.496,13.24716575,147.162764,1.822941,1.822941,28,stop,8219.98557
2015-10-13T14:00:00+00:00,2015-10-14T09:00:00+00:00,long,1165.88,1169.189,1160.358,14.88588477,44.791627,0.544911,0.544911,19,stop,8264.777197
2015-10-14T18:00:00+00:00,2015-10-15T12:00:00+00:00,long,1184.86,1179.734,1177.337,10.98601249,-59.610104,-0.721255,-0.721255,18,stop,8205.167093
2015-10-20T14:00:00+00:00,2015-10-21T06:00:00+00:00,long,1177.83,1173.535,1173.535,19.10399789,-87.78287,-1.069849,-1.069849,16,stop,8117.384223
2015-10-23T07:00:00+00:00,2015-10-23T13:00:00+00:00,long,1173.01,1174.053,1167.96,16.07402816,11.943003,0.147129,0.147129,7,stop,8129.327226
2015-10-28T06:00:00+00:00,2015-10-28T17:00:00+00:00,long,1170.9,1176.585,1167.252,22.28433998,120.001171,1.476151,1.476151,12,stop,8249.328397
2016-01-07T02:00:00+00:00,2016-01-08T01:00:00+00:00,long,1097.03,1102.955,1090.435,12.50845852,70.360079,0.852919,0.852919,23,stop,8319.688476
2016-01-11T00:00:00+00:00,2016-01-11T08:00:00+00:00,long,1106.75,1100.133,1100.133,12.57320308,-86.968846,-1.045338,-1.045338,9,stop,8232.71963
2016-01-13T17:00:00+00:00,2016-01-14T06:00:00+00:00,long,1091.65,1090.68,1086.034,14.65940105,-18.617439,-0.22614,-0.22614,13,donch_exit,8214.102191
2016-01-15T14:00:00+00:00,2016-01-15T15:00:00+00:00,long,1093.85,1088.239,1088.239,14.63928389,-86.532807,-1.053466,-1.053466,2,stop,8127.569384
2016-01-19T09:00:00+00:00,2016-01-19T09:00:00+00:00,long,1092.67,1088.949,1088.949,21.84243317,-87.828424,-1.080623,-1.080623,1,stop,8039.74096
2016-01-20T08:00:00+00:00,2016-01-20T20:00:00+00:00,long,1093.94,1099.486,1088.732,15.43729063,80.984027,1.007296,1.007296,13,stop,8120.724987
2016-01-25T08:00:00+00:00,2016-01-26T11:00:00+00:00,long,1103.9,1111.2,1099.215,17.33345782,121.334205,1.49413,1.49413,27,stop,8242.059191
2016-01-26T16:00:00+00:00,2016-01-27T07:00:00+00:00,long,1118.6,1117.88,1113.719,16.88600531,-17.223725,-0.208974,-0.208974,15,donch_exit,8224.835466
2016-01-27T20:00:00+00:00,2016-01-28T00:00:00+00:00,long,1127.49,1123.029,1123.029,18.43720122,-87.779515,-1.067249,-1.067249,4,stop,8137.055951
2016-02-01T02:00:00+00:00,2016-02-01T13:00:00+00:00,long,1120.2,1119.707,1114.588,14.49938694,-11.498014,-0.141304,-0.141304,12,stop,8125.557937
2016-02-01T15:00:00+00:00,2016-02-02T04:00:00+00:00,long,1126.21,1125.37,1122.155,20.03836729,-22.843739,-0.281134,-0.281134,13,donch_exit,8102.714198
2016-02-03T16:00:00+00:00,2016-02-05T13:00:00+00:00,long,1137.57,1154.064,1132.396,15.66044491,253.605245,3.12988,3.12988,44,stop,8356.319443
2016-02-05T21:00:00+00:00,2016-02-07T23:00:00+00:00,long,1173.94,1166.859,1166.859,11.80104426,-87.103508,-1.042367,-1.042367,2,stop,8269.215936
2016-02-08T11:00:00+00:00,2016-02-08T20:00:00+00:00,long,1175.74,1191.032,1166.275,8.73662539,130.979488,1.583941,1.583941,10,stop,8400.195423
2016-02-10T21:00:00+00:00,2016-02-12T00:00:00+00:00,long,1196.49,1237.899,1188.819,10.95058718,450.167688,5.359014,5.359014,26,stop,8850.363112
2016-02-16T12:00:00+00:00,2016-02-16T18:00:00+00:00,long,1214.86,1204.857,1204.857,8.8477088,-91.157944,-1.029991,-1.029991,7,stop,8759.205168
2016-02-17T17:00:00+00:00,2016-02-17T19:00:00+00:00,long,1212.14,1202.642,1202.642,9.22215747,-90.358699,-1.031586,-1.031586,3,stop,8668.846469
2016-02-18T16:00:00+00:00,2016-02-19T01:00:00+00:00,long,1214.91,1228.714,1208.299,13.11276126,177.074728,2.042656,2.042656,9,stop,8845.921197
2016-02-23T04:00:00+00:00,2016-02-24T17:00:00+00:00,long,1220.68,1239.926,1212.533,10.85788781,205.713542,2.325519,2.325519,37,stop,9051.634739
2016-02-29T20:00:00+00:00,2016-03-01T08:00:00+00:00,long,1238.76,1237.912,1230.807,11.3814092,-13.065858,-0.144348,-0.144348,12,stop,9038.568882
2016-03-02T15:00:00+00:00,2016-03-04T01:00:00+00:00,long,1239.89,1255.939,1233.135,13.38056089,210.730453,2.331458,2.331458,34,stop,9249.299335
2016-03-04T09:00:00+00:00,2016-03-04T12:00:00+00:00,long,1269.41,1264.644,1260.874,10.83563652,-54.893335,-0.593486,-0.593486,4,stop,9194.406001
2016-03-04T15:00:00+00:00,2016-03-04T15:00:00+00:00,long,1276.25,1267.032,1267.032,9.97440443,-94.936381,-1.032545,-1.032545,1,stop,9099.469619
2016-03-08T08:00:00+00:00,2016-03-08T14:00:00+00:00,long,1273.47,1267.664,1264.77,10.45916048,-63.863634,-0.701839,-0.701839,7,stop,9035.605985
2016-03-10T15:00:00+00:00,2016-03-11T08:00:00+00:00,long,1263.67,1264.853,1254.186,9.52721002,8.412526,0.093104,0.093104,17,stop,9044.018512
2016-03-16T19:00:00+00:00,2016-03-17T18:00:00+00:00,long,1258.18,1259.575,1253.068,17.691742,19.372457,0.214202,0.214202,23,stop,9063.390969
2016-03-22T08:00:00+00:00,2016-03-22T08:00:00+00:00,long,1258.02,1252.058,1252.058,15.20193051,-95.194489,-1.050319,-1.050319,1,stop,8968.19648
2016-03-29T14:00:00+00:00,2016-03-30T10:00:00+00:00,long,1223.48,1234.33,1218.631,18.49494015,195.121619,2.175706,2.175706,20,stop,9163.318099
2016-04-05T02:00:00+00:00,2016-04-05T14:00:00+00:00,long,1225.22,1228.38,1219.556,16.17817461,46.269579,0.504944,0.504944,13,stop,9209.587678
2016-04-07T05:00:00+00:00,2016-04-08T07:00:00+00:00,long,1229.42,1233.666,1222.524,13.35497053,52.698714,0.572216,0.572216,26,stop,9262.286392
2016-04-10T23:00:00+00:00,2016-04-12T13:00:00+00:00,long,1244.98,1255.492,1238.364,13.99982828,142.966246,1.543531,1.543531,38,stop,9405.252639
2016-04-17T23:00:00+00:00,2016-04-18T06:00:00+00:00,long,1238.13,1232.547,1232.547,16.84623435,-99.106397,-1.053735,-1.053735,8,stop,9306.146242
2016-04-21T07:00:00+00:00,2016-04-21T13:00:00+00:00,long,1258.27,1260.529,1251.087,12.95579318,25.380399,0.272727,0.272727,7,stop,9331.526641
2016-04-26T14:00:00+00:00,2016-04-27T13:00:00+00:00,long,1241.31,1245.837,1236.248,18.4344659,77.922487,0.835045,0.835045,23,stop,9409.449128
2016-04-28T06:00:00+00:00,2016-05-02T13:00:00+00:00,long,1253.24,1292.956,1245.101,11.56094008,455.686014,4.842855,4.842855,54,stop,9865.135142
2016-05-05T13:00:00+00:00,2016-05-05T14:00:00+00:00,long,1285.16,1278.267,1278.267,14.31181654,-102.944896,-1.043522,-1.043522,2,stop,9762.190246
2016-05-06T13:00:00+00:00,2016-05-06T13:00:00+00:00,long,1291.94,1285.775,1285.775,15.83485847,-102.37236,-1.048662,-1.048662,1,stop,9659.817886
2016-05-06T17:00:00+00:00,2016-05-06T18:00:00+00:00,long,1294.8,1286.521,1286.521,11.66785588,-100.098536,-1.036236,-1.036236,2,stop,9559.71935
2016-05-11T02:00:00+00:00,2016-05-11T15:00:00+00:00,long,1269.79,1272.13,1263.442,15.05941927,30.721215,0.321361,0.321361,14,stop,9590.440565
2016-05-12T14:00:00+00:00,2016-05-12T14:00:00+00:00,long,1278.8,1273.037,1273.037,16.64140303,-100.896827,-1.052056,-1.052056,1,stop,9489.543739
2016-05-16T03:00:00+00:00,2016-05-16T14:00:00+00:00,long,1276.85,1280.954,1270.004,13.8614428,52.728928,0.555653,0.555653,12,stop,9542.272667
2016-05-17T15:00:00+00:00,2016-05-17T16:00:00+00:00,long,1281.09,1274.835,1274.835,15.25543192,-99.999356,-1.047962,-1.047962,2,stop,9442.273311
2016-06-09T00:00:00+00:00,2016-06-09T07:00:00+00:00,long,1264.67,1259.669,1259.669,18.88077047,-100.086964,-1.059988,-1.059988,8,stop,9342.186347
2016-06-09T16:00:00+00:00,2016-06-10T15:00:00+00:00,long,1269.98,1271.409,1264.15,16.02433336,18.091472,0.193654,0.193654,23,stop,9360.277819
2016-06-13T06:00:00+00:00,2016-06-13T13:00:00+00:00,long,1282.57,1280.168,1275.913,14.0608049,-37.992295,-0.405889,-0.405889,8,stop,9322.285524
2016-06-14T13:00:00+00:00,2016-06-14T15:00:00+00:00,long,1285.63,1280.866,1280.606,18.55550463,-93.965075,-1.007962,-1.007962,3,stop,9228.320449
2016-06-15T19:00:00+00:00,2016-06-16T09:00:00+00:00,long,1291.36,1302.068,1285.761,16.48208689,171.54556,1.858903,1.858903,14,stop,9399.866009
2016-06-17T20:00:00+00:00,2016-06-19T22:00:00+00:00,long,1298.06,1290.249,1290.249,12.03413905,-97.608902,-1.038407,-1.038407,2,stop,9302.257107
2016-06-29T03:00:00+00:00,2016-06-29T19:00:00+00:00,long,1320.01,1318.712,1311.945,11.53410677,-18.431503,-0.19814,-0.19814,17,stop,9283.825605
2016-06-30T20:00:00+00:00,2016-07-03T22:00:00+00:00,long,1323.97,1336.024,1317.222,13.75789212,161.710264,1.741849,1.741849,25,stop,9445.535869
2016-07-04T02:00:00+00:00,2016-07-05T01:00:00+00:00,long,1348.55,1343.009,1340.425,11.62527492,-67.903231,-0.718892,-0.718892,20,stop,9377.632638
2016-07-05T17:00:00+00:00,2016-07-06T14:00:00+00:00,long,1354.76,1364.473,1346.364,11.16916703,105.135369,1.121129,1.121129,21,stop,9482.768007
2016-07-10T23:00:00+00:00,2016-07-11T07:00:00+00:00,long,1372.45,1361.367,1361.367,8.55613824,-97.394522,-1.027068,-1.027068,9,stop,9385.373486
2016-07-14T00:00:00+00:00,2016-07-14T01:00:00+00:00,long,1345.49,1339.428,1337.822,12.23966287,-77.868735,-0.829682,-0.829682,2,stop,9307.504751
2016-07-17T22:00:00+00:00,2016-07-18T11:00:00+00:00,long,1332.1,1323.689,1323.689,11.06587178,-96.394809,-1.035668,-1.035668,14,stop,9211.109942
2016-07-21T16:00:00+00:00,2016-07-22T03:00:00+00:00,long,1329.35,1325.861,1322.637,13.72130186,-51.990013,-0.564427,-0.564427,11,stop,9159.119929
2016-07-27T13:00:00+00:00,2016-07-27T18:00:00+00:00,long,1322.81,1322.666,1318.527,21.38482356,-9.494862,-0.103666,-0.103666,6,stop,9149.625067
2016-07-27T20:00:00+00:00,2016-07-28T14:00:00+00:00,long,1341.04,1336.595,1334.644,14.30522994,-67.878316,-0.74187,-0.74187,18,stop,9081.746751
2016-07-29T13:00:00+00:00,2016-08-02T01:00:00+00:00,long,1345.48,1349.284,1338.123,12.34436149,43.254643,0.476281,0.476281,35,stop,9125.001394
2016-08-02T08:00:00+00:00,2016-08-03T13:00:00+00:00,long,1358.48,1360.85,1353.754,19.30808589,39.967738,0.438003,0.438003,29,stop,9164.969132
2016-08-04T13:00:00+00:00,2016-08-05T12:00:00+00:00,long,1362.78,1358.789,1356.804,15.33629373,-65.808036,-0.718039,-0.718039,23,stop,9099.161095
2016-08-09T14:00:00+00:00,2016-08-10T13:00:00+00:00,long,1339.29,1351.153,1335.799,26.06462645,301.385276,3.312231,3.312231,23,stop,9400.546371
2016-08-11T15:00:00+00:00,2016-08-11T16:00:00+00:00,long,1351.36,1346.208,1346.208,18.24640212,-99.479384,-1.05823,-1.05823,2,stop,9301.066987
2016-08-12T13:00:00+00:00,2016-08-12T16:00:00+00:00,long,1354.96,1348.645,1348.645,14.72853046,-97.429229,-1.047506,-1.047506,4,stop,9203.637758
2016-08-16T01:00:00+00:00,2016-08-16T12:00:00+00:00,long,1345.66,1348.483,1341.059,20.00355957,50.468981,0.548359,0.548359,12,stop,9254.106738
2016-08-18T00:00:00+00:00,2016-08-18T09:00:00+00:00,long,1352.22,1348.682,1345.696,14.18471296,-54.440928,-0.588289,-0.588289,10,stop,9199.66581
2016-08-23T13:00:00+00:00,2016-08-23T15:00:00+00:00,long,1343.47,1339.468,1339.468,22.98767069,-98.892959,-1.074963,-1.074963,3,stop,9100.772851
2016-09-22T13:00:00+00:00,2016-09-22T18:00:00+00:00,long,1336.8,1337.522,1331.23,16.33890997,6.89502,0.075763,0.075763,6,stop,9107.667871
2016-09-26T14:00:00+00:00,2016-09-26T18:00:00+00:00,long,1340.9,1336.922,1336.922,22.89509269,-97.945207,-1.075415,-1.075415,5,stop,9009.722664
2017-01-12T07:00:00+00:00,2017-01-12T18:00:00+00:00,long,1200.63,1197.075,1192.496,11.07661995,-42.70037,-0.473937,-0.473937,12,stop,8967.022294
2017-01-16T00:00:00+00:00,2017-01-17T12:00:00+00:00,long,1203.42,1212.23,1197.247,14.52619844,123.617949,1.378584,1.378584,33,stop,9090.640243
2017-01-20T02:00:00+00:00,2017-01-20T08:00:00+00:00,long,1207.42,1202.13,1201.092,14.36573995,-80.304486,-0.883375,-0.883375,7,donch_exit,9010.335757
2017-01-20T20:00:00+00:00,2017-01-23T09:00:00+00:00,long,1212.45,1210.45,1206.487,15.1104071,-34.753936,-0.385712,-0.385712,13,stop,8975.58182
2017-01-27T20:00:00+00:00,2017-01-30T08:00:00+00:00,long,1191.26,1189.871,1186.112,17.43508512,-29.447859,-0.328089,-0.328089,12,stop,8946.133961
2017-01-30T16:00:00+00:00,2017-01-30T18:00:00+00:00,long,1198.21,1194.278,1194.278,22.75212096,-96.286976,-1.076297,-1.076297,3,stop,8849.846986
2017-01-31T03:00:00+00:00,2017-02-01T04:00:00+00:00,long,1199.59,1208.47,1194.343,16.8664894,144.714479,1.63522,1.63522,25,donch_exit,8994.561465
2017-02-02T01:00:00+00:00,2017-02-02T15:00:00+00:00,long,1213.05,1216.885,1206.904,14.63482178,51.734095,0.575171,0.575171,15,stop,9046.29556
2017-02-03T16:00:00+00:00,2017-02-03T19:00:00+00:00,long,1219.18,1214.786,1214.042,17.60664764,-82.645604,-0.913585,-0.913585,4,stop,8963.649956
2017-02-06T02:00:00+00:00,2017-02-07T07:00:00+00:00,long,1223.92,1230.609,1217.801,14.64888046,93.591697,1.044125,1.044125,29,stop,9057.241653
2017-02-08T09:00:00+00:00,2017-02-08T18:00:00+00:00,long,1236.92,1237.194,1232.209,19.22573053,-0.499869,-0.005519,-0.005519,10,stop,9056.741784
2017-02-14T13:00:00+00:00,2017-02-14T15:00:00+00:00,long,1233.17,1229.144,1229.144,22.49563285,-97.316108,-1.074516,-1.074516,3,stop,8959.425676
2017-02-15T23:00:00+00:00,2017-02-17T07:00:00+00:00,long,1233.23,1236.94,1227.843,16.63156799,56.713647,0.633005,0.633005,32,donch_exit,9016.139323
2017-02-23T12:00:00+00:00,2017-02-24T14:00:00+00:00,long,1239.0,1256.268,1234.799,21.46188841,364.165323,4.039038,4.039038,26,stop,9380.304646
2017-02-27T16:00:00+00:00,2017-02-27T18:00:00+00:00,long,1259.68,1258.566,1255.812,24.25104614,-34.290979,-0.365564,-0.365564,3,stop,9346.013666
2017-03-06T00:00:00+00:00,2017-03-06T07:00:00+00:00,long,1236.73,1231.74,1230.449,14.87981797,-78.714237,-0.842223,-0.842223,8,donch_exit,9267.299429
2017-03-16T02:00:00+00:00,2017-03-17T00:00:00+00:00,long,1224.64,1224.92,1217.415,12.82671201,-0.256534,-0.002768,-0.002768,23,donch_exit,9267.042895
2017-03-17T12:00:00+00:00,2017-03-20T12:00:00+00:00,long,1230.82,1230.576,1226.929,23.81660986,-12.956236,-0.13981,-0.13981,24,stop,9254.086659
2017-03-21T14:00:00+00:00,2017-03-22T23:00:00+00:00,long,1239.06,1246.755,1235.436,25.53555921,188.83546,2.040563,2.040563,33,stop,9442.92212
2017-03-23T13:00:00+00:00,2017-03-23T14:00:00+00:00,long,1251.98,1248.046,1248.046,24.00336075,-101.630229,-1.076258,-1.076258,2,stop,9341.29189
2017-03-26T23:00:00+00:00,2017-03-27T14:00:00+00:00,long,1252.6,1255.07,1248.011,20.35583328,44.172158,0.47287,0.47287,16,donch_exit,9385.464048
2017-03-28T13:00:00+00:00,2017-03-28T16:00:00+00:00,long,1257.23,1253.928,1253.845,27.72662939,-99.871319,-1.064106,-1.064106,4,stop,9285.592729
2017-03-31T17:00:00+00:00,2017-04-03T06:00:00+00:00,long,1249.8,1246.76,1245.948,24.10590013,-80.513706,-0.867082,-0.867082,13,donch_exit,9205.079023
2017-04-03T15:00:00+00:00,2017-04-04T13:00:00+00:00,long,1252.13,1256.636,1248.603,26.09889147,109.771938,1.192515,1.192515,22,stop,9314.850961
2017-04-06T00:00:00+00:00,2017-04-06T10:00:00+00:00,long,1258.21,1252.708,1252.708,16.92993632,-98.22749,-1.054526,-1.054526,11,stop,9216.62347
2017-04-07T02:00:00+00:00,2017-04-07T16:00:00+00:00,long,1264.37,1261.052,1261.052,27.77764759,-100.499529,-1.090416,-1.090416,15,stop,9116.123941
2017-04-11T08:00:00+00:00,2017-04-13T13:00:00+00:00,long,1257.46,1282.147,1252.973,20.31674602,495.464485,5.435035,5.435035,52,stop,9611.588426
2017-04-16T23:00:00+00:00,2017-04-17T05:00:00+00:00,long,1293.45,1289.543,1289.013,21.66235841,-91.133542,-0.948163,-0.948163,7,stop,9520.454885
2017-04-18T16:00:00+00:00,2017-04-19T05:00:00+00:00,long,1290.69,1285.804,1285.056,16.89821598,-87.634148,-0.920483,-0.920483,13,stop,9432.820736
2017-04-21T12:00:00+00:00,2017-04-21T14:00:00+00:00,long,1283.34,1279.448,1279.282,23.24499935,-97.443037,-1.033021,-1.033021,3,stop,9335.377699
2017-04-25T00:00:00+00:00,2017-04-25T06:00:00+00:00,long,1277.43,1272.342,1272.342,18.34783353,-98.858127,-1.058962,-1.058962,7,stop,9236.519572
2017-04-26T20:00:00+00:00,2017-04-27T06:00:00+00:00,long,1269.45,1264.493,1264.493,18.6332854,-97.955181,-1.06052,-1.06052,10,stop,9138.564391
2017-04-30T23:00:00+00:00,2017-05-01T00:00:00+00:00,long,1270.69,1267.508,1267.508,28.71956125,-100.001512,-1.09428,-1.09428,2,stop,9038.562878
2017-05-17T23:00:00+00:00,2017-05-18T06:00:00+00:00,long,1261.41,1255.7,1255.43,15.11465364,-90.839068,-1.005017,-1.005017,8,donch_exit,8947.72381
2017-05-18T11:00:00+00:00,2017-05-18T12:00:00+00:00,long,1263.88,1256.978,1256.978,12.963958,-93.366426,-1.043466,-1.043466,2,stop,8854.357385
2017-05-21T23:00:00+00:00,2017-05-22T02:00:00+00:00,long,1257.02,1252.067,1252.067,17.87675628,-93.906601,-1.060569,-1.060569,4,stop,8760.450784
2017-05-22T13:00:00+00:00,2017-05-23T07:00:00+00:00,long,1258.45,1259.396,1254.45,21.90112696,14.148128,0.1615,0.1615,18,stop,8774.598912
2017-05-24T19:00:00+00:00,2017-05-25T12:00:00+00:00,long,1255.24,1255.209,1251.138,21.39102611,-7.08043,-0.080692,-0.080692,17,stop,8767.518482
2017-05-26T07:00:00+00:00,2017-05-30T04:00:00+00:00,long,1261.11,1267.602,1257.069,21.69640802,134.344158,1.532294,1.532294,41,stop,8901.862641
2017-05-31T10:00:00+00:00,2017-06-01T00:00:00+00:00,long,1264.69,1267.697,1260.951,23.80813758,64.448628,0.72399,0.72399,15,stop,8966.311269
2017-06-02T13:00:00+00:00,2017-06-05T15:00:00+00:00,long,1273.51,1278.53,1269.475,22.22134144,104.884732,1.169765,1.169765,26,donch_exit,9071.196001
2017-06-06T03:00:00+00:00,2017-06-07T10:00:00+00:00,long,1284.28,1289.972,1280.965,27.3640905,147.547176,1.626546,1.626546,31,stop,9218.743177
2017-06-14T03:00:00+00:00,2017-06-14T11:00:00+00:00,long,1269.2,1265.699,1265.325,23.79030497,-90.426949,-0.980903,-0.980903,9,stop,9128.316227
2017-06-14T13:00:00+00:00,2017-06-14T17:00:00+00:00,long,1276.28,1273.133,1273.072,28.45485108,-98.083872,-1.074501,-1.074501,5,stop,9030.232356
2017-07-24T00:00:00+00:00,2017-07-24T06:00:00+00:00,long,1256.13,1252.608,1252.608,25.63950129,-97.994174,-1.085179,-1.085179,7,stop,8932.238182
2017-07-24T13:00:00+00:00,2017-07-24T16:00:00+00:00,long,1258.06,1254.417,1254.417,24.51890799,-96.678054,-1.08235,-1.08235,4,stop,8835.560128
2017-07-26T19:00:00+00:00,2017-07-27T14:00:00+00:00,long,1256.29,1259.055,1252.544,23.58665277,58.141099,0.658035,0.658035,20,stop,8893.701227
2017-07-28T13:00:00+00:00,2017-07-31T03:00:00+00:00,long,1263.53,1267.36,1259.5,22.06873754,77.902643,0.875931,0.875931,14,donch_exit,8971.60387
2017-08-01T15:00:00+00:00,2017-08-01T19:00:00+00:00,long,1272.84,1268.682,1268.682,21.57672888,-96.189057,-1.07215,-1.07215,5,stop,8875.414813
2017-08-08T02:00:00+00:00,2017-08-08T14:00:00+00:00,long,1259.99,1261.155,1257.073,30.42651633,26.318937,0.296538,0.296538,13,stop,8901.733749
2017-08-09T01:00:00+00:00,2017-08-11T12:00:00+00:00,long,1265.91,1283.884,1260.984,18.07091707,319.385388,3.587901,3.587901,58,stop,9221.119138
2017-08-16T17:00:00+00:00,2017-08-17T10:00:00+00:00,long,1274.63,1283.875,1271.149,26.48985676,236.951769,2.569664,2.569664,17,stop,9458.070906
2017-08-18T08:00:00+00:00,2017-08-18T14:00:00+00:00,long,1292.88,1293.101,1287.921,19.07253661,-1.50673,-0.015931,-0.015931,7,stop,9456.564176
2017-08-21T14:00:00+00:00,2017-08-22T01:00:00+00:00,long,1291.68,1288.137,1286.784,19.31487781,-74.227075,-0.784926,-0.784926,11,stop,9382.337101
2017-08-23T12:00:00+00:00,2017-08-24T06:00:00+00:00,long,1289.81,1287.062,1286.143,25.5858661,-77.98572,-0.831197,-0.831197,18,stop,9304.351381
2017-08-28T06:00:00+00:00,2017-08-29T14:00:00+00:00,long,1294.85,1317.351,1288.362,14.34086218,318.381481,3.421856,3.421856,32,stop,9622.732862
2017-08-31T15:00:00+00:00,2017-09-01T06:00:00+00:00,long,1316.46,1318.35,1311.274,18.55521184,29.502787,0.306595,0.306595,16,donch_exit,9652.235649
2017-09-03T23:00:00+00:00,2017-09-05T07:00:00+00:00,long,1334.98,1331.68,1329.244,16.82746801,-60.578885,-0.627615,-0.627615,29,stop,9591.656764
2017-09-05T19:00:00+00:00,2017-09-06T04:00:00+00:00,long,1343.51,1337.576,1337.576,16.16389748,-100.765737,-1.050556,-1.050556,9,stop,9490.891027
2017-09-07T13:00:00+00:00,2017-09-07T13:00:00+00:00,long,1343.75,1339.588,1339.588,22.80367859,-101.750014,-1.072081,-1.072081,1,stop,9389.141013
2017-09-08T03:00:00+00:00,2017-09-08T12:00:00+00:00,long,1352.08,1348.411,1345.749,14.83042333,-58.86195,-0.626915,-0.626915,10,stop,9330.279063
2017-09-12T19:00:00+00:00,2017-09-13T13:00:00+00:00,long,1330.77,1330.732,1326.133,20.12136956,-6.801023,-0.072892,-0.072892,19,stop,9323.47804
2017-09-14T18:00:00+00:00,2017-09-15T07:00:00+00:00,long,1328.99,1327.516,1323.641,17.43031976,-30.921387,-0.331651,-0.331651,14,stop,9292.556653
2017-09-19T14:00:00+00:00,2017-09-19T16:00:00+00:00,long,1310.17,1306.322,1306.322,24.14905575,-100.170283,-1.077963,-1.077963,3,stop,9192.38637
2017-09-19T20:00:00+00:00,2017-09-20T12:00:00+00:00,long,1311.02,1311.312,1306.648,21.02558639,-0.168205,-0.00183,-0.00183,16,stop,9192.218165
2017-09-25T15:00:00+00:00,2017-09-26T07:00:00+00:00,long,1298.18,1306.958,1293.782,20.90090533,177.197875,1.927694,1.927694,17,stop,9369.41604
2017-10-16T00:00:00+00:00,2017-10-16T17:00:00+00:00,long,1304.18,1302.373,1299.374,19.49524769,-41.076487,-0.43841,-0.43841,18,stop,9328.339553
2017-11-27T09:00:00+00:00,2017-11-27T14:00:00+00:00,long,1291.67,1294.414,1288.087,26.03499736,63.629534,0.68211,0.68211,6,stop,9391.969087
2017-12-26T02:00:00+00:00,2017-12-27T12:00:00+00:00,long,1278.58,1283.483,1275.546,30.95573199,142.489234,1.517139,1.517139,35,stop,9534.458321
2017-12-27T19:00:00+00:00,2017-12-28T13:00:00+00:00,long,1287.8,1289.806,1284.946,33.40735221,56.992943,0.597758,0.597758,18,stop,9591.451264
2017-12-29T02:00:00+00:00,2017-12-29T18:00:00+00:00,long,1295.58,1303.245,1292.553,31.68632727,233.3698,2.433102,2.433102,17,stop,9824.821065
2018-01-02T07:00:00+00:00,2018-01-03T02:00:00+00:00,long,1309.82,1316.326,1305.434,22.40041282,139.016962,1.414957,1.414957,20,stop,9963.838027
2018-01-04T16:00:00+00:00,2018-01-05T06:00:00+00:00,long,1319.72,1318.582,1313.861,17.00603862,-24.454684,-0.245434,-0.245434,15,stop,9939.383343
2018-01-10T11:00:00+00:00,2018-01-10T13:00:00+00:00,long,1321.14,1318.472,1316.442,21.15662695,-62.792869,-0.631758,-0.631758,3,stop,9876.590474
2018-01-11T14:00:00+00:00,2018-01-12T13:00:00+00:00,long,1320.9,1328.044,1317.032,25.53410154,174.755391,1.76939,1.76939,24,stop,10051.345865
2018-01-12T19:00:00+00:00,2018-01-16T08:00:00+00:00,long,1337.65,1337.588,1332.318,18.85098624,-6.824057,-0.067892,-0.067892,33,stop,10044.521808
2018-01-17T01:00:00+00:00,2018-01-17T02:00:00+00:00,long,1341.83,1338.344,1336.93,20.4990241,-77.609305,-0.772653,-0.772653,2,stop,9966.912503
2018-01-19T08:00:00+00:00,2018-01-19T20:00:00+00:00,long,1334.81,1332.09,1329.551,18.95210592,-57.23536,-0.574254,-0.574254,13,donch_exit,9909.677143
2018-01-23T02:00:00+00:00,2018-01-23T14:00:00+00:00,long,1336.5,1333.085,1332.14,22.7286173,-84.436813,-0.852064,-0.852064,13,stop,9825.24033
2018-01-23T20:00:00+00:00,2018-01-25T08:00:00+00:00,long,1340.51,1359.324,1336.298,23.32678141,431.872031,4.395537,4.395537,37,stop,10257.112361
2018-01-31T21:00:00+00:00,2018-02-01T07:00:00+00:00,long,1345.64,1340.232,1339.896,17.85708976,-101.928268,-0.993733,-0.993733,11,stop,10155.184092
2018-02-01T21:00:00+00:00,2018-02-02T09:00:00+00:00,long,1349.69,1345.76,1344.069,18.0665079,-76.421328,-0.752535,-0.752535,13,donch_exit,10078.762764
2018-02-06T03:00:00+00:00,2018-02-06T12:00:00+00:00,long,1344.49,1338.585,1338.585,17.06818419,-105.908083,-1.050804,-1.050804,10,stop,9972.854681
2018-02-08T18:00:00+00:00,2018-02-09T08:00:00+00:00,long,1319.8,1315.11,1313.517,15.87275932,-79.205069,-0.794207,-0.794207,14,stop,9893.649612
2018-02-12T02:00:00+00:00,2018-02-12T12:00:00+00:00,long,1323.71,1318.94,1316.944,14.62259771,-74.13657,-0.749335,-0.749335,11,donch_exit,9819.513042
2018-02-13T06:00:00+00:00,2018-02-13T14:00:00+00:00,long,1326.31,1324.782,1321.865,22.09114295,-40.382609,-0.411249,-0.411249,9,stop,9779.130432
2018-02-14T00:00:00+00:00,2018-02-14T09:00:00+00:00,long,1331.75,1331.313,1327.074,20.91345259,-15.413215,-0.157613,-0.157613,10,stop,9763.717218
2018-02-14T16:00:00+00:00,2018-02-15T11:00:00+00:00,long,1348.29,1350.94,1342.371,16.49555198,38.764547,0.397027,0.397027,20,donch_exit,9802.481765
2018-02-16T05:00:00+00:00,2018-02-16T12:00:00+00:00,long,1358.64,1354.852,1353.233,18.12924314,-74.112346,-0.756057,-0.756057,8,stop,9728.369419
2018-02-26T02:00:00+00:00,2018-02-26T14:00:00+00:00,long,1333.62,1335.137,1329.301,22.52458768,27.412423,0.281778,0.281778,13,stop,9755.781842
2018-03-07T00:00:00+00:00,2018-03-07T01:00:00+00:00,long,1339.03,1334.101,1334.101,19.79261887,-103.495604,-1.060864,-1.060864,2,stop,9652.286238
2018-03-26T14:00:00+00:00,2018-03-27T00:00:00+00:00,long,1352.68,1351.04,1348.061,20.8969176,-40.54002,-0.420004,-0.420004,11,donch_exit,9611.746218
2018-04-04T09:00:00+00:00,2018-04-04T13:00:00+00:00,long,1341.97,1341.974,1336.923,19.04447438,-5.637164,-0.058649,-0.058649,5,stop,9606.109054
2018-04-09T17:00:00+00:00,2018-04-10T02:00:00+00:00,long,1335.24,1333.158,1330.884,22.05259195,-52.529274,-0.546832,-0.546832,9,stop,9553.57978
2018-04-11T07:00:00+00:00,2018-04-11T16:00:00+00:00,long,1344.58,1355.481,1340.351,22.59063556,239.483328,2.506739,2.506739,10,stop,9793.063107
2018-04-13T14:00:00+00:00,2018-04-15T22:00:00+00:00,long,1343.63,1341.509,1338.956,20.95221033,-50.725301,-0.517972,-0.517972,8,stop,9742.337806
2018-04-16T02:00:00+00:00,2018-04-16T07:00:00+00:00,long,1347.31,1341.825,1341.401,16.48728686,-95.378954,-0.979015,-0.979015,6,stop,9646.958851
2018-04-16T15:00:00+00:00,2018-04-17T03:00:00+00:00,long,1349.18,1344.012,1343.696,17.59109929,-96.188131,-0.997082,-0.997082,13,stop,9550.770721
2018-04-18T11:00:00+00:00,2018-04-18T13:00:00+00:00,long,1349.05,1348.909,1345.114,24.26516951,-10.70094,-0.112043,-0.112043,3,stop,9540.069781
2018-10-15T07:00:00+00:00,2018-10-15T13:00:00+00:00,long,1224.76,1226.712,1219.788,19.18759007,31.697899,0.332261,0.332261,7,stop,9571.76768
2018-10-18T16:00:00+00:00,2018-10-18T19:00:00+00:00,long,1229.25,1225.229,1225.229,23.80444586,-102.859011,-1.074608,-1.074608,4,stop,9468.908669
2018-10-23T07:00:00+00:00,2018-10-23T14:00:00+00:00,long,1229.39,1233.8,1226.269,30.3393421,124.694696,1.316886,1.316886,8,stop,9593.603365
2018-10-24T21:00:00+00:00,2018-10-25T07:00:00+00:00,long,1233.44,1233.126,1228.565,19.67918639,-12.08302,-0.125949,-0.125949,11,stop,9581.520345
2018-10-26T08:00:00+00:00,2018-10-26T12:00:00+00:00,long,1236.33,1233.089,1232.423,24.52398348,-86.839425,-0.906322,-0.906322,5,stop,9494.680919
2018-10-26T15:00:00+00:00,2018-10-26T16:00:00+00:00,long,1243.13,1238.968,1238.968,22.81278452,-101.790645,-1.072081,-1.072081,2,stop,9392.890275
2018-11-01T07:00:00+00:00,2018-11-02T12:00:00+00:00,long,1222.03,1230.953,1218.042,23.55288434,203.096522,2.162237,2.162237,29,stop,9595.986796
2018-11-06T09:00:00+00:00,2018-11-06T14:00:00+00:00,long,1233.83,1232.663,1230.252,26.81941531,-39.344082,-0.410006,-0.410006,6,stop,9556.642714
2018-11-16T14:00:00+00:00,2018-11-19T04:00:00+00:00,long,1223.0,1219.61,1219.549,27.69238688,-102.184908,-1.069255,-1.069255,14,donch_exit,9454.457806
2018-11-20T14:00:00+00:00,2018-11-20T15:00:00+00:00,long,1226.61,1223.24,1223.24,28.05477094,-102.961009,-1.089021,-1.089021,2,stop,9351.496797
2018-11-21T14:00:00+00:00,2018-11-23T06:00:00+00:00,long,1226.14,1225.874,1223.075,30.51059314,-17.268996,-0.184666,-0.184666,36,stop,9334.227801
2018-11-26T08:00:00+00:00,2018-11-26T14:00:00+00:00,long,1227.16,1223.456,1223.456,25.20039903,-100.902398,-1.080994,-1.080994,7,stop,9233.325404
2018-11-28T18:00:00+00:00,2018-11-29T18:00:00+00:00,long,1221.11,1223.887,1217.983,29.52774354,73.140221,0.792133,0.792133,24,stop,9306.465624
2018-12-04T02:00:00+00:00,2018-12-04T17:00:00+00:00,long,1234.91,1237.069,1230.621,21.69845098,40.33742,0.433434,0.433434,16,stop,9346.803045
2018-12-06T01:00:00+00:00,2018-12-06T06:00:00+00:00,long,1239.25,1236.805,1236.142,30.07336887,-82.551398,-0.883205,-0.883205,6,stop,9264.251647
2018-12-06T15:00:00+00:00,2018-12-06T17:00:00+00:00,long,1243.8,1240.168,1240.168,25.50730079,-100.294707,-1.082599,-1.082599,3,stop,9163.95694
2018-12-07T14:00:00+00:00,2018-12-10T07:00:00+00:00,long,1243.91,1247.48,1240.621,27.86244129,91.110183,0.994223,0.994223,17,donch_exit,9255.067123
2018-12-11T09:00:00+00:00,2018-12-11T13:00:00+00:00,long,1248.36,1245.156,1244.694,25.24568228,-88.460871,-0.95581,-0.95581,5,stop,9166.606253
2018-12-17T14:00:00+00:00,2018-12-18T06:00:00+00:00,long,1241.538,1245.1241,1238.2201,27.62773517,90.787501,0.990416,0.990416,16,stop,9257.393753
2018-12-18T10:00:00+00:00,2018-12-18T14:00:00+00:00,long,1249.178,1245.9931,1245.7578,27.06681993,-94.325161,-1.018917,-1.018917,5,stop,9163.068592
2018-12-19T15:00:00+00:00,2018-12-19T17:00:00+00:00,long,1255.618,1252.9822,1252.9822,34.76389936,-102.059856,-1.113817,-1.113817,3,stop,9061.008737
2018-12-20T15:00:00+00:00,2018-12-21T09:00:00+00:00,long,1259.325,1258.1709,1253.4732,15.48413947,-22.515487,-0.248488,-0.248488,18,stop,9038.49325
2018-12-24T03:00:00+00:00,2018-12-24T10:00:00+00:00,long,1263.908,1259.2483,1259.2483,19.397157,-96.20408,-1.064382,-1.064382,8,stop,8942.28917
2018-12-24T15:00:00+00:00,2018-12-26T00:00:00+00:00,long,1266.278,1264.264,1262.2185,22.0280556,-50.972921,-0.570021,-0.570021,6,stop,8891.316249
2018-12-26T03:00:00+00:00,2018-12-26T17:00:00+00:00,long,1272.358,1273.0244,1267.151,17.07569858,6.256536,0.070367,0.070367,15,stop,8897.572785
2018-12-27T18:00:00+00:00,2018-12-28T09:00:00+00:00,long,1277.388,1276.4472,1272.4708,18.09479538,-22.452022,-0.252339,-0.252339,15,stop,8875.120763
2018-12-31T08:00:00+00:00,2018-12-31T13:00:00+00:00,long,1281.028,1280.7235,1277.2925,23.75885628,-14.362229,-0.161826,-0.161826,6,stop,8860.758535
2019-01-02T06:00:00+00:00,2019-01-02T13:00:00+00:00,long,1286.158,1283.5215,1281.9558,21.08599908,-61.919036,-0.698801,-0.698801,8,stop,8798.839498
2019-01-03T07:00:00+00:00,2019-01-03T11:00:00+00:00,long,1292.105,1286.4453,1286.4453,15.54647684,-92.652338,-1.053006,-1.053006,5,stop,8706.18716
2019-01-03T20:00:00+00:00,2019-01-04T08:00:00+00:00,long,1293.298,1291.6578,1287.7531,15.70125189,-30.463569,-0.349907,-0.349907,12,stop,8675.723591
2019-01-09T15:00:00+00:00,2019-01-10T09:00:00+00:00,long,1288.355,1292.1991,1284.919,25.24948659,89.486705,1.031461,1.031461,18,stop,8765.210297
2019-01-14T09:00:00+00:00,2019-01-14T13:00:00+00:00,long,1293.665,1291.7525,1289.4188,20.64248103,-45.671489,-0.521054,-0.521054,5,stop,8719.538807
2019-01-15T15:00:00+00:00,2019-01-15T15:00:00+00:00,long,1294.365,1291.0568,1291.0568,26.35735085,-95.102593,-1.090684,-1.090684,1,stop,8624.436214
2019-01-16T16:00:00+00:00,2019-01-17T04:00:00+00:00,long,1292.888,1291.3586,1289.6159,26.35749584,-48.218403,-0.55909,-0.55909,12,stop,8576.217811
2019-01-22T09:00:00+00:00,2019-01-22T15:00:00+00:00,long,1284.455,1281.1303,1281.1303,25.79546368,-93.500817,-1.090234,-1.090234,7,stop,8482.716994
2019-01-22T20:00:00+00:00,2019-01-23T13:00:00+00:00,long,1285.265,1283.0279,1281.7623,24.21765208,-61.442605,-0.724327,-0.724327,17,stop,8421.274389
2019-01-25T08:00:00+00:00,2019-01-28T11:00:00+00:00,long,1284.545,1299.535,1281.0517,24.10693152,354.130824,4.205193,4.205193,27,donch_exit,8775.405213
2019-01-29T07:00:00+00:00,2019-01-30T12:00:00+00:00,long,1304.975,1312.075,1301.7238,26.9912808,183.540709,2.091535,2.091535,29,donch_exit,8958.945922
2019-01-30T20:00:00+00:00,2019-01-31T16:00:00+00:00,long,1319.865,1320.2414,1316.4236,26.03285268,1.98891,0.0222,0.0222,20,stop,8960.934832
2019-02-08T12:00:00+00:00,2019-02-11T02:00:00+00:00,long,1312.148,1312.025,1308.9865,28.34393431,-11.989484,-0.133797,-0.133797,14,donch_exit,8948.945348
2019-02-12T07:00:00+00:00,2019-02-12T14:00:00+00:00,long,1311.345,1310.1525,1307.7052,24.58636559,-36.695151,-0.41005,-0.41005,8,stop,8912.250197
2019-02-13T16:00:00+00:00,2019-02-13T17:00:00+00:00,long,1314.415,1311.045,1311.045,26.44584628,-97.056256,-1.089021,-1.089021,2,stop,8815.193942
2019-02-14T18:00:00+00:00,2019-02-15T15:00:00+00:00,long,1313.965,1314.7223,1309.4638,19.58409744,8.955808,0.101595,0.101595,21,stop,8824.149749
2019-02-15T19:00:00+00:00,2019-02-19T04:00:00+00:00,long,1320.625,1323.5801,1317.0999,25.0323388,66.463363,0.753198,0.753198,28,stop,8890.613112
2019-02-19T09:00:00+00:00,2019-02-20T06:00:00+00:00,long,1328.585,1341.5415,1325.6304,30.0907504,380.843582,4.283659,4.283659,21,stop,9271.456694
2019-02-22T17:00:00+00:00,2019-02-22T19:00:00+00:00,long,1330.698,1328.2312,1326.1744,20.49574829,-56.707636,-0.611637,-0.611637,3,stop,9214.749058
2019-03-20T18:00:00+00:00,2019-03-21T09:00:00+00:00,long,1314.348,1314.238,1310.0029,21.20721976,-8.69496,-0.094359,-0.094359,15,donch_exit,9206.054098
2019-03-22T13:00:00+00:00,2019-03-26T03:00:00+00:00,long,1314.305,1319.765,1309.7599,20.2548989,104.515278,1.135289,1.135289,37,donch_exit,9310.569376
2019-05-14T00:00:00+00:00,2019-05-14T06:00:00+00:00,long,1301.685,1297.368,1297.1409,20.48935846,-94.599368,-1.016043,-1.016043,7,donch_exit,9215.970008
2019-05-31T00:00:00+00:00,2019-06-04T09:00:00+00:00,long,1290.448,1323.0439,1286.5934,23.90901782,772.163249,8.378535,8.378535,56,stop,9988.133257
2019-06-05T07:00:00+00:00,2019-06-05T11:00:00+00:00,long,1333.478,1333.5497,1328.3479,19.46966581,-4.444925,-0.044502,-0.044502,5,stop,9983.688332
2019-06-05T13:00:00+00:00,2019-06-05T14:00:00+00:00,long,1340.788,1335.7097,1335.7097,19.65950876,-105.734736,-1.059075,-1.059075,2,stop,9877.953596
2019-06-06T16:00:00+00:00,2019-06-06T18:00:00+00:00,long,1338.388,1333.9517,1333.5128,20.26163767,-95.965194,-0.971509,-0.971509,3,stop,9781.988402
2019-06-07T13:00:00+00:00,2019-06-07T15:00:00+00:00,long,1340.998,1339.1454,1336.61,22.29258979,-47.987029,-0.490565,-0.490565,3,stop,9734.001373
2019-06-12T03:00:00+00:00,2019-06-12T12:00:00+00:00,long,1332.145,1333.3371,1327.9112,22.99116957,20.510422,0.210709,0.210709,10,stop,9754.511795
2019-06-13T16:00:00+00:00,2019-06-14T12:00:00+00:00,long,1339.025,1349.8074,1335.05,24.53965232,257.234451,2.637082,2.637082,20,stop,10011.746247
2019-06-18T06:00:00+00:00,2019-06-18T13:00:00+00:00,long,1345.805,1346.9841,1341.322,22.33269294,19.63267,0.196096,0.196096,8,stop,10031.378917
2019-06-19T19:00:00+00:00,2019-06-21T06:00:00+00:00,long,1352.078,1396.1222,1347.6402,22.60439614,988.811225,9.857181,9.857181,34,stop,11020.190143
2019-06-24T16:00:00+00:00,2019-06-25T05:00:00+00:00,long,1413.695,1427.3165,1405.634,13.67099633,182.118178,1.652587,1.652587,13,stop,11202.30832
2019-06-28T00:00:00+00:00,2019-06-28T06:00:00+00:00,long,1410.975,1414.2541,1404.2495,16.65646914,49.621287,0.442956,0.442956,7,stop,11251.929607
2019-07-02T16:00:00+00:00,2019-07-03T02:00:00+00:00,long,1403.568,1423.7504,1397.4717,18.45698146,366.969088,3.261388,3.261388,10,stop,11618.898696
2019-07-04T23:00:00+00:00,2019-07-05T00:00:00+00:00,long,1422.928,1417.7767,1417.7767,22.55527478,-122.955569,-1.058238,-1.058238,2,stop,11495.943126
2019-07-10T13:00:00+00:00,2019-07-10T15:00:00+00:00,long,1410.085,1404.9613,1404.9613,22.43679982,-121.690471,-1.058551,-1.058551,3,stop,11374.252655
2019-07-10T17:00:00+00:00,2019-07-11T12:00:00+00:00,long,1411.855,1416.652,1404.2387,14.93409222,67.158613,0.590444,0.590444,19,stop,11441.411268
2019-07-12T18:00:00+00:00,2019-07-15T02:00:00+00:00,long,1412.708,1410.6931,1405.9433,16.91340528,-39.152842,-0.342203,-0.342203,8,stop,11402.258426
2019-07-17T15:00:00+00:00,2019-07-18T05:00:00+00:00,long,1418.148,1420.4128,1412.2067,19.19152109,37.707501,0.330702,0.330702,14,stop,11439.965926
2019-07-18T19:00:00+00:00,2019-07-19T06:00:00+00:00,long,1437.648,1437.028,1429.8057,14.58751377,-13.420513,-0.117313,-0.117313,11,stop,11426.545414
2019-07-25T12:00:00+00:00,2019-07-25T12:00:00+00:00,long,1431.478,1426.7401,1426.7401,24.11732078,-121.50065,-1.063319,-1.063319,1,stop,11305.044763
2019-07-29T19:00:00+00:00,2019-07-31T13:00:00+00:00,long,1424.468,1428.7241,1419.9488,25.01558852,98.96417,0.875398,0.875398,41,stop,11404.008933
2019-08-01T18:00:00+00:00,2019-08-02T01:00:00+00:00,long,1438.408,1434.9961,1429.8467,13.32041738,-49.444057,-0.433567,-0.433567,7,stop,11354.564876
2019-08-05T02:00:00+00:00,2019-08-05T15:00:00+00:00,long,1449.058,1456.7327,1439.7411,12.18706316,89.875935,0.79154,0.79154,14,stop,11444.440811
2019-08-05T23:00:00+00:00,2019-08-06T01:00:00+00:00,long,1473.958,1463.2957,1462.738,10.20003637,-111.815859,-0.977032,-0.977032,3,stop,11332.624952
2019-08-07T00:00:00+00:00,2019-08-07T14:00:00+00:00,long,1476.735,1497.4026,1467.8038,12.68880436,258.440492,2.2805,2.2805,15,stop,11591.065444
2019-08-08T19:00:00+00:00,2019-08-09T12:00:00+00:00,long,1506.955,1496.8813,1495.7026,10.30097174,-106.859191,-0.92191,-0.92191,17,stop,11484.206253
2019-08-12T12:00:00+00:00,2019-08-13T12:00:00+00:00,long,1506.548,1522.9241,1497.5581,12.77456507,205.365186,1.78824,1.78824,24,stop,11689.571439
2019-08-14T12:00:00+00:00,2019-08-14T17:00:00+00:00,long,1515.565,1512.3262,1504.211,10.2955535,-36.433905,-0.311679,-0.311679,6,stop,11653.137534
2019-08-20T10:00:00+00:00,2019-08-21T03:00:00+00:00,long,1504.258,1502.3279,1497.7386,17.87455523,-39.862046,-0.342071,-0.342071,17,stop,11613.275488
2019-08-23T14:00:00+00:00,2019-08-26T06:00:00+00:00,long,1505.148,1536.5585,1500.6438,25.78321453,802.128696,6.906998,6.906998,16,stop,12415.404184
2019-08-27T15:00:00+00:00,2019-08-28T02:00:00+00:00,long,1538.108,1536.7476,1532.6855,22.89608886,-38.016666,-0.306206,-0.306206,11,stop,12377.387518
2019-08-28T12:00:00+00:00,2019-08-28T13:00:00+00:00,long,1545.368,1537.2759,1537.2759,15.2956433,-128.362568,-1.037073,-1.037073,2,stop,12249.02495
2019-08-29T07:00:00+00:00,2019-08-29T07:00:00+00:00,long,1549.225,1542.0118,1542.0118,16.98140208,-127.58467,-1.04159,-1.04159,1,stop,12121.44028
2019-09-03T09:00:00+00:00,2019-09-04T01:00:00+00:00,long,1532.198,1541.9629,1526.3887,20.86557809,197.49061,1.629267,1.629267,16,stop,12318.93089
2019-09-04T18:00:00+00:00,2019-09-05T00:00:00+00:00,long,1555.515,1547.5399,1547.5399,15.4467416,-127.823331,-1.037617,-1.037617,6,stop,12191.107558
2019-09-06T14:00:00+00:00,2019-09-06T16:00:00+00:00,long,1524.398,1515.1871,1515.1871,13.23552265,-125.881732,-1.03257,-1.03257,3,stop,12065.225826
2019-09-12T07:00:00+00:00,2019-09-12T14:00:00+00:00,long,1500.975,1507.5364,1494.3331,18.16532291,113.740353,0.942712,0.942712,8,stop,12178.966179
2019-09-18T15:00:00+00:00,2019-09-18T18:00:00+00:00,long,1506.998,1504.1164,1503.0514,30.85938828,-98.18223,-0.806162,-0.806162,4,stop,12080.783949
2019-09-20T06:00:00+00:00,2019-09-20T11:00:00+00:00,long,1505.625,1500.0431,1500.0431,21.64278104,-127.300674,-1.053745,-1.053745,6,stop,11953.483275
2019-09-20T18:00:00+00:00,2019-09-24T13:00:00+00:00,long,1510.028,1518.8699,1504.7399,22.60449552,193.08534,1.615306,1.615306,42,stop,12146.568615
2019-09-24T16:00:00+00:00,2019-09-24T18:00:00+00:00,long,1527.198,1527.3262,1521.5262,21.41572096,-3.679221,-0.03029,-0.03029,3,stop,12142.889395
2019-10-03T15:00:00+00:00,2019-10-03T15:00:00+00:00,long,1513.735,1506.779,1506.779,17.45671276,-126.665908,-1.043128,-1.043128,1,stop,12016.223487
2019-10-09T23:00:00+00:00,2019-10-10T00:00:00+00:00,long,1515.248,1507.9525,1507.9525,16.47073331,-125.103455,-1.041121,-1.041121,2,stop,11891.120032
2019-12-23T07:00:00+00:00,2019-12-23T12:00:00+00:00,long,1483.408,1481.6853,1480.5651,40.08040954,-81.070644,-0.711492,-0.681775,6,stop,11810.049388
2019-12-24T02:00:00+00:00,2019-12-26T16:00:00+00:00,long,1487.528,1507.7186,1484.1124,34.57679291,687.753157,5.823457,5.823457,35,stop,12497.802545
2019-12-27T03:00:00+00:00,2019-12-27T06:00:00+00:00,long,1513.475,1508.6896,1508.6896,26.1165264,-132.812983,-1.062691,-1.062691,4,stop,12364.989561
2019-12-31T02:00:00+00:00,2019-12-31T12:00:00+00:00,long,1521.225,1520.8068,1517.9956,38.2888139,-27.499026,-0.222394,-0.222394,11,stop,12337.490535
2020-01-02T14:00:00+00:00,2020-01-02T17:00:00+00:00,long,1528.008,1524.0163,1523.7923,29.26557994,-125.599089,-1.018028,-1.018028,4,stop,12211.891446
2020-01-03T02:00:00+00:00,2020-01-03T13:00:00+00:00,long,1534.928,1542.4252,1530.0043,24.80226546,178.506865,1.461746,1.461746,12,stop,12390.398311
2020-01-06T00:00:00+00:00,2020-01-06T15:00:00+00:00,long,1569.145,1567.7977,1561.0939,15.3896962,-25.351447,-0.204606,-0.204606,16,stop,12365.046864
2020-01-07T18:00:00+00:00,2020-01-08T02:00:00+00:00,long,1571.835,1587.0483,1563.5213,14.87309725,221.806961,1.793822,1.793822,8,stop,12586.853826
2020-01-10T16:00:00+00:00,2020-01-13T01:00:00+00:00,long,1558.615,1555.3541,1551.9394,18.85501502,-67.140823,-0.53342,-0.53342,9,stop,12519.713003
2020-01-15T00:00:00+00:00,2020-01-15T13:00:00+00:00,long,1549.475,1547.4089,1543.3913,20.57910976,-48.692232,-0.388925,-0.388925,14,stop,12471.020771
2020-01-17T13:00:00+00:00,2020-01-17T15:00:00+00:00,long,1558.928,1554.135,1554.135,26.01923799,-132.515979,-1.062591,-1.062591,3,stop,12338.504792
2020-01-20T06:00:00+00:00,2020-01-21T07:00:00+00:00,long,1561.755,1562.999,1556.7794,24.79802394,23.409335,0.189726,0.189726,21,stop,12361.914126
2020-01-23T00:00:00+00:00,2020-01-23T02:00:00+00:00,long,1561.365,1556.7888,1556.545,25.64712474,-125.06051,-1.01166,-1.01166,3,stop,12236.853617
2020-01-23T18:00:00+00:00,2020-01-23T19:00:00+00:00,long,1567.208,1560.3944,1560.3944,17.95945406,-127.756372,-1.04403,-1.04403,2,stop,12109.097244
2020-01-24T16:00:00+00:00,2020-01-28T07:00:00+00:00,long,1569.978,1577.065,1564.4517,21.91176238,148.715131,1.228127,1.228127,38,donch_exit,12257.812376
2020-01-29T20:00:00+00:00,2020-01-30T14:00:00+00:00,long,1576.578,1575.4415,1571.3174,23.30116788,-33.472128,-0.273068,-0.273068,18,stop,12224.340248
2020-01-30T16:00:00+00:00,2020-01-30T19:00:00+00:00,long,1583.575,1577.793,1577.2869,19.4404355,-118.236729,-0.967224,-0.967224,4,stop,12106.103519
2020-01-31T16:00:00+00:00,2020-01-31T17:00:00+00:00,long,1588.168,1581.9486,1581.9486,19.4650666,-126.900555,-1.048236,-1.048236,2,stop,11979.202964
2020-02-06T10:00:00+00:00,2020-02-07T06:00:00+00:00,long,1562.115,1564.128,1556.4477,21.13740752,36.208379,0.30226,0.30226,20,donch_exit,12015.411343
2020-02-07T11:00:00+00:00,2020-02-07T13:00:00+00:00,long,1569.078,1563.5942,1563.5896,21.89237545,-126.621121,-1.053823,-1.053823,3,stop,11888.790222
2020-02-07T15:00:00+00:00,2020-02-07T15:00:00+00:00,long,1572.768,1567.1289,1567.1289,21.08277956,-125.212736,-1.0532,-1.0532,1,stop,11763.577486
2020-02-10T00:00:00+00:00,2020-02-11T00:00:00+00:00,long,1574.745,1570.8452,1567.6166,16.50240936,-69.306819,-0.589164,-0.589164,24,stop,11694.270667
2020-02-12T17:00:00+00:00,2020-02-14T03:00:00+00:00,long,1569.488,1574.205,1564.7991,24.94032858,110.161431,0.942012,0.942012,33,donch_exit,11804.432098
2020-02-14T14:00:00+00:00,2020-02-17T07:00:00+00:00,long,1580.068,1580.088,1576.6044,34.08139536,-9.542791,-0.080841,-0.080841,17,donch_exit,11794.889308
2020-02-18T01:00:00+00:00,2020-02-19T13:00:00+00:00,long,1586.328,1603.6992,1583.0807,36.32214242,620.062558,5.257044,5.257044,36,stop,12414.951865
2020-02-19T21:00:00+00:00,2020-02-20T01:00:00+00:00,long,1612.848,1607.0485,1607.0485,21.40693485,-130.571599,-1.051729,-1.051729,4,stop,12284.380266
2020-02-20T12:00:00+00:00,2020-02-24T15:00:00+00:00,long,1617.488,1671.3629,1611.0805,19.17187712,1027.1314,8.36128,8.36128,50,stop,13311.511666
2020-02-27T13:00:00+00:00,2020-02-27T17:00:00+00:00,long,1653.508,1641.9982,1641.9982,11.56537183,-136.584728,-1.026065,-1.026065,5,stop,13174.926938
2020-03-03T12:00:00+00:00,2020-03-03T19:00:00+00:00,long,1602.938,1630.6648,1590.7424,10.80301661,296.292176,2.248909,2.248909,8,stop,13471.219114
2020-03-05T13:00:00+00:00,2020-03-06T07:00:00+00:00,long,1652.455,1668.4945,1643.5185,15.07437936,237.263194,1.76126,1.76126,18,stop,13708.482308
2020-03-06T10:00:00+00:00,2020-03-06T13:00:00+00:00,long,1684.328,1675.0891,1671.7988,10.94122714,-104.367272,-0.761334,-0.761334,4,stop,13604.115036
2020-03-08T22:00:00+00:00,2020-03-09T03:00:00+00:00,long,1697.995,1674.0833,1674.0833,5.6893132,-137.747944,-1.012546,-1.012546,6,stop,13466.367092
2020-03-26T12:00:00+00:00,2020-03-26T18:00:00+00:00,long,1628.538,1618.5534,1611.2348,7.78258767,-80.040801,-0.594376,-0.594376,7,stop,13386.326291
2020-04-03T19:00:00+00:00,2020-04-05T22:00:00+00:00,long,1623.308,1609.4972,1609.4972,9.69265089,-136.771058,-1.021722,-1.021722,3,stop,13249.555232
2020-04-06T08:00:00+00:00,2020-04-07T07:00:00+00:00,long,1631.028,1652.4631,1615.7012,8.64469767,182.70655,1.378964,1.378964,23,stop,13432.261782
2020-04-09T08:00:00+00:00,2020-04-09T14:00:00+00:00,long,1658.328,1671.3885,1648.066,13.08932156,167.026288,1.243471,1.243471,7,stop,13599.28807
2020-04-13T15:00:00+00:00,2020-04-14T19:00:00+00:00,long,1699.448,1721.5267,1685.6089,9.82671422,214.013061,1.573708,1.573708,28,stop,13813.301131
2020-04-16T11:00:00+00:00,2020-04-16T12:00:00+00:00,long,1731.738,1724.2246,1719.2153,11.03060932,-86.186563,-0.623939,-0.623939,2,stop,13727.114568
2020-04-20T16:00:00+00:00,2020-04-20T18:00:00+00:00,long,1698.738,1685.4596,1685.4596,10.33792819,-140.372524,-1.022593,-1.022593,3,stop,13586.742044
2020-04-22T08:00:00+00:00,2020-04-23T17:00:00+00:00,long,1692.608,1721.8864,1674.9485,7.69372975,222.951978,1.640952,1.640952,33,stop,13809.694022
2020-04-29T20:00:00+00:00,2020-04-30T12:00:00+00:00,long,1715.018,1705.7181,1704.4512,13.06894615,-125.460576,-0.908496,-0.908496,16,stop,13684.233446
2020-05-01T16:00:00+00:00,2020-05-05T07:00:00+00:00,long,1695.508,1695.1207,1681.7658,9.95781858,-6.844009,-0.050014,-0.050014,38,stop,13677.389437
2020-05-05T20:00:00+00:00,2020-05-06T10:00:00+00:00,long,1710.193,1699.7187,1699.7187,13.0580463,-140.691308,-1.028642,-1.028642,14,stop,13536.698129
2020-05-07T13:00:00+00:00,2020-05-08T12:00:00+00:00,long,1698.078,1710.5272,1689.1499,15.16190245,184.204985,1.360782,1.360782,23,stop,13720.903114
2020-05-12T14:00:00+00:00,2020-05-12T19:00:00+00:00,long,1708.518,1701.2802,1700.9547,18.14142387,-136.746425,-0.996628,-0.996628,6,stop,13584.156689
2020-05-13T13:00:00+00:00,2020-05-13T13:00:00+00:00,long,1712.078,1704.6593,1704.6593,18.31069687,-141.334776,-1.040438,-1.040438,1,stop,13442.821913
2020-05-14T00:00:00+00:00,2020-05-17T22:00:00+00:00,long,1718.315,1738.349,1709.1603,14.68406601,289.775359,2.155614,2.155614,45,stop,13732.597272
2020-05-18T00:00:00+00:00,2020-05-18T12:00:00+00:00,long,1758.078,1751.9994,1745.9324,11.30664378,-72.120558,-0.525178,-0.525178,13,stop,13660.476714
2020-05-19T15:00:00+00:00,2020-05-20T12:00:00+00:00,long,1743.765,1744.0259,1734.1729,14.24138271,-0.556838,-0.004076,-0.004076,21,stop,13659.919876
2020-05-26T03:00:00+00:00,2020-05-26T07:00:00+00:00,long,1733.925,1727.462,1726.8624,19.34120561,-130.804574,-0.957579,-0.957579,5,stop,13529.115302
2020-05-28T05:00:00+00:00,2020-05-28T17:00:00+00:00,long,1715.938,1715.2489,1705.6873,13.19823554,-13.054375,-0.096491,-0.096491,13,stop,13516.060928
2020-05-29T11:00:00+00:00,2020-06-01T10:00:00+00:00,long,1727.628,1733.7243,1718.4693,14.75761945,85.53959,0.632874,0.632874,23,stop,13601.600517
2020-06-02T14:00:00+00:00,2020-06-02T15:00:00+00:00,long,1744.485,1737.1458,1737.1458,18.53281082,-141.575848,-1.040876,-1.040876,2,stop,13460.024669
2020-06-04T11:00:00+00:00,2020-06-04T13:00:00+00:00,long,1712.358,1707.5294,1702.6351,13.8436317,-70.99845,-0.527476,-0.527476,3,stop,13389.026219
2020-06-04T18:00:00+00:00,2020-06-05T03:00:00+00:00,long,1718.848,1707.3058,1707.3058,11.6000643,-137.370281,-1.025992,-1.025992,9,stop,13251.655938
2020-06-10T12:00:00+00:00,2020-06-10T15:00:00+00:00,long,1723.605,1716.4184,1716.4184,18.43939546,-138.048378,-1.041744,-1.041744,4,stop,13113.60756
2020-06-10T19:00:00+00:00,2020-06-11T05:00:00+00:00,long,1727.855,1727.3875,1719.6555,15.99317954,-12.274765,-0.093603,-0.093603,10,stop,13101.332794
2020-06-11T15:00:00+00:00,2020-06-11T16:00:00+00:00,long,1743.445,1730.7501,1730.7501,10.32015439,-134.109374,-1.023632,-1.023632,2,stop,12967.22342
2020-06-12T14:00:00+00:00,2020-06-12T15:00:00+00:00,long,1741.105,1731.017,1731.017,12.85410728,-133.528466,-1.029738,-1.029738,2,stop,12833.694954
2020-06-16T02:00:00+00:00,2020-06-16T12:00:00+00:00,long,1729.278,1720.8669,1717.8152,11.19595121,-97.529051,-0.759945,-0.759945,11,stop,12736.165903
2020-06-18T09:00:00+00:00,2020-06-18T09:00:00+00:00,long,1732.858,1725.3337,1725.3337,16.92671199,-132.439673,-1.039871,-1.039871,1,stop,12603.726231
2020-06-19T12:00:00+00:00,2020-06-22T07:00:00+00:00,long,1733.755,1748.5686,1727.6355,20.59600659,298.922201,2.371697,2.371697,19,stop,12902.648432
2020-06-22T14:00:00+00:00,2020-06-23T02:00:00+00:00,long,1759.418,1749.2123,1749.2123,12.64259035,-132.819261,-1.029395,-1.029395,12,stop,12769.82917
2020-06-23T14:00:00+00:00,2020-06-24T12:00:00+00:00,long,1765.188,1770.3881,1756.3445,14.439791,70.75642,0.554091,0.554091,22,stop,12840.58559
2020-06-26T20:00:00+00:00,2020-06-30T11:00:00+00:00,long,1771.068,1767.1147,1762.1626,14.41887573,-61.327804,-0.477609,-0.477609,38,stop,12779.257786
2020-06-30T15:00:00+00:00,2020-07-01T11:00:00+00:00,long,1780.998,1779.4621,1775.2073,22.06858892,-40.515722,-0.317043,-0.317043,20,stop,12738.742064
2020-07-02T15:00:00+00:00,2020-07-06T01:00:00+00:00,long,1775.438,1772.658,1767.0712,15.22534549,-46.894064,-0.368122,-0.368122,29,donch_exit,12691.848
2020-07-06T12:00:00+00:00,2020-07-07T07:00:00+00:00,long,1779.228,1780.595,1773.8016,23.38907563,24.956144,0.196631,0.196631,19,donch_exit,12716.804143
2020-07-07T15:00:00+00:00,2020-07-09T10:00:00+00:00,long,1793.818,1806.5996,1787.0804,18.87438278,235.582496,1.852529,1.852529,42,stop,12952.386639
2020-07-14T18:00:00+00:00,2020-07-15T04:00:00+00:00,long,1809.568,1805.708,1800.958,15.04342235,-62.580637,-0.483159,-0.483159,10,donch_exit,12889.806003
2020-07-15T08:00:00+00:00,2020-07-15T11:00:00+00:00,long,1811.635,1805.1054,1803.5119,15.86808731,-108.372689,-0.840763,-0.840763,4,stop,12781.433313
2020-07-17T16:00:00+00:00,2020-07-20T01:00:00+00:00,long,1810.265,1805.585,1805.4193,26.37685642,-131.356745,-1.027715,-1.027715,9,stop,12650.076568
2020-07-20T09:00:00+00:00,2020-07-22T08:00:00+00:00,long,1811.915,1850.5718,1806.4666,23.21796595,890.566876,7.040012,7.040012,46,stop,13540.643445
2020-07-22T22:00:00+00:00,2020-07-23T13:00:00+00:00,long,1871.758,1870.9605,1857.5675,9.54204816,-10.472398,-0.07734,-0.07734,16,stop,13530.171047
2020-07-23T16:00:00+00:00,2020-07-23T18:00:00+00:00,long,1896.578,1884.6781,1884.6781,11.36998718,-138.712707,-1.02521,-1.02521,3,stop,13391.45834
2020-07-24T14:00:00+00:00,2020-07-27T12:00:00+00:00,long,1901.945,1932.3813,1889.8868,11.10568604,334.684286,2.499237,2.499237,22,stop,13726.142627
2020-07-27T23:00:00+00:00,2020-07-28T03:00:00+00:00,long,1948.488,1954.3614,1932.911,8.81180113,49.111692,0.357797,0.357797,5,stop,13775.254319
2020-07-29T19:00:00+00:00,2020-07-29T19:00:00+00:00,long,1967.018,1953.1548,1953.1548,9.93656177,-140.733512,-1.02164,-1.02164,1,stop,13634.520807
2020-07-31T02:00:00+00:00,2020-07-31T13:00:00+00:00,long,1965.015,1963.1717,1950.4062,9.33308746,-20.003606,-0.146713,-0.146713,12,stop,13614.517201
2020-08-04T15:00:00+00:00,2020-08-05T00:00:00+00:00,long,1991.645,2016.6861,1982.915,15.59509416,385.839784,2.834032,2.834032,9,stop,14000.356985
2020-08-05T07:00:00+00:00,2020-08-06T15:00:00+00:00,long,2033.425,2052.8297,2016.655,8.34845378,159.494705,1.139219,1.139219,32,stop,14159.85169
2020-08-06T23:00:00+00:00,2020-08-07T03:00:00+00:00,long,2070.148,2054.601,2054.601,9.10777107,-144.330848,-1.019296,-1.019296,5,stop,14015.520842
2020-08-10T14:00:00+00:00,2020-08-10T15:00:00+00:00,long,2047.385,2033.1025,2033.1025,9.81307253,-143.09913,-1.021005,-1.021005,2,stop,13872.421712
2020-08-13T17:00:00+00:00,2020-08-13T18:00:00+00:00,long,1953.655,1937.709,1932.2135,6.4698933,-105.109886,-0.75769,-0.75769,2,stop,13767.311825
2020-08-17T13:00:00+00:00,2020-08-18T14:00:00+00:00,long,1958.028,2000.0609,1943.9636,9.78876584,408.513586,2.967272,2.967272,25,stop,14175.825411
2020-08-26T14:00:00+00:00,2020-08-27T06:00:00+00:00,long,1935.098,1938.048,1923.2224,11.93693406,31.632875,0.223147,0.223147,16,stop,14207.458286
2020-08-28T12:00:00+00:00,2020-08-31T07:00:00+00:00,long,1962.135,1956.5749,1944.227,7.9335818,-46.491583,-0.327234,-0.327234,19,stop,14160.966703
2020-09-01T02:00:00+00:00,2020-09-01T13:00:00+00:00,long,1976.328,1979.6548,1964.6447,12.12069082,36.686907,0.259071,0.259071,12,stop,14197.65361
2020-09-08T17:00:00+00:00,2020-09-09T01:00:00+00:00,long,1938.768,1925.5457,1925.5354,10.72930007,-145.084814,-1.021893,-1.021893,8,stop,14052.568796
2020-09-09T14:00:00+00:00,2020-09-10T16:00:00+00:00,long,1947.265,1952.8562,1935.0975,11.5492655,61.109474,0.434863,0.434863,26,stop,14113.67827
2020-09-14T13:00:00+00:00,2020-09-15T13:00:00+00:00,long,1955.945,1963.0716,1947.3333,16.3889572,111.880855,0.792712,0.792712,24,stop,14225.559125
2020-09-18T01:00:00+00:00,2020-09-18T13:00:00+00:00,long,1950.905,1945.9981,1939.2488,12.20428538,-63.546494,-0.446706,-0.446706,13,stop,14162.012631
2020-09-18T17:00:00+00:00,2020-09-18T18:00:00+00:00,long,1958.728,1950.2237,1950.2237,16.65276699,-146.615956,-1.035276,-1.035276,2,stop,14015.396675
2020-11-06T12:00:00+00:00,2020-11-06T14:00:00+00:00,long,1955.525,1946.5997,1943.081,11.26277457,-103.902474,-0.741345,-0.741345,3,stop,13911.494201
2020-11-09T04:00:00+00:00,2020-11-09T11:00:00+00:00,long,1960.698,1949.732,1947.639,10.65280205,-120.014468,-0.8627,-0.8627,8,stop,13791.479733
2020-12-21T02:00:00+00:00,2020-12-21T08:00:00+00:00,long,1896.578,1892.6533,1887.372,14.98096864,-63.290098,-0.458907,-0.458907,7,stop,13728.189635
2020-12-28T00:00:00+00:00,2020-12-28T05:00:00+00:00,long,1888.088,1889.0709,1880.4768,18.03682683,12.317349,0.089723,0.089723,6,stop,13740.506984
2020-12-30T15:00:00+00:00,2020-12-31T03:00:00+00:00,long,1887.255,1889.2122,1881.0935,22.30058749,36.956534,0.26896,0.26896,12,stop,13777.463517
2020-12-31T21:00:00+00:00,2021-01-04T15:00:00+00:00,long,1900.538,1929.4403,1890.5005,13.72599105,392.594914,2.849544,2.849544,18,stop,14170.058431
2021-01-05T10:00:00+00:00,2021-01-05T15:00:00+00:00,long,1945.528,1939.588,1933.7917,12.07370162,-75.339898,-0.531684,-0.531684,6,stop,14094.718533
2021-01-06T10:00:00+00:00,2021-01-06T11:00:00+00:00,long,1957.665,1945.6086,1945.6086,11.69065271,-144.454381,-1.024883,-1.024883,2,stop,13950.264152
2021-01-21T04:00:00+00:00,2021-01-21T13:00:00+00:00,long,1872.215,1861.9925,1859.8654,11.29612631,-118.863489,-0.852052,-0.852052,10,stop,13831.400663
2021-04-16T10:00:00+00:00,2021-04-16T13:00:00+00:00,long,1770.978,1773.6857,1762.8067,16.9268056,40.75467,0.294653,0.294653,4,stop,13872.155332
2021-04-19T08:00:00+00:00,2021-04-19T11:00:00+00:00,long,1786.905,1779.133,1777.5617,14.84716892,-119.846347,-0.863935,-0.863935,4,stop,13752.308985
2021-04-20T16:00:00+00:00,2021-04-21T08:00:00+00:00,long,1778.638,1779.9896,1769.5114,15.06838142,15.84591,0.115224,0.115224,16,stop,13768.154895
2021-04-21T14:00:00+00:00,2021-04-22T06:00:00+00:00,long,1795.718,1788.5587,1788.5587,19.23114675,-143.450893,-1.041904,-1.041904,16,stop,13624.704002
2021-04-23T12:00:00+00:00,2021-04-23T13:00:00+00:00,long,1791.028,1786.5465,1784.1266,19.74194222,-94.396097,-0.69283,-0.69283,2,stop,13530.307905
2021-04-28T19:00:00+00:00,2021-04-29T06:00:00+00:00,long,1781.518,1780.8217,1774.2969,18.73718395,-18.667856,-0.137971,-0.137971,11,stop,13511.640049
2021-05-03T04:00:00+00:00,2021-05-04T01:00:00+00:00,long,1774.748,1790.068,1766.9854,17.40607535,261.439252,1.934919,1.934919,21,donch_exit,13773.079301
2021-05-04T14:00:00+00:00,2021-05-04T15:00:00+00:00,long,1794.808,1788.7295,1788.7295,22.65868109,-144.528397,-1.049354,-1.049354,2,stop,13628.550903
2021-05-05T20:00:00+00:00,2021-05-07T13:00:00+00:00,long,1785.918,1830.7302,1778.6021,18.62867303,829.20322,6.08431,6.08431,40,stop,14457.754123
2021-05-10T13:00:00+00:00,2021-05-10T18:00:00+00:00,long,1842.155,1834.4358,1834.4358,18.72960167,-150.196422,-1.038864,-1.038864,6,stop,14307.557701
2021-05-12T13:00:00+00:00,2021-05-12T13:00:00+00:00,long,1839.808,1833.4681,1833.4681,22.56748167,-149.845822,-1.047319,-1.047319,1,stop,14157.71188
2021-05-14T07:00:00+00:00,2021-05-17T12:00:00+00:00,long,1834.655,1845.1698,1826.4449,17.24426241,176.146692,1.244175,1.244175,29,stop,14333.858571
2021-05-17T15:00:00+00:00,2021-05-18T13:00:00+00:00,long,1864.478,1864.716,1856.329,17.58971478,-1.090562,-0.007608,-0.007608,22,stop,14332.768009
2021-05-19T14:00:00+00:00,2021-05-19T14:00:00+00:00,long,1888.835,1879.5526,1879.5526,15.4407998,-147.95992,-1.032319,-1.032319,1,stop,14184.808089
2021-05-20T17:00:00+00:00,2021-05-21T01:00:00+00:00,long,1882.498,1872.152,1872.152,13.7104273,-145.961209,-1.028997,-1.028997,8,stop,14038.84688
2021-05-21T13:00:00+00:00,2021-05-21T13:00:00+00:00,long,1886.944,1880.182,1880.182,20.76138255,-146.616884,-1.044366,-1.044366,1,stop,13892.229996
2021-05-25T15:00:00+00:00,2021-05-26T13:00:00+00:00,long,1890.468,1901.0698,1882.5404,17.5238786,180.527493,1.299485,1.299485,22,stop,14072.757489
2021-05-28T18:00:00+00:00,2021-06-01T08:00:00+00:00,long,1902.178,1908.0374,1894.1398,17.50734927,97.330358,0.691623,0.691623,18,stop,14170.087846
2021-06-02T13:00:00+00:00,2021-06-03T04:00:00+00:00,long,1904.548,1903.588,1897.93,21.41143525,-26.978408,-0.19039,-0.19039,15,donch_exit,14143.109438
2021-06-04T13:00:00+00:00,2021-06-07T01:00:00+00:00,long,1884.508,1887.038,1876.2638,17.1552236,38.256149,0.270493,0.270493,12,donch_exit,14181.365587
2021-06-07T16:00:00+00:00,2021-06-08T04:00:00+00:00,long,1894.025,1895.4231,1887.9125,23.2005981,25.476577,0.179648,0.179648,12,stop,14206.842163
2021-06-10T19:00:00+00:00,2021-06-11T08:00:00+00:00,long,1895.908,1895.028,1886.0192,14.36659874,-16.952587,-0.119327,-0.119327,13,donch_exit,14189.889577
2021-06-16T18:00:00+00:00,2021-06-16T18:00:00+00:00,long,1861.698,1854.769,1854.769,20.47898626,-148.042592,-1.043296,-1.043296,1,stop,14041.846985
2021-08-24T13:00:00+00:00,2021-08-24T13:00:00+00:00,long,1807.738,1803.0553,1803.0553,29.98664656,-149.414464,-1.064066,-1.064066,1,stop,13892.432521
2021-08-27T05:00:00+00:00,2021-08-27T08:00:00+00:00,long,1799.809,1795.8313,1792.4229,18.80888767,-80.458779,-0.579155,-0.579155,4,stop,13811.973743
2021-08-27T15:00:00+00:00,2021-08-30T13:00:00+00:00,long,1807.598,1812.169,1800.7827,20.26612731,86.55663,0.626678,0.626678,22,donch_exit,13898.530372
2021-09-01T13:00:00+00:00,2021-09-01T13:00:00+00:00,long,1819.318,1813.424,1813.424,23.58081163,-146.059547,-1.050899,-1.050899,1,stop,13752.470825
2021-09-03T13:00:00+00:00,2021-09-03T13:00:00+00:00,long,1823.398,1819.2567,1819.2567,33.2081009,-147.487139,-1.072441,-1.072441,1,stop,13604.983687
2021-09-03T15:00:00+00:00,2021-09-06T08:00:00+00:00,long,1830.227,1824.5256,1824.5256,23.86253146,-143.208596,-1.052619,-1.052619,17,stop,13461.77509
2021-10-14T11:00:00+00:00,2021-10-15T05:00:00+00:00,long,1799.854,1792.6109,1790.4958,14.38500469,-108.507529,-0.806042,-0.806042,18,stop,13353.267561
2021-10-22T07:00:00+00:00,2021-10-22T15:00:00+00:00,long,1793.027,1804.1578,1785.9058,18.75142892,203.092976,1.520923,1.520923,9,stop,13556.360538
2021-10-25T14:00:00+00:00,2021-10-26T07:00:00+00:00,long,1807.704,1801.1084,1799.1294,15.8099043,-109.018776,-0.804189,-0.804189,17,stop,13447.341762
2021-10-28T03:00:00+00:00,2021-10-28T14:00:00+00:00,long,1799.482,1795.3034,1790.912,15.69118059,-70.274521,-0.52259,-0.52259,12,stop,13377.06724
2021-11-01T12:00:00+00:00,2021-11-02T10:00:00+00:00,long,1789.174,1789.2898,1782.7574,20.84759412,-3.840127,-0.028707,-0.028707,22,stop,13373.227113
2021-11-05T15:00:00+00:00,2021-11-09T07:00:00+00:00,long,1809.834,1819.993,1801.6907,16.42236822,161.908128,1.210689,1.210689,37,donch_exit,13535.135242
2021-11-09T14:00:00+00:00,2021-11-09T15:00:00+00:00,long,1829.813,1823.4887,1823.4887,21.40179188,-141.77189,-1.047436,-1.047436,2,stop,13393.363352
2021-11-09T18:00:00+00:00,2021-11-10T05:00:00+00:00,long,1830.773,1825.658,1823.0657,17.3775036,-94.099182,-0.702581,-0.702581,11,donch_exit,13299.26417
2021-11-10T14:00:00+00:00,2021-11-10T15:00:00+00:00,long,1849.598,1851.7367,1843.6372,22.31120683,41.023616,0.308465,0.308465,2,stop,13340.287786
2021-11-12T19:00:00+00:00,2021-11-15T01:00:00+00:00,long,1867.814,1859.3882,1859.3882,15.83266608,-138.152678,-1.035605,-1.035605,6,stop,13202.135108
2021-11-16T09:00:00+00:00,2021-11-16T13:00:00+00:00,long,1871.968,1866.8482,1864.9684,18.8612708,-102.224315,-0.774301,-0.774301,5,stop,13099.910793
2021-11-17T15:00:00+00:00,2021-11-18T06:00:00+00:00,long,1865.874,1862.6622,1859.3296,20.01697756,-70.295622,-0.536611,-0.536611,15,stop,13029.615171
2021-12-17T02:00:00+00:00,2021-12-17T13:00:00+00:00,long,1802.155,1805.7774,1795.8683,20.72568306,68.859009,0.528481,0.528481,12,stop,13098.47418
2021-12-23T02:00:00+00:00,2021-12-23T14:00:00+00:00,long,1807.008,1802.4067,1801.3986,23.35093625,-114.449944,-0.873765,-0.873765,13,stop,12984.024236
2021-12-27T02:00:00+00:00,2021-12-27T09:00:00+00:00,long,1810.694,1805.2449,1805.2449,23.82783255,-136.988592,-1.055055,-1.055055,8,stop,12847.035644
2021-12-27T16:00:00+00:00,2021-12-27T17:00:00+00:00,long,1812.655,1807.8456,1807.8456,26.71234591,-136.48406,-1.062378,-1.062378,2,stop,12710.551584
2021-12-28T07:00:00+00:00,2021-12-28T14:00:00+00:00,long,1814.894,1812.9812,1809.7576,24.74603143,-54.758018,-0.430808,-0.430808,8,stop,12655.793566
2021-12-30T15:00:00+00:00,2022-01-03T05:00:00+00:00,long,1805.805,1823.9679,1800.7634,25.1027324,448.407599,3.543101,3.543101,37,stop,13104.201164
2022-01-05T10:00:00+00:00,2022-01-05T19:00:00+00:00,long,1817.638,1819.6262,1810.9186,19.50204061,32.923345,0.251243,0.251243,10,stop,13137.124509
2022-01-12T18:00:00+00:00,2022-01-13T08:00:00+00:00,long,1826.018,1821.4544,1819.7605,20.99420617,-102.107421,-0.777243,-0.777243,14,stop,13035.017088
2022-01-14T06:00:00+00:00,2022-01-14T11:00:00+00:00,long,1827.628,1820.7281,1820.7281,18.8916029,-136.017652,-1.043479,-1.043479,6,stop,12898.999436
2022-01-19T14:00:00+00:00,2022-01-20T16:00:00+00:00,long,1823.908,1840.1904,1817.9038,21.48329409,343.354599,2.66187,2.66187,26,stop,13242.354036
2022-01-25T15:00:00+00:00,2022-01-25T15:00:00+00:00,long,1850.218,1844.0495,1844.0495,21.46770533,-138.863852,-1.048634,-1.048634,1,stop,13103.490184
2022-02-04T10:00:00+00:00,2022-02-04T13:00:00+00:00,long,1810.905,1805.8566,1803.2963,17.22172011,-92.108648,-0.702932,-0.702932,4,stop,13011.381536
2022-02-07T17:00:00+00:00,2022-02-08T07:00:00+00:00,long,1817.264,1816.2255,1811.109,21.13953133,-28.295263,-0.217465,-0.217465,14,stop,12983.086273
2022-02-08T14:00:00+00:00,2022-02-09T14:00:00+00:00,long,1823.924,1824.6144,1819.1798,27.36622881,10.683776,0.08229,0.08229,24,stop,12993.770049
2022-02-09T18:00:00+00:00,2022-02-10T13:00:00+00:00,long,1834.018,1829.7941,1829.1938,26.9345592,-121.849252,-0.937751,-0.937751,19,stop,12871.920797
2022-02-10T17:00:00+00:00,2022-02-10T17:00:00+00:00,long,1841.508,1835.1864,1835.1864,20.3618084,-134.82775,-1.047456,-1.047456,1,stop,12737.093046
2022-02-11T18:00:00+00:00,2022-02-14T07:00:00+00:00,long,1840.498,1850.7576,1833.5852,18.42537473,183.509362,1.440748,1.440748,13,stop,12920.602408
2022-02-14T15:00:00+00:00,2022-02-15T08:00:00+00:00,long,1866.378,1869.2112,1854.6082,10.97775868,27.808858,0.215229,0.215229,17,stop,12948.411267
2022-02-16T10:00:00+00:00,2022-02-18T01:00:00+00:00,long,1858.418,1888.4581,1850.5818,16.5238397,491.420645,3.79522,3.79522,38,stop,13439.831912
2022-02-21T00:00:00+00:00,2022-02-21T00:00:00+00:00,long,1904.758,1896.8007,1896.8007,16.88993994,-139.465301,-1.037701,-1.037701,1,stop,13300.366611
2022-02-22T00:00:00+00:00,2022-02-22T08:00:00+00:00,long,1909.418,1901.3274,1899.2867,13.12799602,-110.151763,-0.828186,-0.828186,9,stop,13190.214847
2022-02-23T15:00:00+00:00,2022-02-24T12:00:00+00:00,long,1906.168,1958.592,1899.0512,18.5339125,966.061655,7.324078,7.324078,21,stop,14156.276502
2022-03-01T11:00:00+00:00,2022-03-01T12:00:00+00:00,long,1925.098,1913.2975,1913.2975,11.99633617,-145.161666,-1.025423,-1.025423,2,stop,14011.114836
2022-03-01T17:00:00+00:00,2022-03-02T01:00:00+00:00,long,1931.408,1932.0499,1919.465,11.73165439,4.011053,0.028628,0.028628,8,stop,14015.125889
2022-03-04T01:00:00+00:00,2022-03-04T01:00:00+00:00,long,1947.158,1935.6588,1935.6588,12.18791385,-143.807633,-1.026089,-1.026089,1,stop,13871.318256
2022-03-04T15:00:00+00:00,2022-03-07T06:00:00+00:00,long,1952.138,1982.0674,1939.8573,11.29521791,334.670529,2.41268,2.41268,15,stop,14205.988785
2022-03-07T11:00:00+00:00,2022-03-07T12:00:00+00:00,long,2002.288,1984.2114,1984.2114,7.85877255,-144.41752,-1.016596,-1.016596,2,stop,14061.571266
2022-03-08T07:00:00+00:00,2022-03-08T17:00:00+00:00,long,2016.794,2045.0918,1997.645,7.34324052,205.594579,1.462102,1.462102,11,stop,14267.165845
2022-03-16T19:00:00+00:00,2022-03-17T18:00:00+00:00,long,1927.738,1935.5019,1913.5316,10.04277357,74.958258,0.52539,0.52539,23,stop,14342.124103
2022-03-21T14:00:00+00:00,2022-03-22T07:00:00+00:00,long,1933.178,1926.1838,1923.1899,14.35921156,-104.738961,-0.730289,-0.730289,17,stop,14237.385142
2022-03-23T10:00:00+00:00,2022-03-23T14:00:00+00:00,long,1933.168,1926.7555,1923.8677,15.30852246,-102.758457,-0.721751,-0.721751,5,stop,14134.626685
2022-03-23T18:00:00+00:00,2022-03-24T11:00:00+00:00,long,1939.403,1946.3096,1929.9128,14.89391866,98.398163,0.69615,0.69615,17,stop,14233.024848
2022-03-24T14:00:00+00:00,2022-03-25T05:00:00+00:00,long,1964.668,1956.038,1953.46,12.69898719,-113.401956,-0.796752,-0.796752,15,donch_exit,14119.622892
2022-03-30T05:00:00+00:00,2022-03-31T01:00:00+00:00,long,1925.678,1927.3799,1912.4443,10.66944459,14.957494,0.105934,0.105934,20,stop,14134.580387
2022-03-31T14:00:00+00:00,2022-04-01T00:00:00+00:00,long,1937.663,1934.3036,1927.9703,14.58270697,-53.363958,-0.377542,-0.377542,10,stop,14081.216429
2022-04-05T14:00:00+00:00,2022-04-05T14:00:00+00:00,long,1942.113,1934.4361,1934.4361,18.34232103,-146.314861,-1.039078,-1.039078,1,stop,13934.901568
2022-04-07T15:00:00+00:00,2022-04-08T04:00:00+00:00,long,1936.557,1928.172,1927.3648,15.15948475,-131.660125,-0.944823,-0.944823,13,donch_exit,13803.241443
2022-04-08T14:00:00+00:00,2022-04-11T13:00:00+00:00,long,1939.432,1953.3786,1932.1724,19.01377685,259.473407,1.879801,1.879801,23,stop,14062.71485
2022-04-12T13:00:00+00:00,2022-04-12T13:00:00+00:00,long,1970.323,1961.5033,1961.5033,15.94466348,-145.410548,-1.034015,-1.034015,1,stop,13917.304303
2022-04-12T15:00:00+00:00,2022-04-12T18:00:00+00:00,long,1975.562,1965.2521,1965.2521,13.49897119,-143.222734,-1.029098,-1.029098,4,stop,13774.081568
2022-04-13T16:00:00+00:00,2022-04-14T05:00:00+00:00,long,1980.848,1972.278,1970.9259,13.88222409,-123.135328,-0.893964,-0.893964,13,donch_exit,13650.946241
2022-04-18T00:00:00+00:00,2022-04-18T14:00:00+00:00,long,1986.618,1985.4953,1974.1353,10.93589227,-15.558494,-0.113974,-0.113974,15,stop,13635.387747
2022-04-20T20:00:00+00:00,2022-04-21T07:00:00+00:00,long,1957.662,1949.642,1948.1863,14.38984745,-119.723531,-0.878035,-0.878035,11,donch_exit,13515.664216
2022-08-09T14:00:00+00:00,2022-08-09T14:00:00+00:00,long,1797.478,1790.8283,1790.8283,20.32522402,-141.254209,-1.045115,-1.045115,1,stop,13374.410007
2022-08-12T14:00:00+00:00,2022-08-12T14:00:00+00:00,long,1797.984,1790.9348,1790.9348,18.97294729,-139.435984,-1.042558,-1.042558,1,stop,13234.974022
2022-08-12T18:00:00+00:00,2022-08-15T04:00:00+00:00,long,1798.908,1793.5562,1790.8272,16.37829673,-92.566857,-0.699411,-0.699411,10,stop,13142.407165
2022-11-08T15:00:00+00:00,2022-11-09T10:00:00+00:00,long,1678.967,1704.815,1672.8181,21.37359067,546.052494,4.154889,4.154889,19,stop,13688.459659
2022-11-10T14:00:00+00:00,2022-11-14T05:00:00+00:00,long,1732.927,1758.9187,1725.7311,19.02258183,488.722466,3.570325,3.570325,38,stop,14177.182125
2022-11-15T08:00:00+00:00,2022-11-15T08:00:00+00:00,long,1782.768,1774.95,1774.95,18.13402676,-147.212029,-1.038373,-1.038373,1,stop,14029.970095
2022-11-22T12:00:00+00:00,2022-11-22T16:00:00+00:00,long,1748.357,1741.0379,1741.0379,19.16898266,-146.050396,-1.040989,-1.040989,5,stop,13883.9197
2022-11-23T20:00:00+00:00,2022-11-25T00:00:00+00:00,long,1751.798,1753.398,1742.3941,14.76400185,19.193202,0.138241,0.138241,25,donch_exit,13903.112902
2022-11-25T03:00:00+00:00,2022-11-25T07:00:00+00:00,long,1758.508,1753.9321,1753.1551,25.97304807,-126.641985,-0.910889,-0.910889,5,stop,13776.470917
2022-11-28T09:00:00+00:00,2022-11-28T13:00:00+00:00,long,1759.148,1752.4011,1751.3521,17.67143103,-124.528807,-0.903924,-0.903924,5,stop,13651.94211
2022-11-30T09:00:00+00:00,2022-11-30T13:00:00+00:00,long,1759.408,1755.5938,1752.4537,19.63093641,-80.765599,-0.591605,-0.591605,5,stop,13571.176511
2022-11-30T20:00:00+00:00,2022-12-02T13:00:00+00:00,long,1767.647,1793.0476,1758.4586,14.76990174,370.733396,2.73177,2.73177,40,stop,13941.909907
2022-12-05T02:00:00+00:00,2022-12-05T07:00:00+00:00,long,1806.398,1798.7415,1796.8794,14.64701732,-116.538993,-0.83589,-0.83589,6,stop,13825.370913
2022-12-07T14:00:00+00:00,2022-12-09T09:00:00+00:00,long,1778.208,1789.1455,1771.3095,20.04112621,213.18748,1.542002,1.542002,42,stop,14038.558393
2022-12-09T12:00:00+00:00,2022-12-09T13:00:00+00:00,long,1800.257,1793.9695,1793.4017,20.47840123,-134.901468,-0.960935,-0.960935,2,stop,13903.656925
2022-12-13T14:00:00+00:00,2022-12-13T15:00:00+00:00,long,1810.858,1812.5249,1804.8188,23.02234886,31.469249,0.226338,0.226338,2,stop,13935.126174
2022-12-16T14:00:00+00:00,2022-12-19T14:00:00+00:00,long,1785.395,1789.132,1778.1317,19.18566791,65.941141,0.473201,0.473201,24,stop,14001.067315
2022-12-20T09:00:00+00:00,2022-12-20T12:00:00+00:00,long,1803.095,1798.8928,1795.6688,18.85360927,-84.88272,-0.606259,-0.606259,4,stop,13916.184595
2022-12-20T15:00:00+00:00,2022-12-21T04:00:00+00:00,long,1812.258,1813.955,1803.3265,15.58101617,21.76668,0.156413,0.156413,13,donch_exit,13937.951274
2022-12-23T16:00:00+00:00,2022-12-23T18:00:00+00:00,long,1800.448,1793.601,1793.601,20.35628929,-145.4864,-1.043815,-1.043815,3,stop,13792.464875
2022-12-27T02:00:00+00:00,2022-12-27T14:00:00+00:00,long,1804.425,1803.3449,1797.6327,20.30603017,-28.024352,-0.203186,-0.203186,13,stop,13764.440523
2022-12-27T16:00:00+00:00,2022-12-27T17:00:00+00:00,long,1824.525,1818.2989,1818.2989,22.10764447,-144.276699,-1.048184,-1.048184,2,stop,13620.163824
2022-12-29T15:00:00+00:00,2022-12-30T10:00:00+00:00,long,1813.895,1813.3207,1807.3178,20.7081491,-18.105135,-0.132929,-0.132929,19,stop,13602.058689
2023-01-03T00:00:00+00:00,2023-01-03T08:00:00+00:00,long,1829.285,1837.0219,1821.2219,16.86951506,125.456897,0.922338,0.922338,9,stop,13727.515586
2023-01-04T08:00:00+00:00,2023-01-04T15:00:00+00:00,long,1858.165,1851.1771,1848.4237,14.09207763,-102.701653,-0.748144,-0.748144,8,stop,13624.813933
2023-01-06T14:00:00+00:00,2023-01-06T14:00:00+00:00,long,1851.625,1844.3672,1844.3672,18.77265002,-141.879934,-1.041335,-1.041335,1,stop,13482.933999
2023-01-06T16:00:00+00:00,2023-01-09T17:00:00+00:00,long,1862.225,1870.0925,1853.0695,14.72659494,111.443507,0.826552,0.826552,25,stop,13594.377506
2023-01-10T15:00:00+00:00,2023-01-11T12:00:00+00:00,long,1878.077,1876.7964,1870.3034,17.48787885,-27.641341,-0.203329,-0.203329,21,stop,13566.736165
2023-01-12T13:00:00+00:00,2023-01-12T13:00:00+00:00,long,1887.305,1880.9536,1880.9536,21.3602295,-142.07543,-1.047234,-1.047234,1,stop,13424.660734
2023-01-13T09:00:00+00:00,2023-01-13T12:00:00+00:00,long,1906.355,1894.7169,1893.4728,10.42109324,-124.408053,-0.926713,-0.926713,4,stop,13300.252681
2023-01-13T15:00:00+00:00,2023-01-16T06:00:00+00:00,long,1911.437,1916.3658,1901.7161,13.68212067,63.3318,0.47617,0.47617,15,stop,13363.584481
2023-01-18T13:00:00+00:00,2023-01-18T15:00:00+00:00,long,1917.185,1911.9908,1908.0001,14.54951549,-79.937948,-0.598177,-0.598177,3,stop,13283.646533
2023-01-19T15:00:00+00:00,2023-01-20T05:00:00+00:00,long,1917.385,1923.4501,1908.9319,15.71452666,90.595818,0.68201,0.68201,14,stop,13374.242351
2023-01-24T02:00:00+00:00,2023-01-24T13:00:00+00:00,long,1935.695,1930.8102,1925.714,13.39970178,-69.474774,-0.519467,-0.519467,12,stop,13304.767577
2023-01-25T20:00:00+00:00,2023-01-26T09:00:00+00:00,long,1942.137,1937.6352,1931.1963,12.16080102,-58.393734,-0.438893,-0.438893,13,stop,13246.373843
2023-01-31T16:00:00+00:00,2023-02-01T15:00:00+00:00,long,1928.505,1923.7727,1918.5927,13.36357237,-67.249505,-0.507682,-0.507682,23,stop,13179.124338
2023-02-01T20:00:00+00:00,2023-02-02T13:00:00+00:00,long,1942.895,1944.5427,1934.8184,16.31766379,21.991315,0.166865,0.166865,17,stop,13201.115653
2023-02-07T16:00:00+00:00,2023-02-07T17:00:00+00:00,long,1879.247,1871.0651,1871.0651,16.13453556,-136.851517,-1.036666,-1.036666,2,stop,13064.264136
2023-02-08T08:00:00+00:00,2023-02-08T13:00:00+00:00,long,1886.345,1874.4922,1874.4922,11.0220911,-133.949269,-1.02531,-1.02531,6,stop,12930.314867
2023-02-09T09:00:00+00:00,2023-02-09T14:00:00+00:00,long,1883.725,1881.7601,1875.4342,15.59597972,-35.323334,-0.273182,-0.273182,6,stop,12894.991533
2023-03-13T14:00:00+00:00,2023-03-14T12:00:00+00:00,long,1910.504,1897.9915,1891.1514,6.663183,-85.372032,-0.662056,-0.662056,17,stop,12809.619501
2023-03-15T14:00:00+00:00,2023-03-15T18:00:00+00:00,long,1924.285,1919.1122,1911.8592,10.30888917,-56.418489,-0.440438,-0.440438,3,stop,12753.201012
2023-03-17T12:00:00+00:00,2023-03-20T00:00:00+00:00,long,1944.855,1969.5887,1934.4277,12.23058799,298.838518,2.343243,2.343243,7,stop,13052.03953
2023-03-20T07:00:00+00:00,2023-03-20T08:00:00+00:00,long,2003.415,1986.7824,1986.7824,7.84726352,-132.874574,-1.018037,-1.018037,2,stop,12919.164955
2023-03-22T19:00:00+00:00,2023-03-24T16:00:00+00:00,long,1972.608,1985.5326,1959.9277,10.18837485,128.624157,0.995607,0.995607,33,stop,13047.789112
2023-03-28T16:00:00+00:00,2023-03-29T05:00:00+00:00,long,1966.545,1964.0118,1954.662,10.98021469,-31.109144,-0.238425,-0.238425,11,stop,13016.679968
2023-03-30T19:00:00+00:00,2023-03-31T07:00:00+00:00,long,1981.315,1975.6583,1971.6617,13.48417636,-80.321193,-0.617064,-0.617064,11,stop,12936.358775
2023-04-04T15:00:00+00:00,2023-04-05T14:00:00+00:00,long,2016.035,2020.3092,2006.4668,13.52015925,53.731817,0.415355,0.415355,17,stop,12990.090592
2023-04-11T09:00:00+00:00,2023-04-12T07:00:00+00:00,long,2004.428,2011.7167,1995.93,15.28605624,106.829661,0.822394,0.822394,16,stop,13096.920253
2023-04-12T14:00:00+00:00,2023-04-14T08:00:00+00:00,long,2007.725,2035.3022,1999.0704,15.13290072,412.783159,3.151757,3.151757,31,stop,13509.703412
2023-04-20T13:00:00+00:00,2023-04-21T05:00:00+00:00,long,2006.614,1996.3961,1994.8672,11.50075205,-120.96376,-0.895384,-0.895384,11,stop,13388.739652
2023-04-25T00:00:00+00:00,2023-04-25T07:00:00+00:00,long,1994.955,1988.7351,1986.2184,15.32488571,-99.916722,-0.746274,-0.746274,8,stop,13288.82293
2023-04-26T15:00:00+00:00,2023-04-26T16:00:00+00:00,long,1998.485,1986.8761,1986.8761,11.44709915,-136.322359,-1.025842,-1.025842,2,stop,13152.500571
2023-05-01T14:00:00+00:00,2023-05-01T14:00:00+00:00,long,1996.965,1988.3414,1988.3414,15.25175167,-136.100531,-1.034788,-1.034788,1,stop,13016.40004
2023-05-02T16:00:00+00:00,2023-05-03T12:00:00+00:00,long,2014.305,2009.126,2003.8048,12.39633535,-67.919521,-0.5218,-0.5218,17,stop,12948.480518
2023-05-03T16:00:00+00:00,2023-05-04T02:00:00+00:00,long,2023.394,2042.4849,2013.5071,13.0966031,246.096959,1.900586,1.900586,7,stop,13194.577478
2023-05-09T13:00:00+00:00,2023-05-10T05:00:00+00:00,long,2026.925,2028.208,2019.5078,17.78916232,17.486747,0.13253,0.13253,11,stop,13212.064224
2023-05-10T13:00:00+00:00,2023-05-10T13:00:00+00:00,long,2045.575,2037.0685,2037.0685,15.53172777,-136.780161,-1.035267,-1.035267,1,stop,13075.284064
2023-07-18T04:00:00+00:00,2023-07-19T04:00:00+00:00,long,1959.705,1974.1649,1952.431,17.9753699,254.52944,1.946646,1.946646,18,stop,13329.813504
2023-07-20T02:00:00+00:00,2023-07-20T06:00:00+00:00,long,1984.885,1979.7633,1978.6857,21.50212686,-116.578081,-0.874566,-0.874566,5,stop,13213.235423
2023-07-26T07:00:00+00:00,2023-07-26T14:00:00+00:00,long,1969.465,1966.0014,1963.417,21.84728079,-82.224426,-0.622288,-0.622288,6,stop,13131.010997
2023-07-26T20:00:00+00:00,2023-07-27T13:00:00+00:00,long,1974.685,1971.1917,1967.8786,19.29215297,-73.180924,-0.557314,-0.557314,14,stop,13057.830073
2023-07-31T13:00:00+00:00,2023-07-31T23:00:00+00:00,long,1965.358,1963.9505,1958.7416,19.73555116,-33.698454,-0.258071,-0.258071,10,stop,13024.131619
2023-08-30T12:00:00+00:00,2023-08-30T16:00:00+00:00,long,1938.975,1943.0465,1933.9693,26.01860203,98.129158,0.753441,0.753441,5,stop,13122.260777
2023-09-01T13:00:00+00:00,2023-09-01T13:00:00+00:00,long,1949.815,1945.5381,1945.5381,30.68171053,-140.427121,-1.070144,-1.070144,1,stop,12981.833656
2023-09-19T10:00:00+00:00,2023-09-19T14:00:00+00:00,long,1935.095,1931.9765,1930.4971,28.23426707,-96.518842,-0.743492,-0.743492,5,stop,12885.314814
2023-10-18T02:00:00+00:00,2023-10-18T14:00:00+00:00,long,1938.975,1947.4522,1930.5512,15.29632092,125.081075,0.970726,0.970726,13,stop,13010.395889
2023-10-19T17:00:00+00:00,2023-10-20T17:00:00+00:00,long,1961.895,1980.4792,1953.0124,14.64705817,267.809741,2.058429,2.058429,24,stop,13278.20563
2023-10-25T14:00:00+00:00,2023-10-25T14:00:00+00:00,long,1984.985,1977.4169,1977.4169,17.54496588,-138.045546,-1.03964,-1.03964,1,stop,13140.160084
2023-10-26T05:00:00+00:00,2023-10-26T12:00:00+00:00,long,1988.365,1980.4929,1977.0081,11.57019969,-94.552829,-0.719571,-0.719571,8,stop,13045.607255
2023-10-27T18:00:00+00:00,2023-10-29T21:00:00+00:00,long,1996.625,1997.0977,1989.1806,17.52405467,3.026404,0.023199,0.023199,4,stop,13048.633659
2023-10-31T13:00:00+00:00,2023-10-31T14:00:00+00:00,long,2002.364,1996.2798,1996.2798,21.44675333,-136.920363,-1.049308,-1.049308,2,stop,12911.713297
2023-11-03T12:00:00+00:00,2023-11-03T12:00:00+00:00,long,2000.045,1994.5681,1994.5681,23.57485676,-136.18959,-1.054776,-1.054776,1,stop,12775.523707
2023-11-09T15:00:00+00:00,2023-11-10T07:00:00+00:00,long,1958.045,1955.2821,1951.5715,19.73511038,-60.44667,-0.473144,-0.473144,16,stop,12715.077037
2023-11-13T17:00:00+00:00,2023-11-14T13:00:00+00:00,long,1945.705,1941.4441,1938.7738,18.34469794,-83.668333,-0.658025,-0.658025,20,stop,12631.408704
2023-11-14T15:00:00+00:00,2023-11-14T18:00:00+00:00,long,1967.665,1961.7141,1961.7141,21.22604766,-132.681901,-1.050413,-1.050413,4,stop,12498.726803
2023-11-15T09:00:00+00:00,2023-11-15T13:00:00+00:00,long,1971.405,1967.7784,1963.0164,14.89965763,-58.504996,-0.468088,-0.468088,5,stop,12440.221807
2023-11-16T14:00:00+00:00,2023-11-17T13:00:00+00:00,long,1972.025,1984.4382,1966.8184,23.89317752,289.422838,2.326509,2.326509,23,stop,12729.644645
2023-11-21T01:00:00+00:00,2023-11-21T09:00:00+00:00,long,1986.355,1984.5211,1978.6321,16.48298521,-35.173042,-0.276308,-0.276308,9,stop,12694.471603
2023-11-21T14:00:00+00:00,2023-11-22T01:00:00+00:00,long,1997.555,1996.1002,1989.7929,16.35442935,-28.698753,-0.226073,-0.226073,11,stop,12665.772851
2023-11-24T11:00:00+00:00,2023-11-27T16:00:00+00:00,long,1995.695,2006.1204,1991.3987,29.48065277,298.503402,2.356772,2.356772,25,stop,12964.276252
2023-11-28T01:00:00+00:00,2023-11-29T07:00:00+00:00,long,2017.028,2040.9995,2010.2978,19.26283952,455.980306,3.517206,3.517206,30,stop,13420.256558
2023-12-01T09:00:00+00:00,2023-12-01T11:00:00+00:00,long,2045.245,2038.1998,2037.8222,18.07977658,-132.799575,-0.989546,-0.989546,3,stop,13287.456983
2023-12-01T17:00:00+00:00,2023-12-04T00:00:00+00:00,long,2058.755,2099.1744,2050.4334,15.96743052,640.603732,4.821116,4.821116,7,stop,13928.060715
2023-12-06T08:00:00+00:00,2023-12-06T09:00:00+00:00,long,2033.965,2023.5598,2023.5598,13.38567324,-143.296309,-1.028832,-1.028832,2,stop,13784.764406
2023-12-07T14:00:00+00:00,2023-12-07T14:00:00+00:00,long,2037.065,2030.1106,2030.1106,19.82164443,-143.794137,-1.043138,-1.043138,1,stop,13640.970268
2023-12-13T14:00:00+00:00,2023-12-13T15:00:00+00:00,long,1984.345,1978.5029,1978.5029,23.3494296,-143.414532,-1.051351,-1.051351,2,stop,13497.555737
2023-12-13T20:00:00+00:00,2023-12-15T13:00:00+00:00,long,2013.645,2033.9089,2006.8456,19.85109824,396.30534,2.936127,2.936127,40,stop,13893.861077
2023-12-18T18:00:00+00:00,2023-12-18T18:00:00+00:00,long,2033.525,2025.9544,2025.9544,18.35239093,-144.444328,-1.039627,-1.039627,1,stop,13749.416749
2023-12-19T15:00:00+00:00,2023-12-19T18:00:00+00:00,long,2041.395,2036.9407,2034.3397,19.48806819,-92.652123,-0.673862,-0.673862,4,stop,13656.764626
2023-12-21T14:00:00+00:00,2023-12-22T16:00:00+00:00,long,2041.238,2058.8962,2035.0077,21.91991497,380.490268,2.786094,2.786094,26,stop,14037.254894
2023-12-26T21:00:00+00:00,2023-12-27T10:00:00+00:00,long,2068.248,2061.8488,2061.8488,21.93595277,-146.953335,-1.046881,-1.046881,13,stop,13890.30156
2023-12-27T16:00:00+00:00,2023-12-28T08:00:00+00:00,long,2078.745,2079.0615,2071.9474,20.4341261,0.337163,0.002427,0.002427,16,stop,13890.638723
2024-01-02T06:00:00+00:00,2024-01-02T11:00:00+00:00,long,2074.465,2068.3047,2065.7963,16.02390061,-103.519205,-0.745244,-0.745244,6,stop,13787.119518
2024-01-05T16:00:00+00:00,2024-01-05T16:00:00+00:00,long,2054.815,2047.0558,2047.0558,17.76873842,-143.201817,-1.038664,-1.038664,1,stop,13643.917701
2024-01-09T14:00:00+00:00,2024-01-09T15:00:00+00:00,long,2038.488,2031.1777,2031.1777,18.66396413,-142.038366,-1.041038,-1.041038,2,stop,13501.879335
2024-01-12T11:00:00+00:00,2024-01-12T17:00:00+00:00,long,2045.835,2046.293,2034.0146,11.42252321,1.804759,0.013367,0.013367,7,stop,13503.684093
2024-01-19T00:00:00+00:00,2024-01-19T14:00:00+00:00,long,2023.675,2028.6783,2016.343,18.4174633,86.622855,0.641476,0.641476,15,stop,13590.306949
2024-01-30T08:00:00+00:00,2024-01-30T15:00:00+00:00,long,2037.795,2038.6897,2029.025,15.49635912,9.215685,0.067811,0.067811,8,stop,13599.522633
2024-01-31T14:00:00+00:00,2024-01-31T19:00:00+00:00,long,2041.845,2045.3901,2036.7804,26.85211593,87.137801,0.640742,0.640742,6,stop,13686.660435
2024-02-01T16:00:00+00:00,2024-02-02T13:00:00+00:00,long,2051.875,2047.6814,2040.481,12.01216468,-53.977863,-0.394383,-0.394383,21,stop,13632.682572
2024-02-07T15:00:00+00:00,2024-02-07T15:00:00+00:00,long,2042.445,2037.3416,2037.3416,26.71294151,-144.340708,-1.058784,-1.058784,1,stop,13488.341863
2024-02-29T14:00:00+00:00,2024-02-29T21:00:00+00:00,long,2047.555,2043.0331,2043.0331,29.82892559,-143.832096,-1.066344,-1.066344,8,stop,13344.509767
2024-03-01T11:00:00+00:00,2024-03-01T14:00:00+00:00,long,2054.775,2048.7941,2047.2645,17.76780476,-111.597805,-0.836283,-0.836283,4,stop,13232.911962
2024-03-01T16:00:00+00:00,2024-03-06T15:00:00+00:00,long,2069.064,2136.1807,2061.6818,17.92543139,1197.718172,9.051055,9.051055,69,stop,14430.630134
2024-03-07T05:00:00+00:00,2024-03-07T14:00:00+00:00,long,2158.125,2148.6222,2145.2477,11.20625452,-109.852672,-0.761247,-0.761247,10,stop,14320.777462
2024-03-08T09:00:00+00:00,2024-03-08T13:00:00+00:00,long,2165.125,2159.5965,2155.8475,15.43603068,-89.968905,-0.62824,-0.62824,5,stop,14230.808557
2024-03-13T15:00:00+00:00,2024-03-14T04:00:00+00:00,long,2171.635,2168.765,2163.6408,17.80141672,-56.430491,-0.396537,-0.396537,13,donch_exit,14174.378066
2024-03-15T09:00:00+00:00,2024-03-15T11:00:00+00:00,long,2171.768,2163.5518,2163.5518,17.2517442,-146.919304,-1.036513,-1.036513,3,stop,14027.458762
2024-03-20T18:00:00+00:00,2024-03-21T12:00:00+00:00,long,2181.908,2191.785,2175.017,20.35620195,194.951346,1.389784,1.389784,18,donch_exit,14222.410108
2024-03-26T09:00:00+00:00,2024-03-26T11:00:00+00:00,long,2190.805,2189.1373,2183.4653,19.37737252,-38.128856,-0.26809,-0.26809,3,stop,14184.281252
2024-03-28T10:00:00+00:00,2024-03-28T12:00:00+00:00,long,2212.265,2205.2752,2203.2175,15.67756977,-114.286348,-0.805725,-0.805725,3,stop,14069.994904
2024-03-28T16:00:00+00:00,2024-04-01T10:00:00+00:00,long,2220.305,2246.0404,2208.0638,11.49396702,292.353649,2.077852,2.077852,16,stop,14362.348553
2024-04-02T09:00:00+00:00,2024-04-02T15:00:00+00:00,long,2260.985,2252.3291,2246.843,10.15581145,-90.954432,-0.633284,-0.633284,7,stop,14271.394121
2024-04-02T20:00:00+00:00,2024-04-03T07:00:00+00:00,long,2277.375,2270.5975,2262.3938,9.52620225,-67.421696,-0.472425,-0.472425,11,stop,14203.972425
2024-04-03T17:00:00+00:00,2024-04-04T07:00:00+00:00,long,2293.685,2292.925,2280.4252,10.71205631,-11.35478,-0.079941,-0.079941,14,donch_exit,14192.617645
2024-04-05T15:00:00+00:00,2024-04-07T22:00:00+00:00,long,2317.428,2310.1349,2299.8583,8.07789413,-61.336258,-0.43217,-0.43217,7,stop,14131.281387
2024-04-08T03:00:00+00:00,2024-04-08T12:00:00+00:00,long,2348.015,2326.808,2326.808,6.66349856,-143.311863,-1.014146,-1.014146,10,stop,13987.969524
2024-04-09T08:00:00+00:00,2024-04-09T11:00:00+00:00,long,2353.855,2351.0056,2341.5945,11.40897151,-35.931415,-0.256874,-0.256874,4,stop,13952.038109
2024-04-11T17:00:00+00:00,2024-04-12T15:00:00+00:00,long,2349.745,2408.9518,2335.9343,10.10233957,595.096497,4.265302,4.265302,22,stop,14547.134605
2024-04-15T19:00:00+00:00,2024-04-16T06:00:00+00:00,long,2375.825,2372.885,2351.9441,6.09153533,-19.736574,-0.135673,-0.135673,11,donch_exit,14527.398031
2024-04-16T17:00:00+00:00,2024-04-16T20:00:00+00:00,long,2397.405,2378.4596,2378.4596,7.66803447,-147.574391,-1.015835,-1.015835,4,stop,14379.82364
2024-04-19T02:00:00+00:00,2024-04-19T02:00:00+00:00,long,2409.274,2396.8393,2396.8393,11.56427066,-147.267518,-1.024126,-1.024126,1,stop,14232.556123
2024-04-26T08:00:00+00:00,2024-04-26T14:00:00+00:00,long,2345.415,2335.176,2331.4325,10.17883506,-107.274743,-0.753728,-0.753728,7,stop,14125.28138
2024-05-01T14:00:00+00:00,2024-05-01T18:00:00+00:00,long,2302.934,2295.5776,2292.4785,13.5099052,-103.437238,-0.732284,-0.732284,5,stop,14021.844142
2024-05-06T08:00:00+00:00,2024-05-07T08:00:00+00:00,long,2322.645,2316.3153,2304.6997,7.81365825,-51.80221,-0.369439,-0.369439,24,stop,13970.041932
2024-05-09T13:00:00+00:00,2024-05-09T13:00:00+00:00,long,2326.585,2318.1595,2318.1595,16.58066813,-144.67462,-1.035606,-1.035606,1,stop,13825.367312
2024-05-09T15:00:00+00:00,2024-05-10T12:00:00+00:00,long,2333.205,2362.0926,2323.1445,13.74222684,392.857284,2.841569,2.841569,21,stop,14218.224596
2024-05-14T14:00:00+00:00,2024-05-15T11:00:00+00:00,long,2353.728,2362.2779,2344.8474,16.0104324,132.084466,0.92898,0.92898,21,stop,14350.309062
2024-05-15T18:00:00+00:00,2024-05-16T12:00:00+00:00,long,2389.065,2378.5212,2374.0177,9.5368,-103.415152,-0.720648,-0.720648,18,stop,14246.89391
2024-05-17T12:00:00+00:00,2024-05-20T11:00:00+00:00,long,2389.685,2431.8421,2380.9479,16.30620447,682.530431,4.790731,4.790731,23,stop,14929.424342
2024-05-27T14:00:00+00:00,2024-05-28T06:00:00+00:00,long,2354.788,2345.9886,2345.9886,16.96641173,-154.384167,-1.034093,-1.034093,14,stop,14775.040175
2024-05-30T14:00:00+00:00,2024-05-31T13:00:00+00:00,long,2348.475,2345.1478,2336.2266,12.06283284,-43.754307,-0.296137,-0.296137,23,stop,14731.285867
2024-06-03T15:00:00+00:00,2024-06-04T07:00:00+00:00,long,2341.534,2339.585,2329.95,12.71692495,-28.600364,-0.194147,-0.194147,16,donch_exit,14702.685503
2024-06-06T02:00:00+00:00,2024-06-06T08:00:00+00:00,long,2367.265,2361.4698,2356.5491,13.72043926,-83.628821,-0.5688,-0.5688,7,stop,14619.056682
2024-06-07T04:00:00+00:00,2024-06-07T06:00:00+00:00,long,2380.025,2374.2192,2368.0919,12.2508457,-74.801214,-0.511669,-0.511669,3,stop,14544.255468
2024-07-05T05:00:00+00:00,2024-07-05T12:00:00+00:00,long,2363.775,2360.1817,2357.1587,21.98246069,-85.584314,-0.588441,-0.588441,8,stop,14458.671154
2024-07-05T14:00:00+00:00,2024-07-08T06:00:00+00:00,long,2383.015,2378.5271,2373.9134,15.8858565,-76.059892,-0.52605,-0.52605,16,stop,14382.611261
2024-07-10T07:00:00+00:00,2024-07-10T14:00:00+00:00,long,2371.805,2375.37,2361.6028,14.09755863,46.028529,0.320029,0.320029,8,stop,14428.63979
2024-07-11T13:00:00+00:00,2024-07-11T13:00:00+00:00,long,2406.188,2398.9298,2398.9298,19.87908819,-150.250124,-1.041333,-1.041333,1,stop,14278.389666
2024-07-11T15:00:00+00:00,2024-07-12T02:00:00+00:00,long,2417.665,2406.6458,2406.6458,12.9577371,-146.671218,-1.027225,-1.027225,11,stop,14131.718448
2024-07-12T18:00:00+00:00,2024-07-14T22:00:00+00:00,long,2417.735,2406.9817,2406.9817,13.14175039,-145.25971,-1.027898,-1.027898,4,stop,13986.458739
2024-07-15T15:00:00+00:00,2024-07-15T17:00:00+00:00,long,2431.424,2422.4436,2421.8775,14.65087596,-135.965989,-0.972126,-0.972126,3,stop,13850.492749
2024-07-16T10:00:00+00:00,2024-07-16T12:00:00+00:00,long,2442.415,2431.0786,2431.0786,12.21771704,-142.170243,-1.026463,-1.026463,3,stop,13708.322507
2024-07-16T15:00:00+00:00,2024-07-17T03:00:00+00:00,long,2452.008,2464.4921,2440.4068,11.81629703,143.970945,1.050245,1.050245,12,stop,13852.293451
2024-07-17T14:00:00+00:00,2024-07-17T14:00:00+00:00,long,2482.845,2469.1602,2469.1602,10.12239379,-141.559653,-1.021922,-1.021922,1,stop,13710.733799
2024-07-24T03:00:00+00:00,2024-07-24T16:00:00+00:00,long,2414.008,2419.3754,2403.5274,13.08201229,66.291789,0.483503,0.483503,14,stop,13777.025588
2024-07-26T14:00:00+00:00,2024-07-29T08:00:00+00:00,long,2381.514,2387.3946,2368.6262,10.6899747,59.656473,0.433014,0.433014,18,stop,13836.682061
2024-07-30T14:00:00+00:00,2024-07-30T15:00:00+00:00,long,2393.935,2385.902,2385.902,17.22480027,-143.534261,-1.037346,-1.037346,2,stop,13693.1478
2024-07-30T17:00:00+00:00,2024-08-01T08:00:00+00:00,long,2399.825,2437.2135,2390.2813,14.34783973,532.139854,3.886176,3.886176,38,stop,14225.287654
2024-08-02T06:00:00+00:00,2024-08-02T13:00:00+00:00,long,2466.675,2457.913,2450.2212,8.64559412,-78.346374,-0.550754,-0.550754,8,stop,14146.94128
2024-08-07T13:00:00+00:00,2024-08-07T17:00:00+00:00,long,2403.775,2391.0679,2391.0679,11.13309983,-144.809343,-1.023609,-1.023609,5,stop,14002.131937
2024-08-08T11:00:00+00:00,2024-08-09T05:00:00+00:00,long,2405.055,2417.028,2393.1834,11.79464599,137.678903,0.983271,0.983271,18,donch_exit,14139.81084
2024-08-09T11:00:00+00:00,2024-08-13T01:00:00+00:00,long,2430.355,2464.2855,2418.1001,11.53808749,388.031651,2.744249,2.744249,37,stop,14527.842491
2024-08-15T12:00:00+00:00,2024-08-15T12:00:00+00:00,long,2463.418,2454.1243,2454.1243,15.63192538,-149.968003,-1.03228,-1.03228,1,stop,14377.874488
2024-08-16T11:00:00+00:00,2024-08-16T14:00:00+00:00,long,2464.495,2482.4627,2452.8697,12.36774491,218.509607,1.519763,1.519763,4,stop,14596.384095
2024-08-16T19:00:00+00:00,2024-08-19T10:00:00+00:00,long,2503.164,2492.9763,2489.1594,10.42256408,-109.308725,-0.748875,-0.748875,15,stop,14487.07537
2024-08-20T08:00:00+00:00,2024-08-20T15:00:00+00:00,long,2514.825,2519.242,2503.9547,13.32720842,54.868117,0.378738,0.378738,8,stop,14541.943487
2024-08-23T15:00:00+00:00,2024-08-26T13:00:00+00:00,long,2509.115,2517.0954,2500.5167,16.9125798,129.895378,0.893246,0.893246,22,stop,14671.838865
2024-08-27T19:00:00+00:00,2024-08-28T02:00:00+00:00,long,2524.348,2513.4483,2512.2682,12.14576306,-136.028903,-0.927143,-0.927143,7,stop,14535.809962
2024-08-29T04:00:00+00:00,2024-08-29T12:00:00+00:00,long,2516.495,2513.0687,2505.6481,13.4008887,-49.935732,-0.343536,-0.343536,9,stop,14485.874231
2024-09-05T06:00:00+00:00,2024-09-05T14:00:00+00:00,long,2501.815,2508.8568,2491.0285,13.42963355,90.539903,0.625022,0.625022,9,stop,14576.414134
2024-09-06T13:00:00+00:00,2024-09-06T13:00:00+00:00,long,2522.175,2515.3712,2515.3712,21.42393094,-152.191321,-1.044093,-1.044093,1,stop,14424.222813
2024-09-10T13:00:00+00:00,2024-09-10T14:00:00+00:00,long,2513.755,2506.0679,2506.0679,18.76419302,-149.871486,-1.039026,-1.039026,2,stop,14274.351327
2024-09-11T00:00:00+00:00,2024-09-11T12:00:00+00:00,long,2518.498,2517.0387,2509.3342,15.57689095,-27.404424,-0.191984,-0.191984,13,stop,14246.946903
2024-09-12T13:00:00+00:00,2024-09-16T10:00:00+00:00,long,2528.395,2578.7123,2520.3904,17.79844952,890.230389,6.24857,6.24857,44,stop,15137.177292
2024-09-20T07:00:00+00:00,2024-09-20T13:00:00+00:00,long,2605.364,2605.7808,2593.4363,12.69077634,1.482283,0.009792,0.009792,7,stop,15138.659575
2024-09-20T16:00:00+00:00,2024-09-23T07:00:00+00:00,long,2622.728,2617.5686,2611.3909,13.35320283,-72.900476,-0.481552,-0.481552,15,stop,15065.7591
2024-09-23T14:00:00+00:00,2024-09-24T00:00:00+00:00,long,2631.765,2625.045,2621.4998,14.67653733,-103.029292,-0.683864,-0.683864,10,donch_exit,14962.729808
2024-09-24T05:00:00+00:00,2024-09-24T05:00:00+00:00,long,2637.955,2628.311,2628.311,15.51506616,-154.281818,-1.031107,-1.031107,1,stop,14808.44799
2024-09-24T15:00:00+00:00,2024-09-25T05:00:00+00:00,long,2643.448,2656.1276,2632.9347,14.08544224,174.372141,1.177518,1.177518,14,stop,14982.82013
2024-09-26T09:00:00+00:00,2024-09-26T12:00:00+00:00,long,2668.955,2671.9963,2658.4139,14.21371596,38.96406,0.260058,0.260058,4,stop,15021.78419
2024-10-01T10:00:00+00:00,2024-10-01T15:00:00+00:00,long,2648.565,2656.3074,2637.4556,13.52168811,100.633812,0.669919,0.669919,6,stop,15122.418002
2024-10-04T05:00:00+00:00,2024-10-04T12:00:00+00:00,long,2663.914,2655.5071,2651.1981,11.89252668,-103.547041,-0.684725,-0.684725,8,stop,15018.870961
2024-10-08T12:00:00+00:00,2024-10-08T13:00:00+00:00,long,2650.695,2636.651,2636.651,10.69415477,-153.396956,-1.021361,-1.021361,2,stop,14865.474005
2024-10-10T13:00:00+00:00,2024-10-13T22:00:00+00:00,long,2624.924,2648.5403,2615.4325,15.66188064,365.177107,2.456545,2.456545,32,stop,15230.651112
2024-10-14T07:00:00+00:00,2024-10-14T11:00:00+00:00,long,2663.975,2652.1569,2652.1569,12.88756324,-156.17278,-1.025385,-1.025385,5,stop,15074.478332
2024-10-15T15:00:00+00:00,2024-10-16T14:00:00+00:00,long,2659.655,2671.664,2649.1155,14.30284011,167.471955,1.110964,1.110964,23,stop,15241.950287
2024-10-17T11:00:00+00:00,2024-10-17T12:00:00+00:00,long,2687.295,2676.7287,2676.7287,14.42505919,-156.747021,-1.028392,-1.028392,2,stop,15085.203266
2024-10-17T15:00:00+00:00,2024-10-17T16:00:00+00:00,long,2695.525,2685.0877,2685.0877,14.4531663,-155.187983,-1.028743,-1.028743,2,stop,14930.015284
2024-10-18T02:00:00+00:00,2024-10-21T14:00:00+00:00,long,2704.475,2728.2979,2692.7552,12.73913828,299.661476,2.007108,2.007108,36,stop,15229.67676
2024-10-22T17:00:00+00:00,2024-10-23T12:00:00+00:00,long,2745.225,2746.2844,2733.6021,13.10316424,9.950543,0.065337,0.065337,19,stop,15239.627303
2024-10-25T15:00:00+00:00,2024-10-27T21:00:00+00:00,long,2738.375,2734.5965,2728.6401,15.65463159,-63.847415,-0.418957,-0.418957,7,stop,15175.779888
2024-10-29T01:00:00+00:00,2024-10-30T11:00:00+00:00,long,2752.024,2774.8797,2741.6733,14.66159766,330.702598,2.179147,2.179147,34,stop,15506.482486
2024-11-05T15:00:00+00:00,2024-11-05T15:00:00+00:00,long,2746.205,2735.3932,2735.3932,14.34218399,-159.36748,-1.027747,-1.027747,1,stop,15347.115006
2024-11-07T14:00:00+00:00,2024-11-08T06:00:00+00:00,long,2684.475,2689.9511,2668.5835,9.65743637,49.987856,0.325715,0.325715,16,stop,15397.102862
2024-11-22T02:00:00+00:00,2024-11-22T13:00:00+00:00,long,2677.705,2693.4952,2665.9073,13.05093608,202.16161,1.312985,1.312985,12,stop,15599.264473
2024-11-22T19:00:00+00:00,2024-11-24T23:00:00+00:00,long,2710.815,2699.1729,2694.8473,9.76926199,-116.665504,-0.747891,-0.747891,4,stop,15482.598969
2024-12-11T00:00:00+00:00,2024-12-11T04:00:00+00:00,long,2695.835,2688.8568,2683.9997,13.08171231,-95.211319,-0.614957,-0.614957,5,stop,15387.38765
2024-12-11T15:00:00+00:00,2024-12-12T01:00:00+00:00,long,2706.144,2707.263,2690.7701,10.00877308,8.197185,0.053272,0.053272,10,stop,15395.584836
2025-01-09T12:00:00+00:00,2025-01-10T13:00:00+00:00,long,2669.954,2673.1745,2657.7326,12.59723504,36.790225,0.238966,0.238966,25,stop,15432.37506
2025-01-10T15:00:00+00:00,2025-01-10T20:00:00+00:00,long,2685.164,2684.2404,2675.6884,16.28643575,-19.928083,-0.129132,-0.129132,6,stop,15412.446978
2025-01-14T21:00:00+00:00,2025-01-15T14:00:00+00:00,long,2676.299,2684.2804,2665.29,13.999861,107.538532,0.697738,0.697738,17,stop,15519.98551
2025-01-15T21:00:00+00:00,2025-01-17T01:00:00+00:00,long,2696.255,2710.0024,2684.7467,13.48590627,181.350376,1.168496,1.168496,27,stop,15701.335886
2025-01-21T02:00:00+00:00,2025-01-22T06:00:00+00:00,long,2717.889,2746.7372,2705.7874,12.974595,370.401333,2.359043,2.359043,28,stop,16071.737219
2025-01-23T18:00:00+00:00,2025-01-24T16:00:00+00:00,long,2757.585,2771.8371,2746.4924,14.48870167,202.147815,1.257784,1.257784,22,stop,16273.885034
2025-01-28T14:00:00+00:00,2025-01-29T06:00:00+00:00,long,2748.648,2759.025,2738.9835,16.8388277,169.684867,1.042682,1.042682,16,donch_exit,16443.5699
2025-01-30T07:00:00+00:00,2025-01-31T18:00:00+00:00,long,2765.248,2801.6416,2754.9983,16.04297677,579.048786,3.52143,3.52143,35,stop,17022.618687
2025-02-03T15:00:00+00:00,2025-02-03T23:00:00+00:00,long,2829.265,2811.5667,2811.5667,9.61822248,-173.111654,-1.016951,-1.016951,8,stop,16849.507033
2025-02-04T14:00:00+00:00,2025-02-05T16:00:00+00:00,long,2831.555,2865.8194,2818.3863,12.79511799,434.578506,2.579176,2.579176,26,stop,17284.085539
2025-02-07T15:00:00+00:00,2025-02-07T16:00:00+00:00,long,2875.465,2866.8623,2864.9106,16.37618959,-145.792303,-0.843506,-0.843506,2,stop,17138.293236
2025-02-10T07:00:00+00:00,2025-02-11T02:00:00+00:00,long,2888.015,2916.7061,2871.2593,10.22833617,290.393715,1.694414,1.694414,19,stop,17428.686951
2025-02-13T04:00:00+00:00,2025-02-14T13:00:00+00:00,long,2916.275,2923.6466,2900.1882,10.83415406,76.614804,0.43959,0.43959,33,stop,17505.301754
2025-02-18T04:00:00+00:00,2025-02-19T02:00:00+00:00,long,2908.735,2926.1537,2897.1996,15.17528803,259.781203,1.484014,1.484014,22,stop,17765.082958
2025-02-19T10:00:00+00:00,2025-02-19T12:00:00+00:00,long,2945.305,2932.1665,2932.1665,13.52139358,-181.707248,-1.022834,-1.022834,3,stop,17583.37571
2025-02-20T07:00:00+00:00,2025-02-20T12:00:00+00:00,long,2947.565,2940.144,2932.8043,11.91229123,-91.974801,-0.523078,-0.523078,6,stop,17491.400909
2025-02-24T09:00:00+00:00,2025-02-24T14:00:00+00:00,long,2946.085,2938.9947,2929.831,10.76129009,-79.529162,-0.454676,-0.454676,6,stop,17411.871747
2025-03-03T16:00:00+00:00,2025-03-04T14:00:00+00:00,long,2887.785,2908.387,2872.5414,11.42241449,231.897859,1.331838,1.331838,22,stop,17643.769606
2025-03-07T15:00:00+00:00,2025-03-07T15:00:00+00:00,long,2926.265,2912.7044,2912.7044,13.01105379,-180.341012,-1.022123,-1.022123,1,stop,17463.428594
2025-03-11T09:00:00+00:00,2025-03-12T12:00:00+00:00,long,2911.565,2910.2521,2895.4249,10.81990111,-17.451419,-0.099931,-0.099931,27,stop,17445.977176
2025-03-12T15:00:00+00:00,2025-03-14T13:00:00+00:00,long,2928.505,2982.6413,2916.0387,13.99451094,753.412689,4.318547,4.318547,45,stop,18199.389865
2025-03-17T10:00:00+00:00,2025-03-17T11:00:00+00:00,long,2998.715,2986.2776,2986.263,14.61563593,-186.165201,-1.02292,-1.02292,2,stop,18013.224664
2025-03-18T01:00:00+00:00,2025-03-19T07:00:00+00:00,long,3005.535,3032.1332,2994.4049,16.18424333,425.616468,2.3628,2.3628,30,stop,18438.841132
2025-03-19T18:00:00+00:00,2025-03-20T06:00:00+00:00,long,3046.705,3042.105,3033.3032,13.75848105,-67.416557,-0.365623,-0.365623,12,donch_exit,18371.424575
2025-03-25T13:00:00+00:00,2025-03-26T00:00:00+00:00,long,3027.985,3016.6166,3016.6166,16.16007932,-188.56227,-1.026389,-1.026389,11,stop,18182.862305
2025-03-27T03:00:00+00:00,2025-03-27T12:00:00+00:00,long,3033.445,3042.5705,3021.7843,15.5932854,137.61854,0.756859,0.756859,10,stop,18320.480845
2025-03-27T14:00:00+00:00,2025-03-28T07:00:00+00:00,long,3057.468,3068.4443,3043.9935,13.59640866,145.159338,0.792334,0.792334,17,stop,18465.640183
2025-03-31T00:00:00+00:00,2025-03-31T13:00:00+00:00,long,3088.845,3104.1111,3070.6863,10.16903202,152.19075,0.824183,0.824183,14,stop,18617.830933
2025-04-01T02:00:00+00:00,2025-04-01T06:00:00+00:00,long,3135.235,3128.1893,3116.8213,10.11085818,-74.271331,-0.398926,-0.398926,5,stop,18543.559602
2025-04-02T23:00:00+00:00,2025-04-03T05:00:00+00:00,long,3145.668,3136.828,3122.739,8.08738262,-73.918677,-0.398622,-0.398622,7,stop,18469.640925
2025-04-09T07:00:00+00:00,2025-04-09T17:00:00+00:00,long,3038.685,3056.545,3010.827,6.62992351,116.421457,0.63034,0.63034,11,stop,18586.062382
2025-04-10T03:00:00+00:00,2025-04-14T10:00:00+00:00,long,3119.095,3215.075,3075.666,4.27964318,409.47626,2.203136,2.203136,54,donch_exit,18995.538642
2025-04-15T23:00:00+00:00,2025-04-17T01:00:00+00:00,long,3241.195,3323.5136,3224.078,11.09746956,910.198917,4.791646,4.791646,26,stop,19905.737559
2025-04-21T01:00:00+00:00,2025-04-22T08:00:00+00:00,long,3368.555,3459.534,3340.772,7.16471855,649.689514,3.26383,3.26383,31,stop,20555.427072
2025-04-24T02:00:00+00:00,2025-04-24T14:00:00+00:00,long,3357.345,3312.16,3312.16,4.54917054,-206.919022,-1.006639,-1.006639,13,stop,20348.50805
2025-04-28T17:00:00+00:00,2025-04-29T02:00:00+00:00,long,3336.335,3320.2774,3300.5904,5.69275025,-93.119731,-0.457624,-0.457624,9,stop,20255.388319
2025-05-02T03:00:00+00:00,2025-05-02T13:00:00+00:00,long,3248.085,3241.697,3220.759,7.41249664,-49.574778,-0.244749,-0.244749,11,stop,20205.813541
2025-05-05T09:00:00+00:00,2025-05-06T05:00:00+00:00,long,3282.545,3352.4037,3255.048,7.3483702,511.143078,2.529683,2.529683,20,stop,20716.95662
2025-05-06T13:00:00+00:00,2025-05-06T22:00:00+00:00,long,3390.805,3399.0085,3362.6922,7.36922563,58.242675,0.281135,0.281135,9,stop,20775.199294
2025-05-08T02:00:00+00:00,2025-05-08T04:00:00+00:00,long,3408.325,3382.177,3382.177,7.94523455,-210.135563,-1.011473,-1.011473,3,stop,20565.063731
2025-05-09T16:00:00+00:00,2025-05-11T22:00:00+00:00,long,3344.785,3315.06,3315.06,6.91844028,-207.726169,-1.010093,-1.010093,6,stop,20357.337562
2025-05-13T06:00:00+00:00,2025-05-13T13:00:00+00:00,long,3256.295,3234.77,3228.785,7.3999773,-161.504505,-0.793348,-0.793348,8,stop,20195.833057
2025-05-15T15:00:00+00:00,2025-05-16T01:00:00+00:00,long,3205.185,3220.115,3175.3625,6.77201209,99.074537,0.490569,0.490569,10,stop,20294.907594
2025-05-19T01:00:00+00:00,2025-05-19T03:00:00+00:00,long,3246.255,3212.567,3212.567,6.02437295,-204.756388,-1.008905,-1.008905,3,stop,20090.151206
2025-05-20T12:00:00+00:00,2025-05-21T12:00:00+00:00,long,3240.905,3293.697,3220.4104,9.80265592,514.561015,2.56126,2.56126,24,stop,20604.712221
2025-05-22T02:00:00+00:00,2025-05-22T08:00:00+00:00,long,3337.768,3319.2307,3316.405,9.64504621,-181.686629,-0.881772,-0.881772,7,stop,20423.025592
2025-05-23T07:00:00+00:00,2025-05-26T00:00:00+00:00,long,3330.809,3337.2919,3302.4344,7.19764352,44.50231,0.217903,0.217903,17,stop,20467.527902
2025-05-28T08:00:00+00:00,2025-05-28T13:00:00+00:00,long,3318.948,3304.0972,3299.1598,10.34329949,-156.709262,-0.765648,-0.765648,6,stop,20310.81864
2025-05-29T13:00:00+00:00,2025-05-30T02:00:00+00:00,long,3316.209,3296.803,3289.8244,7.6979824,-151.696441,-0.746875,-0.746875,13,stop,20159.122199
2025-06-02T06:00:00+00:00,2025-06-03T01:00:00+00:00,long,3323.465,3368.9419,3300.0515,8.61004215,388.975013,1.929524,1.929524,19,stop,20548.097212
2025-06-04T02:00:00+00:00,2025-06-04T04:00:00+00:00,long,3370.548,3352.9154,3352.9154,11.65346983,-208.977013,-1.017014,-1.017014,3,stop,20339.120199
2025-06-04T15:00:00+00:00,2025-06-05T12:00:00+00:00,long,3377.148,3380.7927,3357.6304,10.42091251,34.854826,0.171368,0.171368,21,stop,20373.975025
2025-06-09T17:00:00+00:00,2025-06-10T00:00:00+00:00,long,3337.519,3318.6307,3318.6307,10.78655836,-206.975718,-1.015883,-1.015883,7,stop,20166.999307
2025-06-10T14:00:00+00:00,2025-06-10T14:00:00+00:00,long,3343.355,3325.9246,3325.9246,11.57001521,-205.140998,-1.017211,-1.017211,1,stop,19961.85831
2025-06-11T23:00:00+00:00,2025-06-12T07:00:00+00:00,long,3368.665,3350.4867,3345.489,8.61315944,-159.156544,-0.797303,-0.797303,9,stop,19802.701766
2025-06-12T11:00:00+00:00,2025-06-13T06:00:00+00:00,long,3382.308,3412.2619,3356.7237,7.74017728,229.526443,1.159066,1.159066,19,stop,20032.228209
2025-06-15T23:00:00+00:00,2025-06-16T05:00:00+00:00,long,3448.095,3422.9194,3422.9194,7.95700131,-202.709382,-1.011916,-1.011916,7,stop,19829.518826
2025-06-22T23:00:00+00:00,2025-06-23T00:00:00+00:00,long,3378.555,3360.6763,3360.6763,11.09114132,-201.622531,-1.01678,-1.01678,2,stop,19627.896296
2025-06-26T00:00:00+00:00,2025-06-26T11:00:00+00:00,long,3338.835,3332.1329,3324.3643,13.56388861,-94.975704,-0.483881,-0.483881,12,stop,19532.920591
2025-07-02T19:00:00+00:00,2025-07-03T00:00:00+00:00,long,3354.905,3346.6174,3338.9395,12.23445592,-105.064614,-0.537885,-0.537885,5,stop,19427.855978
2025-07-07T20:00:00+00:00,2025-07-08T08:00:00+00:00,long,3337.045,3323.455,3317.7732,10.08097634,-140.024761,-0.720742,-0.720742,12,donch_exit,19287.831216
2025-07-11T11:00:00+00:00,2025-07-14T12:00:00+00:00,long,3344.715,3355.5388,3329.1828,12.41796475,130.684177,0.677547,0.677547,25,stop,19418.515394
2025-07-18T08:00:00+00:00,2025-07-18T19:00:00+00:00,long,3349.685,3348.5268,3335.8554,14.04127046,-20.474981,-0.105441,-0.105441,12,stop,19398.040413
2025-07-21T06:00:00+00:00,2025-07-22T01:00:00+00:00,long,3366.588,3385.8678,3355.1553,16.96715598,322.033227,1.660133,1.660133,19,stop,19720.07364
2025-07-22T13:00:00+00:00,2025-07-23T05:00:00+00:00,long,3407.369,3416.8909,3396.7103,18.50138726,170.617943,0.865199,0.865199,16,stop,19890.691584
2025-08-04T12:00:00+00:00,2025-08-05T06:00:00+00:00,long,3370.175,3365.7755,3354.1993,12.45059158,-58.511555,-0.294166,-0.294166,18,stop,19832.180028
2025-08-05T15:00:00+00:00,2025-08-06T01:00:00+00:00,long,3385.148,3374.6165,3372.0331,15.12186904,-163.792525,-0.825893,-0.825893,10,stop,19668.387504
2025-08-07T02:00:00+00:00,2025-08-07T08:00:00+00:00,long,3382.125,3381.0122,3368.2309,14.1559277,-19.999495,-0.101683,-0.101683,7,stop,19648.388009
2025-08-07T20:00:00+00:00,2025-08-08T01:00:00+00:00,long,3399.579,3384.647,3379.914,9.99155251,-152.191328,-0.774574,-0.774574,5,stop,19496.196681
2025-08-26T01:00:00+00:00,2025-08-26T01:00:00+00:00,long,3383.039,3373.1247,3373.1247,19.66472336,-200.861384,-1.030259,-1.030259,1,stop,19295.335298
2025-08-26T20:00:00+00:00,2025-08-27T04:00:00+00:00,long,3389.548,3378.5553,3370.901,10.3476888,-116.853345,-0.605604,-0.605604,8,stop,19178.481952
2025-08-27T17:00:00+00:00,2025-08-29T01:00:00+00:00,long,3395.205,3408.4422,3383.2726,16.07261067,207.934579,1.084208,1.084208,31,stop,19386.416531
2025-08-29T14:00:00+00:00,2025-09-01T01:00:00+00:00,long,3428.425,3438.642,3418.3938,19.32611904,191.657123,0.988616,0.988616,11,stop,19578.073654
2025-09-01T03:00:00+00:00,2025-09-01T10:00:00+00:00,long,3483.225,3466.4043,3466.4043,11.63927402,-199.272519,-1.017835,-1.017835,8,stop,19378.801135
2025-09-02T02:00:00+00:00,2025-09-02T07:00:00+00:00,long,3497.265,3479.955,3479.8583,11.1329552,-196.051341,-1.011679,-1.011679,6,stop,19182.749794
2025-09-02T15:00:00+00:00,2025-09-03T23:00:00+00:00,long,3510.815,3554.9865,3491.3106,9.83508839,431.48008,2.249313,2.249313,31,stop,19614.229874
2025-09-05T13:00:00+00:00,2025-09-05T14:00:00+00:00,long,3580.195,3574.6657,3564.9334,12.85201412,-74.918246,-0.381959,-0.381959,2,stop,19539.311628
2025-09-08T08:00:00+00:00,2025-09-09T06:00:00+00:00,long,3609.155,3637.2853,3585.9992,8.43819329,234.837451,1.201872,1.201872,22,stop,19774.149079
2025-09-09T14:00:00+00:00,2025-09-09T14:00:00+00:00,long,3665.418,3648.0574,3648.0574,11.3902452,-201.158564,-1.017281,-1.017281,1,stop,19572.990514
2025-09-12T02:00:00+00:00,2025-09-14T23:00:00+00:00,long,3646.175,3636.797,3627.1194,10.27151625,-99.407734,-0.507882,-0.507882,21,stop,19473.58278
2025-09-15T14:00:00+00:00,2025-09-16T15:00:00+00:00,long,3656.945,3681.0945,3642.8503,13.81624496,329.510534,1.69209,1.69209,25,stop,19803.093314
2025-09-19T14:00:00+00:00,2025-09-23T16:00:00+00:00,long,3663.045,3764.935,3647.7849,12.97704033,1318.337527,6.65723,6.65723,49,stop,21121.430841
2025-09-26T14:00:00+00:00,2025-09-26T20:00:00+00:00,long,3761.358,3762.2586,3741.1559,10.45506697,6.279313,0.02973,0.02973,7,stop,21127.710155
2025-09-29T01:00:00+00:00,2025-09-30T07:00:00+00:00,long,3786.895,3847.6053,3765.7382,9.98625036,603.27238,2.855361,2.855361,30,stop,21730.982535
2025-10-01T08:00:00+00:00,2025-10-01T12:00:00+00:00,long,3879.035,3867.1474,3854.2067,8.75250522,-106.672033,-0.490875,-0.490875,5,stop,21624.310502
2025-10-02T11:00:00+00:00,2025-10-02T14:00:00+00:00,long,3881.475,3866.3193,3859.688,9.92532726,-153.402881,-0.7094,-0.7094,4,stop,21470.907621
2025-10-03T13:00:00+00:00,2025-10-07T06:00:00+00:00,long,3873.678,3954.785,3853.234,10.50230269,848.659574,3.952602,3.952602,40,donch_exit,22319.567195
2025-10-07T13:00:00+00:00,2025-10-07T15:00:00+00:00,long,3979.295,3961.7768,3955.6747,9.44931571,-168.369797,-0.75436,-0.75436,3,stop,22151.197398
2025-10-08T00:00:00+00:00,2025-10-08T22:00:00+00:00,long,3994.098,4031.734,3968.8418,8.77059787,327.459042,1.47829,1.47829,22,stop,22478.65644
2025-10-12T23:00:00+00:00,2025-10-14T05:00:00+00:00,long,4041.879,4139.6261,4003.0117,5.78343658,563.579122,2.507174,2.507174,30,stop,23042.235562
2025-10-15T02:00:00+00:00,2025-10-15T09:00:00+00:00,long,4181.555,4172.695,4136.8285,5.15180834,-47.190564,-0.2048,-0.2048,8,stop,22995.044998
2025-10-16T02:00:00+00:00,2025-10-16T05:00:00+00:00,long,4230.008,4204.2949,4195.4879,6.66134947,-173.28235,-0.753564,-0.753564,4,stop,22821.762648
2025-10-16T11:00:00+00:00,2025-10-17T01:00:00+00:00,long,4242.425,4321.7547,4210.0083,7.0401252,556.378982,2.437932,2.437932,14,stop,23378.14163
2025-10-20T12:00:00+00:00,2025-10-21T05:00:00+00:00,long,4278.905,4330.5607,4224.0106,4.258748,218.710985,0.935536,0.935536,17,stop,23596.852615
2025-10-23T14:00:00+00:00,2025-10-24T04:00:00+00:00,long,4144.509,4102.6368,4096.7828,4.94421358,-208.508364,-0.883628,-0.883628,14,stop,23388.344251
2025-10-29T07:00:00+00:00,2025-10-29T16:00:00+00:00,long,4001.385,3985.9072,3958.2039,5.41633822,-85.457901,-0.365387,-0.365387,10,stop,23302.88635
2025-10-30T19:00:00+00:00,2025-10-31T03:00:00+00:00,long,4023.155,3988.8567,3973.5117,4.69406473,-162.40666,-0.696938,-0.696938,8,stop,23140.47969
2025-11-06T07:00:00+00:00,2025-11-06T14:00:00+00:00,long,3991.275,3996.7187,3968.452,10.13910515,52.152515,0.225374,0.225374,8,stop,23192.632205
2025-11-10T02:00:00+00:00,2025-11-11T14:00:00+00:00,long,4043.825,4123.002,4016.9563,8.6318401,680.853651,2.935646,2.935646,36,stop,23873.485857
2025-11-12T16:00:00+00:00,2025-11-13T14:00:00+00:00,long,4181.095,4209.4925,4155.5734,9.35422774,262.830414,1.10093,1.10093,22,stop,24136.31627
2025-11-19T06:00:00+00:00,2025-11-19T15:00:00+00:00,long,4095.315,4097.9507,4059.91,6.81720556,15.922947,0.065971,0.065971,10,stop,24152.239217
2025-11-21T17:00:00+00:00,2025-11-21T20:00:00+00:00,long,4099.619,4060.1981,4060.1981,6.12675997,-243.36042,-1.00761,-1.00761,4,stop,23908.878797
2025-11-24T17:00:00+00:00,2025-11-25T08:00:00+00:00,long,4096.975,4121.0584,4066.5411,7.85600229,186.842445,0.781477,0.781477,15,stop,24095.721242
2025-11-26T03:00:00+00:00,2025-11-26T14:00:00+00:00,long,4161.745,4145.6829,4129.3253,7.4324319,-121.610194,-0.504696,-0.504696,12,stop,23974.111048
2025-11-28T01:00:00+00:00,2025-11-28T07:00:00+00:00,long,4180.405,4173.1933,4163.1473,13.8918344,-104.351292,-0.435267,-0.435267,7,stop,23869.759756
2025-11-28T15:00:00+00:00,2025-12-01T05:00:00+00:00,long,4197.765,4222.4064,4174.5435,10.2791636,250.209233,1.048227,1.048227,12,stop,24119.968988
2025-12-03T14:00:00+00:00,2025-12-03T14:00:00+00:00,long,4237.025,4213.8993,4213.8993,10.42994114,-244.328672,-1.012973,-1.012973,1,stop,23875.640316
2025-12-05T06:00:00+00:00,2025-12-07T23:00:00+00:00,long,4220.325,4224.1454,4198.6418,11.01112397,38.763561,0.162356,0.162356,11,stop,23914.403877
2025-12-10T21:00:00+00:00,2025-12-11T03:00:00+00:00,long,4229.205,4213.0676,4207.7112,11.12618703,-182.885587,-0.764751,-0.764751,6,stop,23731.51829
2025-12-11T16:00:00+00:00,2025-12-12T15:00:00+00:00,long,4255.825,4319.8714,4226.0753,7.97706138,508.508945,2.142758,2.142758,23,stop,24240.027236
2025-12-16T15:00:00+00:00,2025-12-16T16:00:00+00:00,long,4324.305,4298.2647,4298.2647,9.30865898,-245.19287,-1.011521,-1.011521,2,stop,23994.834366
2025-12-18T17:00:00+00:00,2025-12-18T17:00:00+00:00,long,4360.195,4338.7117,4338.7117,11.16906358,-243.299063,-1.013964,-1.013964,1,stop,23751.535303
2025-12-19T16:00:00+00:00,2025-12-23T14:00:00+00:00,long,4347.595,4468.3622,4326.7146,11.37503846,1370.319033,5.769391,5.769391,45,stop,25121.854336
2025-12-23T21:00:00+00:00,2025-12-24T02:00:00+00:00,long,4497.448,4486.2423,4466.8602,8.2130308,-94.496668,-0.376153,-0.376153,5,stop,25027.357668
2025-12-26T16:00:00+00:00,2025-12-26T17:00:00+00:00,long,4546.275,4514.3706,4514.3706,7.84448467,-252.626922,-1.009403,-1.009403,2,stop,24774.730746
2025-12-30T13:00:00+00:00,2025-12-30T14:00:00+00:00,long,4401.065,4359.6472,4359.6472,5.98166265,-249.541806,-1.007243,-1.007243,2,stop,24525.188939
2026-01-02T03:00:00+00:00,2026-01-02T13:00:00+00:00,long,4362.555,4365.506,4314.1323,5.06481236,13.426818,0.054747,0.054747,11,stop,24538.615757
2026-01-05T09:00:00+00:00,2026-01-05T13:00:00+00:00,long,4429.655,4400.9312,4391.8903,6.49776531,-188.589841,-0.768543,-0.768543,5,stop,24350.025916
2026-01-05T16:00:00+00:00,2026-01-07T01:00:00+00:00,long,4448.255,4462.7706,4412.5062,6.8114247,96.828489,0.397653,0.397653,32,stop,24446.854405
2026-01-08T21:00:00+00:00,2026-01-09T17:00:00+00:00,long,4475.835,4483.8958,4444.823,7.88303057,61.178624,0.250252,0.250252,20,stop,24508.033029
2026-01-12T00:00:00+00:00,2026-01-12T23:00:00+00:00,long,4539.775,4581.4227,4511.0431,8.52990336,352.691885,1.439087,1.439087,23,stop,24860.724914
2026-01-13T15:00:00+00:00,2026-01-13T16:00:00+00:00,long,4629.075,4598.7727,4598.7727,8.20423694,-251.06852,-1.0099,-1.0099,2,stop,24609.656393
2026-01-19T00:00:00+00:00,2026-01-21T15:00:00+00:00,long,4672.375,4835.7349,4634.6128,6.51700812,1062.662692,4.318072,4.318072,60,stop,25672.319085
2026-01-22T16:00:00+00:00,2026-01-23T08:00:00+00:00,long,4871.645,4923.0435,4816.5722,4.66152422,238.196895,0.927836,0.927836,16,stop,25910.515981
2026-01-23T17:00:00+00:00,2026-01-26T19:00:00+00:00,long,4980.165,5045.8928,4936.756,5.96892718,390.533774,1.50724,1.50724,26,stop,26301.049754
2026-01-27T21:00:00+00:00,2026-01-29T15:00:00+00:00,long,5176.748,5456.4373,5126.5759,5.24216641,1464.605205,5.568619,5.568619,41,stop,27765.654959
2026-02-03T02:00:00+00:00,2026-02-04T14:00:00+00:00,long,4840.795,4989.6399,4638.6594,1.37361528,204.043545,0.734877,0.734877,36,stop,27969.698504
2026-02-06T14:00:00+00:00,2026-02-09T23:00:00+00:00,long,4928.625,5017.3359,4816.5419,2.49544298,220.62436,0.788798,0.788798,32,stop,28190.322864
2026-02-11T11:00:00+00:00,2026-02-11T12:00:00+00:00,long,5093.015,5064.2612,5044.0939,5.76240576,-167.419785,-0.593891,-0.593891,2,stop,28022.903079
2026-02-18T13:00:00+00:00,2026-02-19T00:00:00+00:00,long,4942.915,4961.8051,4903.2664,7.06781654,131.391416,0.468872,0.468872,11,stop,28154.294495
2026-02-19T07:00:00+00:00,2026-02-19T10:00:00+00:00,long,5017.995,4982.0967,4982.0967,7.84279325,-283.895783,-1.008357,-1.008357,4,stop,27870.398712
2026-02-20T14:00:00+00:00,2026-02-20T15:00:00+00:00,long,5043.265,5016.6666,5007.0006,7.68533292,-206.723159,-0.74173,-0.74173,2,stop,27663.675553
2026-02-20T17:00:00+00:00,2026-02-24T01:00:00+00:00,long,5065.968,5191.5237,5022.5236,6.36760447,797.578755,2.883126,2.883126,31,stop,28461.254308
2026-02-25T06:00:00+00:00,2026-02-25T20:00:00+00:00,long,5201.298,5166.9553,5152.489,5.83114883,-202.006739,-0.70976,-0.70976,15,stop,28259.247569
2026-02-27T14:00:00+00:00,2026-03-02T01:00:00+00:00,long,5222.575,5339.6056,5189.5926,8.56797794,1000.145206,3.539178,3.539178,11,stop,29259.392775
2026-03-02T08:00:00+00:00,2026-03-02T14:00:00+00:00,long,5408.075,5347.2039,5347.2039,4.80677904,-294.035961,-1.004928,-1.004928,7,stop,28965.356813
2026-03-09T19:00:00+00:00,2026-03-10T17:00:00+00:00,long,5140.765,5180.1195,5067.7516,3.96712889,154.934235,0.534895,0.534895,22,stop,29120.291048
2026-08-06T00:00:00+00:00,2026-08-06T05:00:00+00:00,long,4277.985,4249.933,4235.393,6.83703302,-193.84356,-0.665665,-0.665665,6,stop,28926.447488
2026-08-07T07:00:00+00:00,2026-08-10T01:00:00+00:00,long,4297.035,4323.343,4259.97,7.80424861,202.972898,0.701686,0.701686,18,stop,29129.420386
2026-08-10T19:00:00+00:00,2026-08-11T05:00:00+00:00,long,4378.165,4394.9868,4345.054,8.79750548,145.350626,0.498982,0.498982,10,stop,29274.771012
2026-08-12T03:00:00+00:00,2026-08-12T12:00:00+00:00,long,4410.755,4384.402,4378.126,8.97200987,-239.130979,-0.81685,-0.81685,10,stop,29035.640033
2026-08-17T01:00:00+00:00,2026-08-17T12:00:00+00:00,long,4400.665,4384.625,4372.464,10.29596115,-168.236005,-0.579412,-0.579412,12,donch_exit,28867.404028
2026-08-17T15:00:00+00:00,2026-08-18T01:00:00+00:00,long,4417.245,4404.51,4387.311,9.64368411,-125.705422,-0.435458,-0.435458,10,stop,28741.698605
2026-08-19T13:00:00+00:00,2026-08-20T05:00:00+00:00,long,4438.515,4480.3438,4410.2665,10.17459285,422.538631,1.470124,1.470124,16,stop,29164.237237
2026-08-21T06:00:00+00:00,2026-08-24T18:00:00+00:00,long,4553.335,4629.014,4515.305,7.668745,578.062329,1.982093,1.982093,36,stop,29742.299566
2026-08-25T01:00:00+00:00,2026-08-25T02:00:00+00:00,long,4683.915,4644.617,4644.617,7.56840032,-299.693516,-1.007634,-1.007634,2,stop,29442.60605
2026-09-02T14:00:00+00:00,2026-09-03T13:00:00+00:00,long,4384.845,4459.932,4349.408,8.30843639,621.363033,2.110421,2.110421,23,stop,30063.969083
2026-09-08T02:00:00+00:00,2026-09-08T06:00:00+00:00,long,4437.045,4410.236,4410.236,11.21413297,-304.003931,-1.01119,-1.01119,5,stop,29759.965152
2026-09-11T13:00:00+00:00,2026-09-11T16:00:00+00:00,long,4388.345,4357.3597,4352.8281,8.37909985,-262.142653,-0.880857,-0.880857,4,stop,29497.8225
2026-09-16T03:00:00+00:00,2026-09-16T18:00:00+00:00,long,4321.365,4324.482,4291.4171,9.84971317,27.746642,0.094063,0.094063,16,stop,29525.569142
2026-09-18T07:00:00+00:00,2026-09-18T12:00:00+00:00,long,4393.015,4357.968,4356.853,8.16480536,-288.601375,-0.977463,-0.977463,6,stop,29236.967767
