strategy,variant,side,entry_time,exit_time,entry_px,exit_px,stop_px,pnl_oz,r_multiple,risk_oz,reason,bars_held,fold
H1_DONCH_SMA,headline_sma50_nofin,1,2010-02-22 01:00:00+00:00,2010-02-22 07:00:00+00:00,1128.956,1122.1115,1122.1115,-7.144499999999925,-1.0438308130615828,6.844499999999925,trail_stop,7,full
H1_DONCH_SMA,headline_sma50_nofin,1,2010-02-26 08:00:00+00:00,2010-03-01 01:00:00+00:00,1110.464,1114.969,1101.8612999999998,4.205000000000109,0.4888000278982227,8.60270000000014,donch_exit,26,full
H1_DONCH_SMA,headline_sma50_nofin,1,2010-03-01 08:00:00+00:00,2010-03-01 10:00:00+00:00,1120.291,1117.1763999999998,1117.1763999999998,-3.4146000000001093,-1.0963205548063923,3.1146000000001095,trail_stop,3,full
H1_DONCH_SMA,headline_sma50_nofin,1,2010-03-02 13:00:00+00:00,2010-03-03 23:00:00+00:00,1123.718,1138.4519,1117.7640000000001,14.433899999999948,2.4242358078602733,5.953999999999951,trail_stop,35,full
H1_DONCH_SMA,headline_sma50_nofin,1,2010-03-05 15:00:00+00:00,2010-03-05 18:00:00+00:00,1135.937,1133.4511,1131.6291999999999,-2.7858999999999012,-0.6467106179488076,4.307800000000043,trail_stop,4,full
H1_DONCH_SMA,headline_sma50_nofin,1,2010-03-08 08:00:00+00:00,2010-03-08 10:00:00+00:00,1137.113,1133.9465,1133.9465,-3.4665000000000417,-1.0947418285172892,3.166500000000042,trail_stop,3,full
H1_DONCH_SMA,headline_sma50_nofin,1,2010-03-10 04:00:00+00:00,2010-03-10 14:00:00+00:00,1123.977,1120.5291,1116.8331,-3.7479000000001177,-0.5246294041070146,7.143900000000031,trail_stop,11,full
H1_DONCH_SMA,headline_sma50_nofin,1,2010-03-12 00:00:00+00:00,2010-03-12 13:00:00+00:00,1110.343,1112.4076,1104.3328000000001,1.7645999999999276,0.2936008785065297,6.010199999999941,trail_stop,14,full
H1_DONCH_SMA,headline_sma50_nofin,1,2010-03-16 04:00:00+00:00,2010-03-17 12:00:00+00:00,1110.324,1126.3246,1105.1466,15.700599999999849,3.032525978290212,5.177400000000034,trail_stop,33,full
H1_DONCH_SMA,headline_sma50_nofin,1,2010-04-01 13:00:00+00:00,2010-04-02 01:00:00+00:00,1123.605,1122.704,1119.2161,-1.2010000000000673,-0.2736448768484333,4.388899999999921,donch_exit,13,full
H1_DONCH_SMA,headline_sma50_nofin,1,2010-04-04 23:00:00+00:00,2010-04-06 03:00:00+00:00,1124.923,1127.081,1120.6494,1.8579999999999017,0.4347622613253246,4.273599999999988,donch_exit,29,full
H1_DONCH_SMA,headline_sma50_nofin,1,2010-04-06 15:00:00+00:00,2010-04-08 01:00:00+00:00,1136.86,1145.8428000000001,1131.7265,8.682800000000224,1.6913996298822191,5.133499999999913,trail_stop,35,full
H1_DONCH_SMA,headline_sma50_nofin,1,2010-04-08 16:00:00+00:00,2010-04-09 13:00:00+00:00,1152.26,1153.1701,1146.4577,0.6101000000000567,0.10514795856816271,5.802300000000059,trail_stop,22,full
H1_DONCH_SMA,headline_sma50_nofin,1,2010-04-09 15:00:00+00:00,2010-04-11 21:00:00+00:00,1158.524,1158.688,1154.4022,-0.13599999999978535,-0.032995293318401876,4.121799999999894,donch_exit,16,full
H1_DONCH_SMA,headline_sma50_nofin,1,2010-04-11 23:00:00+00:00,2010-04-12 09:00:00+00:00,1165.997,1162.1046000000001,1162.1046000000001,-4.192399999999952,-1.0770732709896218,3.8923999999999523,trail_stop,11,full
H1_DONCH_SMA,headline_sma50_nofin,1,2010-04-14 09:00:00+00:00,2010-04-14 13:00:00+00:00,1158.647,1154.1292999999998,1152.4249,-4.817700000000104,-0.7742884235226273,6.222099999999955,trail_stop,5,full
H1_DONCH_SMA,headline_sma50_nofin,1,2010-04-15 15:00:00+00:00,2010-04-16 01:00:00+00:00,1158.718,1154.1579000000002,1152.8903,-4.86009999999992,-0.833965372273775,5.82770000000005,trail_stop,11,full
H1_DONCH_SMA,headline_sma50_nofin,1,2010-04-20 08:00:00+00:00,2010-04-20 15:00:00+00:00,1140.813,1139.6847,1135.1895000000002,-1.4283000000000812,-0.25398773006136766,5.623499999999922,trail_stop,8,full
H1_DONCH_SMA,headline_sma50_nofin,1,2010-04-21 17:00:00+00:00,2010-04-22 09:00:00+00:00,1149.272,1143.9582,1143.9582,-5.613799999999901,-1.0564567729308603,5.313799999999901,trail_stop,17,full
H1_DONCH_SMA,headline_sma50_nofin,1,2010-04-23 15:00:00+00:00,2010-04-25 23:00:00+00:00,1152.852,1153.685,1147.4341000000002,0.5329999999998563,0.09837760017716539,5.417899999999918,donch_exit,18,full
H1_DONCH_SMA,headline_sma50_nofin,1,2010-04-26 02:00:00+00:00,2010-04-26 07:00:00+00:00,1158.535,1155.5194,1153.9688,-3.3156000000001766,-0.7261179974596361,4.566199999999981,trail_stop,6,full
H1_DONCH_SMA,headline_sma50_nofin,1,2010-04-27 15:00:00+00:00,2010-04-28 05:00:00+00:00,1157.568,1163.2504,1152.7778,5.382399999999916,1.1236274059538252,4.790199999999913,trail_stop,15,full
H1_DONCH_SMA,headline_sma50_nofin,1,2010-04-30 01:00:00+00:00,2010-05-02 21:00:00+00:00,1174.033,1177.102,1168.1097,2.7690000000001875,0.4674759002583394,5.9232999999999265,donch_exit,30,full
H1_DONCH_SMA,headline_sma50_nofin,1,2010-05-03 11:00:00+00:00,2010-05-03 14:00:00+00:00,1180.398,1181.6215,1177.5197999999998,0.9235000000000582,0.3208602598846585,2.8782000000001062,trail_stop,4,full
H1_DONCH_SMA,headline_sma50_nofin,1,2010-05-04 13:00:00+00:00,2010-05-04 13:00:00+00:00,1189.965,1184.8317,1184.8317,-5.433299999999963,-1.0584419379346623,5.133299999999963,trail_stop,1,full
H1_DONCH_SMA,headline_sma50_nofin,1,2010-05-05 16:00:00+00:00,2010-05-06 12:00:00+00:00,1174.783,1177.2914,1166.6409999999998,2.2084000000001653,0.27123556865636833,8.142000000000053,trail_stop,21,full
H1_DONCH_SMA,headline_sma50_nofin,1,2010-05-06 15:00:00+00:00,2010-05-07 02:00:00+00:00,1184.878,1197.6283,1178.0629999999999,12.450300000000151,1.8268965517241456,6.815000000000055,trail_stop,12,full
H1_DONCH_SMA,headline_sma50_nofin,1,2010-05-07 17:00:00+00:00,2010-05-09 22:00:00+00:00,1210.684,1200.8739,1200.8739,-10.110099999999921,-1.0305807280251988,9.81009999999992,trail_stop,15,full
H1_DONCH_SMA,headline_sma50_nofin,1,2010-05-11 05:00:00+00:00,2010-05-11 15:00:00+00:00,1203.982,1215.385,1196.0545,11.10300000000002,1.4005676442762545,7.927500000000009,trail_stop,11,full
H1_DONCH_SMA,headline_sma50_nofin,1,2010-05-11 19:00:00+00:00,2010-05-12 22:00:00+00:00,1228.426,1235.1683,1221.0497,6.442300000000114,0.8733782519691716,7.376299999999901,trail_stop,28,full
H1_DONCH_SMA,headline_sma50_nofin,1,2010-05-14 10:00:00+00:00,2010-05-14 13:00:00+00:00,1244.258,1240.8986,1237.4801,-3.6594000000000504,-0.539901739476833,6.777900000000045,trail_stop,4,full
H1_DONCH_SMA,headline_sma50_nofin,1,2010-05-17 03:00:00+00:00,2010-05-17 06:00:00+00:00,1238.265,1236.3465,1231.4037,-2.2184999999999944,-0.3233352280180119,6.861300000000028,trail_stop,4,full
H1_DONCH_SMA,headline_sma50_nofin,1,2010-05-18 19:00:00+00:00,2010-05-18 20:00:00+00:00,1227.284,1219.7233,1219.7233,-7.860699999999997,-1.039678865713492,7.560699999999997,trail_stop,2,full
H1_DONCH_SMA,headline_sma50_nofin,1,2010-05-24 03:00:00+00:00,2010-05-24 08:00:00+00:00,1184.51,1184.4569999999999,1180.4912,-0.35300000000011095,-0.08783716532300838,4.018800000000056,trail_stop,6,full
H1_DONCH_SMA,headline_sma50_nofin,1,2010-05-24 16:00:00+00:00,2010-05-25 00:00:00+00:00,1192.15,1188.1619999999998,1185.5938,-4.288000000000284,-0.6540373997132928,6.55619999999999,trail_stop,9,full
H1_DONCH_SMA,headline_sma50_nofin,1,2010-05-25 14:00:00+00:00,2010-05-27 07:00:00+00:00,1197.31,1210.9304000000002,1189.1352,13.320400000000244,1.6294465919655816,8.174800000000005,trail_stop,42,full
H1_DONCH_SMA,headline_sma50_nofin,1,2010-05-31 15:00:00+00:00,2010-06-01 04:00:00+00:00,1216.124,1216.6419,1212.6413,0.21790000000005422,0.06256639963248423,3.4827000000000226,trail_stop,14,full
H1_DONCH_SMA,headline_sma50_nofin,1,2010-06-01 09:00:00+00:00,2010-06-02 01:00:00+00:00,1222.266,1221.1996,1217.5914,-1.366400000000158,-0.2923030847559453,4.674600000000055,trail_stop,17,full
H1_DONCH_SMA,headline_sma50_nofin,1,2010-06-04 16:00:00+00:00,2010-06-06 21:00:00+00:00,1212.37,1217.868,1204.3075,5.1980000000000475,0.6447131782945795,8.0625,donch_exit,16,full
H1_DONCH_SMA,headline_sma50_nofin,1,2010-06-07 15:00:00+00:00,2010-06-08 18:00:00+00:00,1231.668,1239.6984000000002,1226.4366999999997,7.730400000000327,1.4777206430524172,5.231300000000147,trail_stop,28,full
H1_DONCH_SMA,headline_sma50_nofin,1,2010-06-11 13:00:00+00:00,2010-06-11 13:00:00+00:00,1227.505,1221.5185000000001,1221.5185000000001,-6.286499999999978,-1.0501127536958157,5.986499999999978,trail_stop,1,full
H1_DONCH_SMA,headline_sma50_nofin,1,2010-06-14 07:00:00+00:00,2010-06-14 09:00:00+00:00,1232.495,1229.5432999999998,1229.5432999999998,-3.2517000000000733,-1.1016363451570255,2.9517000000000735,trail_stop,3,full
H1_DONCH_SMA,headline_sma50_nofin,1,2010-06-15 13:00:00+00:00,2010-06-16 16:00:00+00:00,1225.506,1229.5207999999998,1220.4839,3.7147999999996957,0.7396905676907259,5.022100000000137,trail_stop,28,full
H1_DONCH_SMA,headline_sma50_nofin,1,2010-06-17 11:00:00+00:00,2010-06-18 02:00:00+00:00,1235.828,1241.4867,1230.3093,5.358699999999954,0.971007664848583,5.518700000000081,trail_stop,16,full
H1_DONCH_SMA,headline_sma50_nofin,1,2010-06-18 12:00:00+00:00,2010-06-21 02:00:00+00:00,1256.165,1255.2354,1251.076,-1.2295999999999367,-0.24161917862054447,5.088999999999942,trail_stop,24,full
H1_DONCH_SMA,headline_sma50_nofin,1,2010-06-21 07:00:00+00:00,2010-06-21 08:00:00+00:00,1260.717,1261.1172000000001,1257.8103,0.10020000000004076,0.03447208174219587,2.9067000000000007,trail_stop,2,full
H1_DONCH_SMA,headline_sma50_nofin,1,2010-06-22 15:00:00+00:00,2010-06-23 12:00:00+00:00,1241.004,1238.6924,1234.7568999999999,-2.6115999999999984,-0.41804997518848414,6.247100000000046,trail_stop,22,full
H1_DONCH_SMA,headline_sma50_nofin,1,2010-06-24 15:00:00+00:00,2010-06-24 19:00:00+00:00,1242.429,1239.1721,1235.5843,-3.5569000000000868,-0.519657545253997,6.844700000000103,trail_stop,5,full
H1_DONCH_SMA,headline_sma50_nofin,1,2010-06-25 12:00:00+00:00,2010-06-28 03:00:00+00:00,1251.377,1254.6675,1245.0558,2.9905000000000657,0.4730905524267751,6.3211999999998625,trail_stop,26,full
H1_DONCH_SMA,headline_sma50_nofin,1,2010-06-28 14:00:00+00:00,2010-06-28 14:00:00+00:00,1260.173,1255.6258,1255.6258,-4.847199999999975,-1.0659746657283606,4.547199999999975,trail_stop,1,full
H1_DONCH_SMA,headline_sma50_nofin,1,2010-06-29 17:00:00+00:00,2010-06-30 12:00:00+00:00,1242.545,1238.5905,1234.8633,-4.254500000000053,-0.5538487574365052,7.681700000000092,trail_stop,20,full
H1_DONCH_SMA,headline_sma50_nofin,1,2010-08-13 05:00:00+00:00,2010-08-13 12:00:00+00:00,1214.975,1212.1374999999998,1209.4412,-3.1375000000000908,-0.5669702555206425,5.533799999999928,trail_stop,8,full
H1_DONCH_SMA,headline_sma50_nofin,1,2010-08-16 03:00:00+00:00,2010-08-16 15:00:00+00:00,1218.601,1221.2676999999999,1215.9554,2.3666999999997644,0.8945796794676868,2.6456000000000586,trail_stop,13,full
H1_DONCH_SMA,headline_sma50_nofin,1,2010-08-18 16:00:00+00:00,2010-08-19 15:00:00+00:00,1227.557,1230.5581,1223.295,2.7010999999999514,0.6337634913186267,4.261999999999944,trail_stop,24,full
H1_DONCH_SMA,headline_sma50_nofin,1,2010-08-23 05:00:00+00:00,2010-08-23 07:00:00+00:00,1229.542,1226.895,1226.895,-2.9469999999999343,-1.113335851907823,2.6469999999999345,trail_stop,3,full
H1_DONCH_SMA,headline_sma50_nofin,1,2010-08-24 15:00:00+00:00,2010-08-25 12:00:00+00:00,1232.054,1231.7576000000001,1225.9709,-0.5963999999999487,-0.09804211668391824,6.083100000000059,trail_stop,22,full
H1_DONCH_SMA,headline_sma50_nofin,1,2010-08-26 06:00:00+00:00,2010-08-26 12:00:00+00:00,1241.006,1238.4968999999999,1235.4076,-2.8091000000002166,-0.5017683623892853,5.598400000000083,trail_stop,7,full
H1_DONCH_SMA,headline_sma50_nofin,1,2010-08-27 13:00:00+00:00,2010-08-27 14:00:00+00:00,1238.883,1234.0676,1234.0676,-5.115399999999954,-1.0623001204469,4.815399999999954,trail_stop,2,full
H1_DONCH_SMA,headline_sma50_nofin,1,2010-08-31 13:00:00+00:00,2010-09-01 12:00:00+00:00,1242.906,1248.9199,1239.3128,5.713900000000149,1.5901981520650423,3.5932000000000244,trail_stop,24,full
H1_DONCH_SMA,headline_sma50_nofin,1,2010-09-02 14:00:00+00:00,2010-09-03 12:00:00+00:00,1249.851,1248.9381999999998,1245.6159,-1.2128000000002885,-0.2863686807868195,4.235100000000102,trail_stop,23,full
H1_DONCH_SMA,headline_sma50_nofin,1,2010-09-06 08:00:00+00:00,2010-09-07 00:00:00+00:00,1249.651,1247.3285,1247.3285,-2.6224999999999907,-1.1291711517761038,2.322499999999991,trail_stop,17,full
H1_DONCH_SMA,headline_sma50_nofin,1,2010-09-07 13:00:00+00:00,2010-09-07 21:00:00+00:00,1257.005,1253.912,1253.912,-3.3930000000000744,-1.0969932104752644,3.0930000000000746,trail_stop,9,full
H1_DONCH_SMA,headline_sma50_nofin,1,2010-09-08 07:00:00+00:00,2010-09-08 12:00:00+00:00,1259.567,1255.8598,1254.6871999999998,-4.007200000000057,-0.8211811959506385,4.879800000000159,trail_stop,6,full
H1_DONCH_SMA,headline_sma50_nofin,1,2010-09-14 00:00:00+00:00,2010-09-14 19:00:00+00:00,1248.148,1267.409,1242.7592,18.961000000000194,3.5185941211402136,5.3887999999999465,trail_stop,20,full
H1_DONCH_SMA,headline_sma50_nofin,1,2010-09-16 10:00:00+00:00,2010-09-16 13:00:00+00:00,1271.641,1271.3839,1266.6781,-0.5571000000000368,-0.11225291664148741,4.9628999999999905,trail_stop,4,full
H1_DONCH_SMA,headline_sma50_nofin,1,2010-09-17 06:00:00+00:00,2010-09-17 12:00:00+00:00,1278.829,1275.5271,1273.0747,-3.601899999999932,-0.625949290096084,5.7543000000000575,trail_stop,7,full
H1_DONCH_SMA,headline_sma50_nofin,1,2010-09-20 05:00:00+00:00,2010-09-20 10:00:00+00:00,1279.914,1278.558,1276.6754,-1.6559999999999946,-0.5113320570617065,3.2385999999999058,trail_stop,6,full
H1_DONCH_SMA,headline_sma50_nofin,1,2010-09-21 20:00:00+00:00,2010-09-23 12:00:00+00:00,1287.574,1287.6282,1280.3808000000001,-0.24579999999996288,-0.03417116165266713,7.193199999999933,trail_stop,41,full
H1_DONCH_SMA,headline_sma50_nofin,1,2010-09-24 09:00:00+00:00,2010-09-24 15:00:00+00:00,1296.988,1294.0511,1291.8418,-3.2369000000001504,-0.6289883797753809,5.146200000000135,trail_stop,7,full
H1_DONCH_SMA,headline_sma50_nofin,1,2010-09-27 06:00:00+00:00,2010-09-27 07:00:00+00:00,1298.086,1296.7691,1295.8848,-1.6169000000000324,-0.7345538797020049,2.2011999999999716,trail_stop,2,full
H1_DONCH_SMA,headline_sma50_nofin,1,2010-09-28 15:00:00+00:00,2010-09-29 08:00:00+00:00,1305.571,1306.212,1299.32,0.3410000000000764,0.05455127179652499,6.250999999999976,donch_exit,18,full
H1_DONCH_SMA,headline_sma50_nofin,1,2010-09-30 08:00:00+00:00,2010-09-30 13:00:00+00:00,1311.915,1310.4354,1306.6616,-1.7795999999998913,-0.33875204629380445,5.253400000000056,trail_stop,6,full
H1_DONCH_SMA,headline_sma50_nofin,1,2010-10-01 10:00:00+00:00,2010-10-04 00:00:00+00:00,1315.308,1315.4672,1308.2399999999998,-0.1407999999999447,-0.019920769666092315,7.068000000000211,trail_stop,24,full
H1_DONCH_SMA,headline_sma50_nofin,1,2010-10-05 08:00:00+00:00,2010-10-07 09:00:00+00:00,1326.422,1354.144,1321.584,27.42199999999998,5.668044646548196,4.837999999999965,trail_stop,50,full
H1_DONCH_SMA,headline_sma50_nofin,1,2010-10-08 15:00:00+00:00,2010-10-11 07:00:00+00:00,1347.133,1347.9247,1337.9497999999999,0.49169999999999164,0.05354342712779669,9.18320000000017,trail_stop,24,full
H1_DONCH_SMA,headline_sma50_nofin,1,2010-10-11 23:00:00+00:00,2010-10-12 01:00:00+00:00,1353.917,1347.4432,1347.4432,-6.773799999999983,-1.046340634557756,6.473799999999983,trail_stop,3,full
H1_DONCH_SMA,headline_sma50_nofin,1,2010-10-13 01:00:00+00:00,2010-10-14 10:00:00+00:00,1353.016,1376.6445,1345.3489,23.32850000000003,3.0426758487563315,7.667100000000119,trail_stop,34,full
H1_DONCH_SMA,headline_sma50_nofin,1,2010-10-18 15:00:00+00:00,2010-10-18 22:00:00+00:00,1371.292,1366.3917000000001,1364.3454,-5.200299999999788,-0.7486108311979668,6.9465999999999894,trail_stop,8,full
H1_DONCH_SMA,headline_sma50_nofin,1,2010-10-20 17:00:00+00:00,2010-10-21 04:00:00+00:00,1345.83,1340.3534,1337.807,-5.776599999999962,-0.720004985666213,8.02299999999991,trail_stop,12,full
H1_DONCH_SMA,headline_sma50_nofin,1,2010-10-23 00:00:00+00:00,2010-10-24 21:00:00+00:00,1327.997,1326.474,1320.8499000000002,-1.8230000000001383,-0.2550684893173681,7.147099999999909,donch_exit,7,full
H1_DONCH_SMA,headline_sma50_nofin,1,2010-10-24 23:00:00+00:00,2010-10-25 07:00:00+00:00,1331.533,1343.2479999999998,1326.9433999999999,11.414999999999917,2.4871448492243053,4.5896000000000186,trail_stop,9,full
H1_DONCH_SMA,headline_sma50_nofin,1,2010-10-26 23:00:00+00:00,2010-10-27 03:00:00+00:00,1342.888,1335.3379,1335.3379,-7.850099999999929,-1.039734573052013,7.550099999999929,trail_stop,5,full
H1_DONCH_SMA,headline_sma50_nofin,1,2010-10-28 12:00:00+00:00,2010-10-29 09:00:00+00:00,1329.017,1335.9210999999998,1322.6555,6.604099999999744,1.03813565982862,6.361499999999978,trail_stop,22,full
H1_DONCH_SMA,headline_sma50_nofin,1,2010-10-29 12:00:00+00:00,2010-10-29 13:00:00+00:00,1346.553,1342.3523000000002,1339.4388000000001,-4.50069999999987,-0.6326361361783307,7.1141999999999825,trail_stop,2,full
H1_DONCH_SMA,headline_sma50_nofin,1,2010-10-29 17:00:00+00:00,2010-11-01 00:00:00+00:00,1357.162,1358.3952000000002,1349.6054000000001,0.9332000000001244,0.12349469338063918,7.556599999999889,trail_stop,18,full
H1_DONCH_SMA,headline_sma50_nofin,1,2010-11-03 10:00:00+00:00,2010-11-03 12:00:00+00:00,1357.576,1357.9385,1351.9037,0.062499999999954536,0.011018458121036455,5.67229999999995,trail_stop,3,full
H1_DONCH_SMA,headline_sma50_nofin,1,2010-11-04 10:00:00+00:00,2010-11-05 07:00:00+00:00,1363.808,1384.322,1351.77,20.213999999999896,1.6791825884698353,12.038000000000011,donch_exit,22,full
H1_DONCH_SMA,headline_sma50_nofin,1,2010-11-05 15:00:00+00:00,2010-11-05 16:00:00+00:00,1395.84,1387.0801,1387.0801,-9.059900000000017,-1.0342469662895695,8.759900000000016,trail_stop,2,full
H1_DONCH_SMA,headline_sma50_nofin,1,2010-11-08 17:00:00+00:00,2010-11-09 18:00:00+00:00,1399.431,1413.11,1392.9257000000002,13.37899999999986,2.056630747236908,6.5052999999998065,trail_stop,26,full
H1_DONCH_SMA,headline_sma50_nofin,1,2010-11-11 09:00:00+00:00,2010-11-11 14:00:00+00:00,1410.772,1405.2583,1399.6751,-5.8136999999999714,-0.5239030720291225,11.096900000000005,trail_stop,6,full
H1_DONCH_SMA,headline_sma50_nofin,1,2010-11-23 15:00:00+00:00,2010-11-24 15:00:00+00:00,1376.822,1370.7875000000001,1368.9917999999998,-6.334499999999752,-0.8089831677351368,7.830200000000104,trail_stop,25,full
H1_DONCH_SMA,headline_sma50_nofin,1,2010-11-29 08:00:00+00:00,2010-11-29 10:00:00+00:00,1366.504,1360.8385999999998,1360.8385999999998,-5.96540000000009,-1.0529530130264404,5.665400000000091,trail_stop,3,full
H1_DONCH_SMA,headline_sma50_nofin,1,2010-11-30 10:00:00+00:00,2010-12-01 13:00:00+00:00,1375.788,1388.1934999999999,1368.33,12.105499999999846,1.623156342182852,7.458000000000084,trail_stop,28,full
H1_DONCH_SMA,headline_sma50_nofin,1,2010-12-02 17:00:00+00:00,2010-12-02 17:00:00+00:00,1397.717,1391.9085,1391.9085,-6.108500000000094,-1.0516484462425746,5.808500000000095,trail_stop,1,full
H1_DONCH_SMA,headline_sma50_nofin,1,2010-12-03 14:00:00+00:00,2010-12-06 08:00:00+00:00,1398.092,1411.9074,1391.4486000000002,13.515399999999953,2.034410091218367,6.643399999999929,trail_stop,24,full
H1_DONCH_SMA,headline_sma50_nofin,1,2010-12-06 21:00:00+00:00,2010-12-07 14:00:00+00:00,1424.801,1422.1982,1417.3776,-2.902799999999888,-0.3910337581162172,7.423399999999901,trail_stop,18,full
H1_DONCH_SMA,headline_sma50_nofin,1,2010-12-09 15:00:00+00:00,2010-12-09 15:00:00+00:00,1392.647,1385.5665,1385.5665,-7.380500000000029,-1.0423698891321231,7.080500000000029,trail_stop,1,full
H1_DONCH_SMA,headline_sma50_nofin,1,2010-12-13 06:00:00+00:00,2010-12-14 13:00:00+00:00,1388.439,1400.7757,1383.8601,12.036699999999836,2.628731791478281,4.578899999999976,trail_stop,32,full
H1_DONCH_SMA,headline_sma50_nofin,1,2010-12-21 08:00:00+00:00,2010-12-21 14:00:00+00:00,1388.629,1386.244,1382.9198999999999,-2.6849999999999907,-0.47030179888248136,5.709100000000035,trail_stop,7,full
H1_DONCH_SMA,headline_sma50_nofin,1,2010-12-27 06:00:00+00:00,2010-12-27 10:00:00+00:00,1384.762,1381.7208999999998,1381.7208999999998,-3.341100000000142,-1.0986485153398395,3.0411000000001422,trail_stop,5,full
H1_DONCH_SMA,headline_sma50_nofin,1,2010-12-28 02:00:00+00:00,2010-12-29 10:00:00+00:00,1388.479,1402.5857999999998,1383.8377,13.806799999999793,2.9747699997844976,4.641300000000001,trail_stop,33,full
H1_DONCH_SMA,headline_sma50_nofin,1,2010-12-29 16:00:00+00:00,2010-12-30 13:00:00+00:00,1410.938,1409.0754000000002,1406.2629000000002,-2.1625999999999292,-0.46257834057024705,4.675099999999929,trail_stop,22,full
H1_DONCH_SMA,headline_sma50_nofin,1,2010-12-31 11:00:00+00:00,2011-01-02 23:00:00+00:00,1412.3,1416.9289999999999,1407.4249,4.328999999999906,0.887981784989011,4.875099999999975,trail_stop,21,full
H1_DONCH_SMA,headline_sma50_nofin,1,2011-01-03 13:00:00+00:00,2011-01-03 13:00:00+00:00,1422.615,1419.1693,1419.1693,-3.745699999999988,-1.0870650375830748,3.445699999999988,trail_stop,1,full
H1_DONCH_SMA,headline_sma50_nofin,1,2011-01-13 14:00:00+00:00,2011-01-13 14:00:00+00:00,1391.949,1386.6621,1386.6621,-5.5869000000000595,-1.0567440276910849,5.28690000000006,trail_stop,1,full
H1_DONCH_SMA,headline_sma50_nofin,1,2011-02-16 09:00:00+00:00,2011-02-16 10:00:00+00:00,1377.269,1372.8666,1372.8666,-4.702399999999943,-1.0681446483736152,4.402399999999943,trail_stop,2,full
H1_DONCH_SMA,headline_sma50_nofin,1,2011-02-18 05:00:00+00:00,2011-02-18 13:00:00+00:00,1384.93,1382.6233,1380.7615,-2.6067000000000915,-0.6253328535444632,4.1684999999999945,trail_stop,9,full
H1_DONCH_SMA,headline_sma50_nofin,1,2011-02-21 01:00:00+00:00,2011-02-22 02:00:00+00:00,1392.626,1405.3396999999998,1387.1408999999999,12.413699999999789,2.2631674901094887,5.485100000000102,trail_stop,26,full
H1_DONCH_SMA,headline_sma50_nofin,1,2011-02-23 15:00:00+00:00,2011-02-23 19:00:00+00:00,1407.892,1409.0491,1402.8153000000002,0.8570999999999003,0.16883014556698767,5.076699999999846,trail_stop,5,full
H1_DONCH_SMA,headline_sma50_nofin,1,2011-02-24 13:00:00+00:00,2011-02-24 15:00:00+00:00,1417.366,1411.1551,1411.1551,-6.510900000000038,-1.0483021784282467,6.210900000000038,trail_stop,3,full
H1_DONCH_SMA,headline_sma50_nofin,1,2011-02-28 00:00:00+00:00,2011-02-28 08:00:00+00:00,1413.642,1411.363,1407.8331,-2.578999999999996,-0.44397390211571874,5.808899999999994,trail_stop,9,full
H1_DONCH_SMA,headline_sma50_nofin,1,2011-03-01 11:00:00+00:00,2011-03-02 03:00:00+00:00,1418.769,1427.8527000000001,1413.0571,8.783700000000135,1.5377895271275954,5.711900000000014,trail_stop,17,full
H1_DONCH_SMA,headline_sma50_nofin,1,2011-03-02 14:00:00+00:00,2011-03-02 19:00:00+00:00,1435.036,1434.2158,1429.7538,-1.1202000000001135,-0.2120707281057309,5.282200000000103,trail_stop,6,full
H1_DONCH_SMA,headline_sma50_nofin,1,2011-03-04 15:00:00+00:00,2011-03-07 14:00:00+00:00,1425.83,1437.7104000000002,1420.5085,11.580400000000235,2.1761533402236592,5.3215000000000146,trail_stop,31,full
H1_DONCH_SMA,headline_sma50_nofin,1,2011-03-09 12:00:00+00:00,2011-03-09 16:00:00+00:00,1433.58,1428.5221,1427.3546999999999,-5.357900000000018,-0.8606653494610645,6.225300000000061,trail_stop,5,full
H1_DONCH_SMA,headline_sma50_nofin,1,2011-03-11 17:00:00+00:00,2011-03-14 02:00:00+00:00,1421.264,1422.7778999999998,1413.0718,1.2138999999999214,0.14817753472814724,8.192199999999957,trail_stop,19,full
H1_DONCH_SMA,headline_sma50_nofin,1,2011-03-17 15:00:00+00:00,2011-03-18 17:00:00+00:00,1403.77,1413.6482,1395.2862,9.578200000000106,1.12899879770859,8.483799999999974,trail_stop,27,full
H1_DONCH_SMA,headline_sma50_nofin,1,2011-03-20 23:00:00+00:00,2011-03-21 13:00:00+00:00,1425.55,1428.1299000000001,1420.4049,2.27990000000018,0.4431206390546732,5.145099999999957,trail_stop,15,full
H1_DONCH_SMA,headline_sma50_nofin,1,2011-03-23 09:00:00+00:00,2011-03-24 12:00:00+00:00,1431.314,1438.3988,1425.7013000000002,6.784799999999859,1.2088299748783964,5.612699999999904,trail_stop,28,full
H1_DONCH_SMA,headline_sma50_nofin,1,2011-03-24 15:00:00+00:00,2011-03-24 16:00:00+00:00,1446.112,1441.8631,1441.8631,-4.548900000000049,-1.0706065099202138,4.248900000000049,trail_stop,2,full
H1_DONCH_SMA,headline_sma50_nofin,1,2011-03-30 13:00:00+00:00,2011-03-30 14:00:00+00:00,1428.005,1422.9840000000002,1422.9840000000002,-5.320999999999958,-1.0597490539733125,5.020999999999958,trail_stop,2,full
H1_DONCH_SMA,headline_sma50_nofin,1,2011-03-31 11:00:00+00:00,2011-03-31 20:00:00+00:00,1433.005,1433.1105000000002,1426.9368000000002,-0.19449999999987994,-0.03205233841994035,6.068199999999933,trail_stop,10,full
H1_DONCH_SMA,headline_sma50_nofin,1,2011-04-04 07:00:00+00:00,2011-04-04 09:00:00+00:00,1433.391,1431.9842,1431.2949,-1.7067999999999757,-0.814274128142738,2.0960999999999785,trail_stop,3,full
H1_DONCH_SMA,headline_sma50_nofin,1,2011-04-04 11:00:00+00:00,2011-04-04 15:00:00+00:00,1435.338,1433.4419,1432.6181,-2.196099999999933,-0.8074193904187251,2.7199000000000524,trail_stop,5,full
H1_DONCH_SMA,headline_sma50_nofin,1,2011-04-05 06:00:00+00:00,2011-04-05 10:00:00+00:00,1438.658,1433.1684999999998,1433.1684999999998,-5.789500000000134,-1.0546497859550037,5.489500000000135,trail_stop,5,full
H1_DONCH_SMA,headline_sma50_nofin,1,2011-04-05 15:00:00+00:00,2011-04-06 15:00:00+00:00,1442.021,1455.3072,1436.9030999999998,12.986200000000007,2.5374079212175937,5.117900000000191,trail_stop,25,full
H1_DONCH_SMA,headline_sma50_nofin,1,2011-04-08 07:00:00+00:00,2011-04-08 13:00:00+00:00,1466.625,1466.3201,1459.8198,-0.6049000000000888,-0.08888790924588368,6.8052000000000135,trail_stop,7,full
H1_DONCH_SMA,headline_sma50_nofin,1,2011-04-13 12:00:00+00:00,2011-04-13 14:00:00+00:00,1460.783,1456.5196999999998,1455.2045999999998,-4.563300000000072,-0.8180302595726353,5.5784000000001015,trail_stop,3,full
H1_DONCH_SMA,headline_sma50_nofin,1,2011-04-14 06:00:00+00:00,2011-04-14 09:00:00+00:00,1463.024,1456.6879,1456.6879,-6.6360999999999875,-1.0473477375672733,6.336099999999988,trail_stop,4,full
H1_DONCH_SMA,headline_sma50_nofin,1,2011-04-14 14:00:00+00:00,2011-04-15 07:00:00+00:00,1466.417,1471.94,1460.485,5.223000000000138,0.8804787592717673,5.932000000000016,donch_exit,18,full
H1_DONCH_SMA,headline_sma50_nofin,1,2011-04-15 15:00:00+00:00,2011-04-18 06:00:00+00:00,1481.97,1484.2903999999999,1475.6766,2.020399999999836,0.32103473480151107,6.29340000000002,trail_stop,26,full
H1_DONCH_SMA,headline_sma50_nofin,1,2011-04-18 14:00:00+00:00,2011-04-18 14:00:00+00:00,1492.334,1487.9686000000002,1487.9686000000002,-4.6653999999999085,-1.0687222247674912,4.365399999999909,trail_stop,1,full
H1_DONCH_SMA,headline_sma50_nofin,1,2011-04-20 07:00:00+00:00,2011-04-20 17:00:00+00:00,1501.557,1499.3039999999999,1494.9636,-2.5530000000001563,-0.3872053872054124,6.593399999999974,trail_stop,11,full
H1_DONCH_SMA,headline_sma50_nofin,1,2011-04-21 02:00:00+00:00,2011-04-21 12:00:00+00:00,1507.887,1501.9650000000001,1501.6707999999999,-6.221999999999798,-1.0009330459122496,6.216200000000072,trail_stop,11,full
H1_DONCH_SMA,headline_sma50_nofin,1,2011-04-22 08:00:00+00:00,2011-04-25 11:00:00+00:00,1510.036,1514.8700000000001,1503.7142000000001,4.53400000000006,0.7172007972413085,6.321799999999939,trail_stop,38,full
H1_DONCH_SMA,headline_sma50_nofin,1,2011-04-26 23:00:00+00:00,2011-04-27 07:00:00+00:00,1507.057,1505.14,1499.7178000000001,-2.216999999999916,-0.3020765206016935,7.339199999999892,donch_exit,9,full
H1_DONCH_SMA,headline_sma50_nofin,1,2011-04-27 14:00:00+00:00,2011-04-27 14:00:00+00:00,1510.906,1505.8796,1505.8796,-5.326399999999967,-1.0596848639185106,5.026399999999967,trail_stop,1,full
H1_DONCH_SMA,headline_sma50_nofin,1,2011-04-27 18:00:00+00:00,2011-04-28 15:00:00+00:00,1522.981,1526.9436999999998,1516.5635,3.6626999999998135,0.57073626801711,6.417500000000018,trail_stop,22,full
H1_DONCH_SMA,headline_sma50_nofin,1,2011-04-29 12:00:00+00:00,2011-05-01 22:00:00+00:00,1538.848,1557.5702,1532.0671,18.422200000000156,2.7167780088189217,6.780899999999974,trail_stop,22,full
H1_DONCH_SMA,headline_sma50_nofin,1,2011-05-09 03:00:00+00:00,2011-05-09 12:00:00+00:00,1497.773,1503.131,1491.0074,5.058000000000175,0.7476055338772929,6.765599999999949,trail_stop,10,full
H1_DONCH_SMA,headline_sma50_nofin,1,2011-05-10 08:00:00+00:00,2011-05-10 12:00:00+00:00,1514.211,1509.1756,1505.5795,-5.335399999999981,-0.6181312633957025,8.63149999999996,trail_stop,5,full
H1_DONCH_SMA,headline_sma50_nofin,1,2011-05-11 02:00:00+00:00,2011-05-11 11:00:00+00:00,1522.425,1518.8178,1513.8649,-3.9071999999999205,-0.45644326584969297,8.56009999999992,trail_stop,10,full
H1_DONCH_SMA,headline_sma50_nofin,1,2011-05-12 18:00:00+00:00,2011-05-13 12:00:00+00:00,1507.04,1504.9869,1494.4545,-2.3530999999998583,-0.18696913114297206,12.58549999999991,trail_stop,19,full
H1_DONCH_SMA,headline_sma50_nofin,1,2011-05-16 08:00:00+00:00,2011-05-16 09:00:00+00:00,1496.764,1492.8152,1492.8152,-4.248799999999892,-1.075972447325772,3.948799999999892,trail_stop,2,full
H1_DONCH_SMA,headline_sma50_nofin,1,2011-05-16 14:00:00+00:00,2011-05-16 15:00:00+00:00,1498.869,1495.6105000000002,1492.3435,-3.558499999999685,-0.5453221975327107,6.525499999999965,trail_stop,2,full
H1_DONCH_SMA,headline_sma50_nofin,1,2011-05-20 05:00:00+00:00,2011-05-20 11:00:00+00:00,1496.895,1496.9472999999998,1489.5027,-0.24770000000016806,-0.033507839238149,7.3922999999999774,trail_stop,7,full
H1_DONCH_SMA,headline_sma50_nofin,1,2011-05-20 16:00:00+00:00,2011-05-22 20:00:00+00:00,1509.769,1512.2638999999997,1501.4874,2.1948999999996888,0.26503332689331555,8.281600000000026,trail_stop,30,full
H1_DONCH_SMA,headline_sma50_nofin,1,2011-05-22 23:00:00+00:00,2011-05-23 00:00:00+00:00,1514.319,1515.2891,1513.6985,0.6701000000000021,1.079935535858195,0.6204999999999927,trail_stop,2,full
H1_DONCH_SMA,headline_sma50_nofin,1,2011-05-24 08:00:00+00:00,2011-05-24 16:00:00+00:00,1519.562,1521.76,1513.4595,1.8980000000000927,0.31102007374028745,6.102499999999964,trail_stop,9,full
H1_DONCH_SMA,headline_sma50_nofin,1,2011-05-25 16:00:00+00:00,2011-05-25 16:00:00+00:00,1529.691,1524.8231,1524.8231,-5.167899999999963,-1.0616282175065228,4.867899999999963,trail_stop,1,full
H1_DONCH_SMA,headline_sma50_nofin,1,2011-05-27 08:00:00+00:00,2011-05-29 21:00:00+00:00,1527.442,1534.361,1520.1908,6.619000000000097,0.9128144307149387,7.251199999999926,donch_exit,24,full
H1_DONCH_SMA,headline_sma50_nofin,1,2011-05-30 12:00:00+00:00,2011-05-31 02:00:00+00:00,1537.67,1537.0147,1535.0523,-0.9553000000001248,-0.36493868663334983,2.6177000000000135,trail_stop,15,full
H1_DONCH_SMA,headline_sma50_nofin,1,2011-06-01 13:00:00+00:00,2011-06-01 17:00:00+00:00,1537.451,1542.8954999999999,1533.1657,5.144499999999835,1.2004993816068483,4.2853000000000065,trail_stop,5,full
H1_DONCH_SMA,headline_sma50_nofin,1,2011-06-03 14:00:00+00:00,2011-06-06 07:00:00+00:00,1541.908,1544.1563999999998,1534.5706,1.9483999999999468,0.26554365306511524,7.337399999999889,trail_stop,28,full
H1_DONCH_SMA,headline_sma50_nofin,1,2011-06-06 14:00:00+00:00,2011-06-06 17:00:00+00:00,1548.144,1547.4387,1544.2758,-1.0053000000000794,-0.2598883201489192,3.8682000000001153,trail_stop,4,full
H1_DONCH_SMA,headline_sma50_nofin,1,2011-06-09 16:00:00+00:00,2011-06-09 17:00:00+00:00,1546.661,1542.0332,1542.0332,-4.927799999999979,-1.0648256190846626,4.627799999999979,trail_stop,2,full
H1_DONCH_SMA,headline_sma50_nofin,1,2011-06-14 23:00:00+00:00,2011-06-15 06:00:00+00:00,1525.94,1521.634,1518.7978,-4.60600000000004,-0.6448993307384333,7.1422000000000025,donch_exit,8,full
H1_DONCH_SMA,headline_sma50_nofin,1,2011-06-15 14:00:00+00:00,2011-06-15 15:00:00+00:00,1530.445,1524.8492999999999,1524.8492999999999,-5.895700000000079,-1.0536125953857418,5.595700000000079,trail_stop,2,full
H1_DONCH_SMA,headline_sma50_nofin,1,2011-06-17 14:00:00+00:00,2011-06-19 21:00:00+00:00,1537.554,1537.989,1532.9479000000001,0.13499999999994544,0.029308959857568515,4.606099999999969,donch_exit,18,full
H1_DONCH_SMA,headline_sma50_nofin,1,2011-06-20 14:00:00+00:00,2011-06-20 14:00:00+00:00,1544.787,1541.0781,1541.0781,-4.008900000000085,-1.0808865162177446,3.708900000000085,trail_stop,1,full
H1_DONCH_SMA,headline_sma50_nofin,1,2011-06-21 15:00:00+00:00,2011-06-22 09:00:00+00:00,1546.314,1544.091,1542.3598000000002,-2.5230000000001835,-0.6380557382024801,3.9541999999999007,donch_exit,19,full
H1_DONCH_SMA,headline_sma50_nofin,1,2011-06-22 14:00:00+00:00,2011-06-22 17:00:00+00:00,1553.002,1552.0883000000001,1549.4092999999998,-1.2136999999998352,-0.3378239207280832,3.59270000000015,trail_stop,4,full
H1_DONCH_SMA,headline_sma50_nofin,1,2011-07-08 13:00:00+00:00,2011-07-10 22:00:00+00:00,1541.029,1542.073,1537.1347,0.7440000000000964,0.19104845543489452,3.89429999999993,donch_exit,21,full
H1_DONCH_SMA,headline_sma50_nofin,1,2011-07-11 05:00:00+00:00,2011-07-11 06:00:00+00:00,1545.734,1544.6936,1543.7893,-1.3403999999998633,-0.6892579832364145,1.9447000000000116,trail_stop,2,full
H1_DONCH_SMA,headline_sma50_nofin,1,2011-07-11 12:00:00+00:00,2011-07-11 14:00:00+00:00,1549.083,1550.6424,1546.1855,1.2593999999998686,0.4346505608282495,2.8975000000000364,trail_stop,3,full
H1_DONCH_SMA,headline_sma50_nofin,1,2011-07-12 18:00:00+00:00,2011-07-13 18:00:00+00:00,1562.688,1579.405,1555.1171000000002,16.41699999999987,2.1684344001373685,7.570899999999938,trail_stop,25,full
H1_DONCH_SMA,headline_sma50_nofin,1,2011-07-14 00:00:00+00:00,2011-07-14 05:00:00+00:00,1588.931,1580.2895,1580.2895,-8.941499999999952,-1.0347161951050168,8.64149999999995,trail_stop,6,full
H1_DONCH_SMA,headline_sma50_nofin,1,2011-07-14 10:00:00+00:00,2011-07-14 14:00:00+00:00,1592.434,1583.931,1583.931,-8.80299999999993,-1.0352816652946022,8.502999999999929,trail_stop,5,full
H1_DONCH_SMA,headline_sma50_nofin,1,2011-07-15 20:00:00+00:00,2011-07-18 01:00:00+00:00,1593.36,1593.2629,1586.1345999999999,-0.3970999999999549,-0.054958895009266324,7.225400000000036,trail_stop,17,full
H1_DONCH_SMA,headline_sma50_nofin,1,2011-07-18 07:00:00+00:00,2011-07-18 07:00:00+00:00,1598.707,1595.9007000000001,1595.9007000000001,-3.1062999999999645,-1.106902326907317,2.8062999999999647,trail_stop,1,full
H1_DONCH_SMA,headline_sma50_nofin,1,2011-07-18 11:00:00+00:00,2011-07-18 12:00:00+00:00,1601.176,1597.6677,1597.2457,-3.8082999999999627,-0.9689591125359321,3.9302999999999884,trail_stop,2,full
H1_DONCH_SMA,headline_sma50_nofin,1,2011-07-18 15:00:00+00:00,2011-07-19 09:00:00+00:00,1603.438,1601.8301,1597.9187000000002,-1.9079000000001998,-0.3456778939358658,5.51929999999993,trail_stop,19,full
H1_DONCH_SMA,headline_sma50_nofin,1,2011-07-20 16:00:00+00:00,2011-07-21 12:00:00+00:00,1597.134,1594.8883999999998,1589.748,-2.545600000000195,-0.344652044408368,7.385999999999967,trail_stop,21,full
H1_DONCH_SMA,headline_sma50_nofin,1,2011-07-22 13:00:00+00:00,2011-07-24 17:00:00+00:00,1602.23,1598.3183999999999,1594.7275,-4.211600000000135,-0.5613595468177414,7.502500000000055,trail_stop,15,full
H1_DONCH_SMA,headline_sma50_nofin,1,2011-07-24 23:00:00+00:00,2011-07-24 23:00:00+00:00,1621.073,1616.3205,1616.3205,-5.052500000000054,-1.06312467122567,4.752500000000055,trail_stop,1,full
H1_DONCH_SMA,headline_sma50_nofin,1,2011-07-26 18:00:00+00:00,2011-07-27 11:00:00+00:00,1617.625,1618.342,1611.4769000000001,0.41700000000009824,0.06782583237099364,6.148099999999886,trail_stop,18,full
H1_DONCH_SMA,headline_sma50_nofin,1,2011-07-29 13:00:00+00:00,2011-07-29 14:00:00+00:00,1623.19,1622.3876,1617.5134,-1.1024000000000342,-0.19420075397245407,5.676600000000008,trail_stop,2,full
H1_DONCH_SMA,headline_sma50_nofin,1,2011-08-01 15:00:00+00:00,2011-08-01 17:00:00+00:00,1627.174,1621.0464000000002,1619.4213,-6.427599999999802,-0.8290789015439523,7.752700000000004,trail_stop,3,full
H1_DONCH_SMA,headline_sma50_nofin,1,2011-08-02 12:00:00+00:00,2011-08-03 17:00:00+00:00,1632.295,1659.8394,1625.7875,27.244399999999995,4.18661544371868,6.507500000000164,trail_stop,30,full
H1_DONCH_SMA,headline_sma50_nofin,1,2011-08-04 12:00:00+00:00,2011-08-04 15:00:00+00:00,1670.21,1670.4240999999997,1659.9718,-0.08590000000031067,-0.008390146705505912,10.238200000000006,trail_stop,4,full
H1_DONCH_SMA,headline_sma50_nofin,1,2011-08-07 23:00:00+00:00,2011-08-08 07:00:00+00:00,1686.752,1702.5196,1677.2525,15.467600000000129,1.628254118637854,9.499499999999898,trail_stop,9,full
H1_DONCH_SMA,headline_sma50_nofin,1,2011-08-08 17:00:00+00:00,2011-08-09 07:00:00+00:00,1716.869,1744.143,1699.7706999999998,26.974000000000114,1.5775837363948428,17.09830000000011,trail_stop,15,full
H1_DONCH_SMA,headline_sma50_nofin,1,2011-08-10 16:00:00+00:00,2011-08-11 02:00:00+00:00,1786.393,1783.5918,1760.9237,-3.101200000000108,-0.12176227850785498,25.469299999999976,trail_stop,11,full
H1_DONCH_SMA,headline_sma50_nofin,1,2011-08-15 17:00:00+00:00,2011-08-16 13:00:00+00:00,1753.147,1771.0374,1741.3296999999998,17.5904,1.4885295287417397,11.81730000000016,trail_stop,21,full
H1_DONCH_SMA,headline_sma50_nofin,1,2011-08-17 07:00:00+00:00,2011-08-17 12:00:00+00:00,1787.547,1783.7232000000001,1777.2463000000002,-4.123799999999892,-0.40034172434882875,10.300699999999779,trail_stop,6,full
H1_DONCH_SMA,headline_sma50_nofin,1,2011-08-18 08:00:00+00:00,2011-08-19 11:00:00+00:00,1795.866,1856.2145,1786.4859,60.04850000000006,6.401690813530721,9.380100000000084,trail_stop,28,full
H1_DONCH_SMA,headline_sma50_nofin,1,2011-08-22 00:00:00+00:00,2011-08-22 01:00:00+00:00,1870.752,1867.7376,1863.0814,-3.314400000000023,-0.43209136182307206,7.670599999999922,trail_stop,2,full
H1_DONCH_SMA,headline_sma50_nofin,1,2011-08-22 06:00:00+00:00,2011-08-22 09:00:00+00:00,1882.005,1882.9189000000001,1873.4402,0.6139000000000123,0.07167709695497908,8.564800000000105,trail_stop,4,full
H1_DONCH_SMA,headline_sma50_nofin,1,2011-08-22 20:00:00+00:00,2011-08-23 07:00:00+00:00,1894.944,1889.3443,1873.4027,-5.899699999999984,-0.2738785495768603,21.541299999999865,trail_stop,12,full
H1_DONCH_SMA,headline_sma50_nofin,1,2011-08-25 20:00:00+00:00,2011-08-26 12:00:00+00:00,1769.687,1769.425,1738.8618,-0.5619999999999437,-0.01823183628978705,30.825199999999995,trail_stop,17,full
H1_DONCH_SMA,headline_sma50_nofin,1,2011-08-26 18:00:00+00:00,2011-08-28 22:00:00+00:00,1802.478,1824.203,1779.3339,21.42499999999991,0.9257218902441627,23.14409999999998,donch_exit,16,full
H1_DONCH_SMA,headline_sma50_nofin,1,2011-08-30 12:00:00+00:00,2011-08-31 13:00:00+00:00,1812.879,1820.3409000000001,1799.7993,7.161900000000242,0.547558430239244,13.079700000000003,trail_stop,26,full
H1_DONCH_SMA,headline_sma50_nofin,1,2011-09-02 07:00:00+00:00,2011-09-05 00:00:00+00:00,1836.78,1880.2842,1826.8652,43.204200000000085,4.357546294428533,9.914800000000014,trail_stop,29,full
H1_DONCH_SMA,headline_sma50_nofin,1,2011-09-05 08:00:00+00:00,2011-09-05 10:00:00+00:00,1893.452,1887.5854,1887.4257,-6.166600000000062,-1.0232812837064318,6.026299999999992,trail_stop,3,full
H1_DONCH_SMA,headline_sma50_nofin,1,2011-09-06 04:00:00+00:00,2011-09-06 07:00:00+00:00,1908.398,1907.2472999999998,1896.9784,-1.4507000000001427,-0.1270359732390057,11.419599999999946,trail_stop,4,full
H1_DONCH_SMA,headline_sma50_nofin,1,2011-09-08 12:00:00+00:00,2011-09-09 10:00:00+00:00,1851.579,1866.445,1833.0048,14.565999999999985,0.7842060492511101,18.57420000000002,trail_stop,23,full
H1_DONCH_SMA,headline_sma50_nofin,1,2011-09-13 18:00:00+00:00,2011-09-14 06:00:00+00:00,1839.266,1824.1077999999998,1820.7243,-15.458200000000307,-0.8336991753722859,18.54169999999999,trail_stop,13,full
H1_DONCH_SMA,headline_sma50_nofin,1,2011-09-16 15:00:00+00:00,2011-09-19 08:00:00+00:00,1794.48,1817.4668000000001,1778.7439,22.68680000000013,1.441704107116758,15.736100000000079,trail_stop,28,full
H1_DONCH_SMA,headline_sma50_nofin,1,2011-09-21 04:00:00+00:00,2011-09-21 12:00:00+00:00,1813.52,1798.402,1797.8839,-15.417999999999939,-0.9860515090080004,15.636099999999942,trail_stop,9,full
H1_DONCH_SMA,headline_sma50_nofin,1,2011-10-27 02:00:00+00:00,2011-10-27 07:00:00+00:00,1726.614,1715.439,1711.8767,-11.474999999999955,-0.7786365209366676,14.737300000000005,donch_exit,6,full
H1_DONCH_SMA,headline_sma50_nofin,1,2011-10-27 16:00:00+00:00,2011-10-28 03:00:00+00:00,1735.875,1740.291,1721.5797,4.11599999999994,0.28792680111644675,14.295299999999997,donch_exit,12,full
H1_DONCH_SMA,headline_sma50_nofin,1,2011-11-02 02:00:00+00:00,2011-11-02 16:00:00+00:00,1724.647,1731.5747999999999,1709.3641,6.627799999999934,0.43367423721937365,15.282899999999927,trail_stop,15,full
H1_DONCH_SMA,headline_sma50_nofin,1,2011-11-03 12:00:00+00:00,2011-11-04 08:00:00+00:00,1755.427,1755.22,1741.6735999999999,-0.50699999999988,-0.03686361190686506,13.753400000000056,donch_exit,21,full
H1_DONCH_SMA,headline_sma50_nofin,1,2011-11-07 02:00:00+00:00,2011-11-07 09:00:00+00:00,1764.371,1766.0987,1757.7337000000002,1.4276999999999134,0.2151025266297955,6.637299999999868,trail_stop,8,full
H1_DONCH_SMA,headline_sma50_nofin,1,2011-11-07 13:00:00+00:00,2011-11-08 06:00:00+00:00,1776.247,1789.953,1768.8527,13.405999999999903,1.8130181355908763,7.3943000000001575,donch_exit,18,full
H1_DONCH_SMA,headline_sma50_nofin,1,2011-11-08 18:00:00+00:00,2011-11-08 19:00:00+00:00,1800.261,1791.1726999999998,1791.1726999999998,-9.388300000000118,-1.033009473718957,9.088300000000118,trail_stop,2,full
H1_DONCH_SMA,headline_sma50_nofin,1,2011-11-11 13:00:00+00:00,2011-11-14 06:00:00+00:00,1771.377,1788.2496,1760.1099,16.572600000000147,1.4708842559309943,11.267100000000028,trail_stop,26,full
H1_DONCH_SMA,headline_sma50_nofin,1,2011-11-15 15:00:00+00:00,2011-11-15 16:00:00+00:00,1783.159,1773.3333000000002,1773.3333000000002,-10.12569999999987,-1.0305321758246238,9.82569999999987,trail_stop,2,full
H1_DONCH_SMA,headline_sma50_nofin,1,2011-11-30 01:00:00+00:00,2011-11-30 07:00:00+00:00,1720.862,1714.819,1711.0151,-6.34300000000012,-0.6441621220891973,9.846900000000005,trail_stop,7,full
H1_DONCH_SMA,headline_sma50_nofin,1,2011-11-30 14:00:00+00:00,2011-12-01 06:00:00+00:00,1744.481,1743.778,1733.1429,-1.0029999999999746,-0.08846279358975312,11.33809999999994,donch_exit,17,full
H1_DONCH_SMA,headline_sma50_nofin,1,2011-12-01 10:00:00+00:00,2011-12-01 16:00:00+00:00,1750.231,1741.6342,1738.8515,-8.896800000000031,-0.7818269695505097,11.379500000000007,trail_stop,7,full
H1_DONCH_SMA,headline_sma50_nofin,1,2011-12-02 13:00:00+00:00,2011-12-02 14:00:00+00:00,1756.586,1747.4242000000002,1747.4242000000002,-9.461799999999858,-1.03274465716344,9.161799999999857,trail_stop,2,full
H1_DONCH_SMA,headline_sma50_nofin,1,2011-12-07 14:00:00+00:00,2011-12-07 15:00:00+00:00,1733.37,1727.7897,1725.0267,-5.880299999999852,-0.7047930674912627,8.3433,trail_stop,2,full
H1_DONCH_SMA,headline_sma50_nofin,1,2011-12-07 19:00:00+00:00,2011-12-08 14:00:00+00:00,1740.858,1736.2842,1731.0463,-4.873799999999892,-0.496733491647717,9.811699999999973,trail_stop,20,full
H1_DONCH_SMA,headline_sma50_nofin,1,2012-01-17 02:00:00+00:00,2012-01-17 08:00:00+00:00,1652.943,1659.2472,1647.4848,6.004200000000037,1.100032977904804,5.4582000000000335,trail_stop,7,full
H1_DONCH_SMA,headline_sma50_nofin,1,2012-01-18 18:00:00+00:00,2012-01-19 13:00:00+00:00,1660.023,1659.1254999999999,1648.8601999999998,-1.1975000000000364,-0.10727595227004245,11.162800000000061,trail_stop,20,full
H1_DONCH_SMA,headline_sma50_nofin,1,2012-01-20 18:00:00+00:00,2012-01-23 13:00:00+00:00,1663.26,1669.1611,1655.0454,5.601100000000042,0.6818469554208397,8.214600000000019,trail_stop,23,full
H1_DONCH_SMA,headline_sma50_nofin,1,2012-01-23 17:00:00+00:00,2012-01-24 03:00:00+00:00,1678.952,1673.252,1671.6785,-6.000000000000045,-0.8249123530624919,7.273500000000013,donch_exit,11,full
H1_DONCH_SMA,headline_sma50_nofin,1,2012-01-25 18:00:00+00:00,2012-01-26 08:00:00+00:00,1690.02,1705.204,1682.1665,14.883999999999968,1.8952059591265145,7.85349999999994,donch_exit,15,full
H1_DONCH_SMA,headline_sma50_nofin,1,2012-01-26 11:00:00+00:00,2012-01-26 23:00:00+00:00,1716.315,1716.5987,1701.1270000000002,-0.016300000000046555,-0.001073215696605655,15.187999999999874,trail_stop,13,full
H1_DONCH_SMA,headline_sma50_nofin,1,2012-01-27 16:00:00+00:00,2012-01-30 06:00:00+00:00,1730.165,1729.7715999999998,1721.201,-0.6934000000001561,-0.07735385988399829,8.963999999999942,trail_stop,18,full
H1_DONCH_SMA,headline_sma50_nofin,1,2012-01-31 02:00:00+00:00,2012-01-31 15:00:00+00:00,1735.857,1737.4088,1727.2403,1.2517999999999574,0.1452760337484132,8.616700000000037,trail_stop,14,full
H1_DONCH_SMA,headline_sma50_nofin,1,2012-02-01 10:00:00+00:00,2012-02-02 12:00:00+00:00,1748.153,1743.0871,1737.8199,-5.365900000000056,-0.5192923711180599,10.333100000000059,trail_stop,27,full
H1_DONCH_SMA,headline_sma50_nofin,1,2012-02-02 16:00:00+00:00,2012-02-02 17:00:00+00:00,1758.462,1750.6509999999998,1750.6509999999998,-8.11100000000015,-1.0384073742158488,7.811000000000149,trail_stop,2,full
H1_DONCH_SMA,headline_sma50_nofin,1,2012-02-07 07:00:00+00:00,2012-02-07 10:00:00+00:00,1726.633,1719.328,1718.544,-7.6050000000000635,-0.9401656570651649,8.088999999999942,trail_stop,4,full
H1_DONCH_SMA,headline_sma50_nofin,1,2012-02-07 16:00:00+00:00,2012-02-08 13:00:00+00:00,1736.373,1740.5487,1728.2457,3.8757000000000064,0.47687423867704604,8.127300000000105,trail_stop,22,full
H1_DONCH_SMA,headline_sma50_nofin,1,2012-02-09 15:00:00+00:00,2012-02-09 17:00:00+00:00,1748.023,1738.9922,1738.9922,-9.3308,-1.0332196483146565,9.0308,trail_stop,3,full
H1_DONCH_SMA,headline_sma50_nofin,1,2012-02-13 05:00:00+00:00,2012-02-13 13:00:00+00:00,1729.152,1724.8072,1719.2851,-4.644800000000077,-0.4707456242588942,9.866899999999987,trail_stop,9,full
H1_DONCH_SMA,headline_sma50_nofin,1,2012-02-15 08:00:00+00:00,2012-02-15 17:00:00+00:00,1727.61,1727.3638,1718.3464,-0.546199999999817,-0.05896195863377275,9.263599999999997,trail_stop,10,full
H1_DONCH_SMA,headline_sma50_nofin,1,2012-02-17 02:00:00+00:00,2012-02-17 14:00:00+00:00,1731.952,1727.6742,1722.7105,-4.57780000000007,-0.49535248606828186,9.241500000000087,trail_stop,13,full
H1_DONCH_SMA,headline_sma50_nofin,1,2012-02-20 02:00:00+00:00,2012-02-20 08:00:00+00:00,1736.55,1730.2701999999997,1729.6381999999999,-6.57980000000025,-0.9519662027257978,6.911800000000085,trail_stop,7,full
H1_DONCH_SMA,headline_sma50_nofin,1,2012-02-21 06:00:00+00:00,2012-02-21 10:00:00+00:00,1739.536,1736.3388,1734.2994,-3.497200000000066,-0.6678379100943547,5.236599999999953,trail_stop,5,full
H1_DONCH_SMA,headline_sma50_nofin,1,2012-02-21 14:00:00+00:00,2012-02-22 13:00:00+00:00,1745.402,1751.4242,1739.747,5.7221999999998845,1.011883289124653,5.654999999999973,trail_stop,24,full
H1_DONCH_SMA,headline_sma50_nofin,1,2012-02-22 19:00:00+00:00,2012-02-23 14:00:00+00:00,1771.848,1773.8461,1765.7166,1.6981000000000221,0.27695143034217734,6.131399999999985,trail_stop,20,full
H1_DONCH_SMA,headline_sma50_nofin,1,2012-02-28 13:00:00+00:00,2012-02-28 18:00:00+00:00,1779.827,1781.0073000000002,1773.7147,0.8803000000002157,0.14402107226415833,6.112300000000005,trail_stop,6,full
H1_DONCH_SMA,headline_sma50_nofin,1,2012-02-29 05:00:00+00:00,2012-02-29 10:00:00+00:00,1789.614,1781.9931000000001,1781.9931000000001,-7.920899999999892,-1.0393654292800067,7.620899999999892,trail_stop,6,full
H1_DONCH_SMA,headline_sma50_nofin,1,2012-04-30 19:00:00+00:00,2012-05-01 07:00:00+00:00,1665.876,1662.876,1658.6580999999999,-3.3,-0.4571966915584802,7.2179000000001,donch_exit,13,full
H1_DONCH_SMA,headline_sma50_nofin,1,2012-05-01 13:00:00+00:00,2012-05-01 14:00:00+00:00,1668.906,1663.6471999999999,1663.6471999999999,-5.558800000000065,-1.057047235110671,5.258800000000065,trail_stop,2,full
H1_DONCH_SMA,headline_sma50_nofin,1,2012-06-06 01:00:00+00:00,2012-06-06 17:00:00+00:00,1624.233,1629.6622,1616.3254,5.129200000000037,0.6486418129394552,7.907600000000002,trail_stop,17,full
H1_DONCH_SMA,headline_sma50_nofin,1,2012-06-13 13:00:00+00:00,2012-06-13 16:00:00+00:00,1621.278,1613.7393,1613.7393,-7.838700000000062,-1.0397946595566872,7.538700000000063,trail_stop,4,full
H1_DONCH_SMA,headline_sma50_nofin,1,2012-06-14 13:00:00+00:00,2012-06-14 13:00:00+00:00,1626.653,1619.3573999999999,1619.3573999999999,-7.595600000000149,-1.0411206754756284,7.2956000000001495,trail_stop,1,full
H1_DONCH_SMA,headline_sma50_nofin,1,2012-06-18 18:00:00+00:00,2012-06-19 13:00:00+00:00,1629.787,1625.639,1618.2669,-4.448000000000138,-0.38610775948126796,11.520099999999957,trail_stop,20,full
H1_DONCH_SMA,headline_sma50_nofin,1,2012-07-03 04:00:00+00:00,2012-07-04 01:00:00+00:00,1602.82,1615.6588000000002,1595.5524,12.538800000000219,1.7253013374429507,7.267599999999902,trail_stop,22,full
H1_DONCH_SMA,headline_sma50_nofin,1,2012-07-26 11:00:00+00:00,2012-07-26 12:00:00+00:00,1616.802,1611.9127,1610.7034999999998,-5.189299999999821,-0.8509141592194427,6.098500000000058,trail_stop,2,full
H1_DONCH_SMA,headline_sma50_nofin,1,2012-07-27 10:00:00+00:00,2012-07-27 12:00:00+00:00,1623.198,1620.3457999999998,1616.7521,-3.152200000000266,-0.4890240307792838,6.445900000000165,trail_stop,3,full
H1_DONCH_SMA,headline_sma50_nofin,1,2012-08-06 05:00:00+00:00,2012-08-07 13:00:00+00:00,1607.803,1610.8217,1603.7089,2.7186999999998536,0.6640531496543407,4.094100000000026,trail_stop,33,full
H1_DONCH_SMA,headline_sma50_nofin,1,2012-08-08 14:00:00+00:00,2012-08-09 11:00:00+00:00,1614.083,1610.8983,1609.1757000000002,-3.4847000000000206,-0.7101053532492668,4.90729999999985,trail_stop,22,full
H1_DONCH_SMA,headline_sma50_nofin,1,2012-08-10 15:00:00+00:00,2012-08-10 21:00:00+00:00,1623.252,1618.0506,1618.0506,-5.501399999999921,-1.0576767793286432,5.201399999999921,trail_stop,7,full
H1_DONCH_SMA,headline_sma50_nofin,1,2012-08-16 13:00:00+00:00,2012-08-16 13:00:00+00:00,1607.4,1603.3978,1603.3978,-4.30220000000013,-1.0749587726750263,4.00220000000013,trail_stop,1,full
H1_DONCH_SMA,headline_sma50_nofin,1,2012-08-16 15:00:00+00:00,2012-08-17 11:00:00+00:00,1616.2,1613.4236,1611.2879,-3.0763999999999667,-0.6262901813888074,4.9121000000000095,trail_stop,21,full
H1_DONCH_SMA,headline_sma50_nofin,1,2012-08-20 03:00:00+00:00,2012-08-20 08:00:00+00:00,1618.187,1617.0761000000002,1615.5913,-1.410899999999674,-0.543552798859558,2.5956999999998516,trail_stop,6,full
H1_DONCH_SMA,headline_sma50_nofin,1,2012-08-21 07:00:00+00:00,2012-08-22 10:00:00+00:00,1623.193,1639.7078000000001,1618.5528,16.21480000000015,3.4944183440368897,4.64020000000005,trail_stop,28,full
H1_DONCH_SMA,headline_sma50_nofin,1,2012-08-22 19:00:00+00:00,2012-08-24 01:00:00+00:00,1653.457,1666.938,1647.3419000000001,13.180999999999994,2.155483965920431,6.115099999999984,donch_exit,31,full
H1_DONCH_SMA,headline_sma50_nofin,1,2012-08-27 02:00:00+00:00,2012-08-27 07:00:00+00:00,1675.828,1671.6911,1671.1519999999998,-4.4368999999999685,-0.9488665526090287,4.676000000000158,trail_stop,6,full
H1_DONCH_SMA,headline_sma50_nofin,1,2012-08-28 16:00:00+00:00,2012-08-28 22:00:00+00:00,1671.241,1664.9526,1664.9526,-6.58839999999991,-1.0477068888747543,6.2883999999999105,trail_stop,7,full
H1_DONCH_SMA,headline_sma50_nofin,1,2012-08-30 13:00:00+00:00,2012-08-30 14:00:00+00:00,1663.216,1658.5221,1658.5221,-4.993899999999985,-1.0639127378086455,4.693899999999985,trail_stop,2,full
H1_DONCH_SMA,headline_sma50_nofin,1,2012-08-31 13:00:00+00:00,2012-08-31 14:00:00+00:00,1661.623,1656.3368,1656.3368,-5.586200000000008,-1.0567515417502173,5.286200000000008,trail_stop,2,full
H1_DONCH_SMA,headline_sma50_nofin,1,2012-08-31 16:00:00+00:00,2012-09-02 23:00:00+00:00,1679.893,1688.452,1672.2254,8.258999999999968,1.0771297407272127,7.667599999999993,donch_exit,15,full
H1_DONCH_SMA,headline_sma50_nofin,1,2012-09-03 16:00:00+00:00,2012-09-04 09:00:00+00:00,1693.003,1691.5631999999998,1688.2325999999998,-1.7398000000001048,-0.3647073620660878,4.770400000000109,trail_stop,18,full
H1_DONCH_SMA,headline_sma50_nofin,1,2012-09-06 02:00:00+00:00,2012-09-06 12:00:00+00:00,1697.174,1704.3558,1691.5538,6.881800000000067,1.224475997295467,5.620200000000068,trail_stop,11,full
H1_DONCH_SMA,headline_sma50_nofin,1,2012-09-07 13:00:00+00:00,2012-09-10 10:00:00+00:00,1724.793,1732.276,1718.6539,7.183000000000175,1.1700412112525167,6.139099999999871,donch_exit,25,full
H1_DONCH_SMA,headline_sma50_nofin,1,2012-09-11 13:00:00+00:00,2012-09-11 15:00:00+00:00,1734.077,1731.2358000000002,1729.052,-3.141199999999844,-0.6251144278606542,5.025000000000091,trail_stop,3,full
H1_DONCH_SMA,headline_sma50_nofin,1,2012-09-12 08:00:00+00:00,2012-09-12 12:00:00+00:00,1738.584,1738.2522999999999,1733.453,-0.6317000000001827,-0.123114402650589,5.1310000000000855,trail_stop,5,full
H1_DONCH_SMA,headline_sma50_nofin,1,2012-09-13 17:00:00+00:00,2012-09-17 06:00:00+00:00,1752.674,1770.9976,1747.6416,18.02359999999994,3.581511803513185,5.032400000000052,trail_stop,45,full
H1_DONCH_SMA,headline_sma50_nofin,1,2012-09-18 15:00:00+00:00,2012-09-18 16:00:00+00:00,1771.552,1762.3781999999999,1762.3781999999999,-9.473800000000029,-1.0327018247618216,9.173800000000028,trail_stop,2,full
H1_DONCH_SMA,headline_sma50_nofin,1,2012-09-19 06:00:00+00:00,2012-09-19 12:00:00+00:00,1776.352,1767.6718999999998,1767.2822,-8.980100000000267,-0.9901100355024676,9.069799999999987,trail_stop,7,full
H1_DONCH_SMA,headline_sma50_nofin,1,2012-09-21 01:00:00+00:00,2012-09-21 14:00:00+00:00,1772.673,1780.0829999999999,1764.5977,7.109999999999855,0.8804626453506224,8.07529999999997,trail_stop,14,full
H1_DONCH_SMA,headline_sma50_nofin,1,2012-09-25 13:00:00+00:00,2012-09-25 15:00:00+00:00,1771.757,1765.7830000000001,1765.7830000000001,-6.2739999999999325,-1.0502176096417817,5.973999999999933,trail_stop,3,full
H1_DONCH_SMA,headline_sma50_nofin,1,2012-09-27 13:00:00+00:00,2012-09-28 12:00:00+00:00,1764.213,1774.9911,1758.1348,10.478099999999994,1.723882070349795,6.078199999999924,trail_stop,24,full
H1_DONCH_SMA,headline_sma50_nofin,1,2012-10-01 13:00:00+00:00,2012-10-01 14:00:00+00:00,1784.737,1781.3103,1780.5935000000002,-3.7266999999999824,-0.8994087124411896,4.143499999999904,trail_stop,2,full
H1_DONCH_SMA,headline_sma50_nofin,1,2012-10-04 05:00:00+00:00,2012-10-05 08:00:00+00:00,1782.328,1788.973,1776.3172,6.344999999999982,1.0555999201437352,6.0108000000000175,donch_exit,28,full
H1_DONCH_SMA,headline_sma50_nofin,1,2012-10-09 00:00:00+00:00,2012-10-09 07:00:00+00:00,1777.452,1773.9850999999999,1771.647,-3.766900000000123,-0.6489061154177574,5.805000000000064,trail_stop,8,full
H1_DONCH_SMA,headline_sma50_nofin,1,2012-10-11 11:00:00+00:00,2012-10-11 12:00:00+00:00,1770.773,1764.9091999999998,1764.9091999999998,-6.163800000000083,-1.051161362938708,5.863800000000083,trail_stop,2,full
H1_DONCH_SMA,headline_sma50_nofin,1,2012-10-12 13:00:00+00:00,2012-10-12 13:00:00+00:00,1771.179,1766.9879,1766.9879,-4.491100000000006,-1.0715802533940968,4.191100000000006,trail_stop,1,full
H1_DONCH_SMA,headline_sma50_nofin,1,2012-10-16 23:00:00+00:00,2012-10-17 12:00:00+00:00,1748.087,1746.3806,1742.9234,-2.0064000000000304,-0.38856611666279267,5.163600000000088,trail_stop,14,full
H1_DONCH_SMA,headline_sma50_nofin,1,2012-11-23 10:00:00+00:00,2012-11-26 01:00:00+00:00,1734.003,1748.452,1731.4213,14.149000000000068,5.480497346709654,2.5816999999999553,donch_exit,22,full
H1_DONCH_SMA,headline_sma50_nofin,1,2012-11-30 06:00:00+00:00,2012-11-30 13:00:00+00:00,1730.403,1725.4895,1724.844,-5.213500000000113,-0.9378485339090019,5.558999999999969,trail_stop,8,full
H1_DONCH_SMA,headline_sma50_nofin,1,2013-01-22 03:00:00+00:00,2013-01-22 12:00:00+00:00,1691.563,1690.5509,1687.9016000000001,-1.312100000000146,-0.3583601900912659,3.661399999999958,trail_stop,10,full
H1_DONCH_SMA,headline_sma50_nofin,1,2013-01-22 17:00:00+00:00,2013-01-22 20:00:00+00:00,1695.033,1690.7353,1690.7353,-4.59769999999985,-1.0698047793005585,4.29769999999985,trail_stop,4,full
H1_DONCH_SMA,headline_sma50_nofin,1,2013-02-07 06:00:00+00:00,2013-02-07 09:00:00+00:00,1680.613,1675.4547,1675.4547,-5.458300000000054,-1.0581586956943172,5.158300000000054,trail_stop,4,full
H1_DONCH_SMA,headline_sma50_nofin,1,2013-07-23 19:00:00+00:00,2013-07-24 12:00:00+00:00,1343.085,1337.052,1336.3607000000002,-6.333000000000129,-0.9418080692414472,6.724299999999857,trail_stop,18,full
H1_DONCH_SMA,headline_sma50_nofin,1,2013-07-26 03:00:00+00:00,2013-07-26 08:00:00+00:00,1339.68,1330.0573,1330.0573,-9.922700000000123,-1.03117628108535,9.622700000000123,trail_stop,6,full
H1_DONCH_SMA,headline_sma50_nofin,1,2013-07-29 11:00:00+00:00,2013-07-29 12:00:00+00:00,1335.505,1327.857,1325.7443,-7.948000000000138,-0.8142858606452512,9.760700000000043,trail_stop,2,full
H1_DONCH_SMA,headline_sma50_nofin,1,2013-07-31 02:00:00+00:00,2013-07-31 07:00:00+00:00,1336.18,1329.2809000000002,1329.2809000000002,-7.199099999999862,-1.043483932686873,6.899099999999862,trail_stop,6,full
H1_DONCH_SMA,headline_sma50_nofin,1,2013-08-09 02:00:00+00:00,2013-08-09 05:00:00+00:00,1315.17,1308.564,1306.0873000000001,-6.905999999999994,-0.7603465929734602,9.082699999999932,donch_exit,4,full
H1_DONCH_SMA,headline_sma50_nofin,1,2013-08-11 23:00:00+00:00,2013-08-12 10:00:00+00:00,1328.803,1324.75,1321.0488000000003,-4.353000000000111,-0.5613731913028026,7.754199999999855,donch_exit,12,full
H1_DONCH_SMA,headline_sma50_nofin,1,2013-08-12 14:00:00+00:00,2013-08-13 00:00:00+00:00,1339.294,1330.6299999999999,1330.0804,-8.964000000000215,-0.9729096118781122,9.213600000000042,trail_stop,11,full
H1_DONCH_SMA,headline_sma50_nofin,1,2013-08-14 15:00:00+00:00,2013-08-15 11:00:00+00:00,1332.372,1334.0723,1324.6681,1.4002999999999701,0.18176508002439992,7.703899999999976,trail_stop,20,full
H1_DONCH_SMA,headline_sma50_nofin,1,2013-08-15 17:00:00+00:00,2013-08-19 10:00:00+00:00,1358.25,1370.9923999999999,1347.4765,12.44239999999986,1.1549078758063624,10.773500000000013,trail_stop,41,full
H1_DONCH_SMA,headline_sma50_nofin,1,2013-08-20 15:00:00+00:00,2013-08-20 22:00:00+00:00,1375.385,1366.5203999999999,1366.5203999999999,-9.16460000000011,-1.0338424745617396,8.86460000000011,trail_stop,7,full
H1_DONCH_SMA,headline_sma50_nofin,1,2013-08-23 15:00:00+00:00,2013-08-25 23:00:00+00:00,1395.24,1394.4215,1388.9938,-1.1185000000000855,-0.1790688738753286,6.246200000000044,trail_stop,8,full
H1_DONCH_SMA,headline_sma50_nofin,1,2013-08-26 21:00:00+00:00,2013-08-27 00:00:00+00:00,1404.196,1396.4881999999998,1395.79,-8.007800000000135,-0.952629074470638,8.405999999999949,trail_stop,4,full
H1_DONCH_SMA,headline_sma50_nofin,1,2013-08-27 09:00:00+00:00,2013-08-28 13:00:00+00:00,1410.404,1419.3059,1401.4605999999999,8.601900000000068,0.961815416955516,8.94340000000011,trail_stop,28,full
H1_DONCH_SMA,headline_sma50_nofin,1,2013-09-03 14:00:00+00:00,2013-09-04 05:00:00+00:00,1399.833,1407.668,1392.0471,7.534999999999809,0.967775080594373,7.785900000000083,donch_exit,15,full
H1_DONCH_SMA,headline_sma50_nofin,1,2013-09-06 13:00:00+00:00,2013-09-09 10:00:00+00:00,1384.162,1385.472,1376.8660000000002,1.0099999999999454,0.13843201754385553,7.295999999999822,donch_exit,21,full
H1_DONCH_SMA,headline_sma50_nofin,1,2013-09-19 00:00:00+00:00,2013-09-20 06:00:00+00:00,1367.837,1361.142,1352.5562,-6.994999999999936,-0.45776399141405794,15.2808,donch_exit,30,full
H1_DONCH_SMA,headline_sma50_nofin,1,2013-10-25 17:00:00+00:00,2013-10-28 16:00:00+00:00,1349.982,1352.3539999999998,1344.0655,2.0719999999998437,0.3502070480858327,5.916500000000042,trail_stop,23,full
H1_DONCH_SMA,headline_sma50_nofin,1,2013-10-30 13:00:00+00:00,2013-10-30 17:00:00+00:00,1354.152,1351.9054,1348.478,-2.546599999999944,-0.44881917518504644,5.673999999999978,trail_stop,5,full
H1_DONCH_SMA,headline_sma50_nofin,1,2014-01-13 02:00:00+00:00,2014-01-13 09:00:00+00:00,1251.073,1246.083,1243.2747000000002,-5.290000000000009,-0.6783529743662156,7.7982999999999265,donch_exit,8,full
H1_DONCH_SMA,headline_sma50_nofin,1,2014-01-16 06:00:00+00:00,2014-01-16 07:00:00+00:00,1242.842,1239.063,1237.7283000000002,-4.078999999999996,-0.797661184660831,5.113699999999881,donch_exit,2,full
H1_DONCH_SMA,headline_sma50_nofin,1,2014-01-17 14:00:00+00:00,2014-01-21 01:00:00+00:00,1248.123,1252.3088,1244.1591,3.885799999999972,0.9802971820681664,3.963899999999967,trail_stop,29,full
H1_DONCH_SMA,headline_sma50_nofin,1,2014-01-23 10:00:00+00:00,2014-01-24 04:00:00+00:00,1247.003,1259.52,1242.3948999999998,12.217000000000052,2.651201145808393,4.6081000000001495,donch_exit,19,full
H1_DONCH_SMA,headline_sma50_nofin,1,2014-01-24 12:00:00+00:00,2014-01-24 13:00:00+00:00,1270.569,1265.4398999999999,1265.4398999999999,-5.4291000000001075,-1.0584897935310276,5.129100000000108,trail_stop,2,full
H1_DONCH_SMA,headline_sma50_nofin,1,2014-01-27 00:00:00+00:00,2014-01-27 07:00:00+00:00,1275.597,1268.1097,1268.1097,-7.7873000000000046,-1.0400678482229908,7.487300000000005,trail_stop,8,full
H1_DONCH_SMA,headline_sma50_nofin,1,2014-01-29 12:00:00+00:00,2014-01-29 19:00:00+00:00,1260.043,1260.8594999999998,1255.0034999999998,0.5164999999999054,0.10249032642125136,5.039500000000089,trail_stop,8,full
H1_DONCH_SMA,headline_sma50_nofin,1,2014-01-29 21:00:00+00:00,2014-01-30 03:00:00+00:00,1269.842,1262.4008000000001,1262.4008000000001,-7.7411999999999805,-1.0403160780519272,7.441199999999981,trail_stop,7,full
H1_DONCH_SMA,headline_sma50_nofin,1,2014-01-31 12:00:00+00:00,2014-01-31 15:00:00+00:00,1247.142,1246.3087,1242.1414,-1.1333000000000084,-0.22663280406351058,5.000600000000077,trail_stop,4,full
H1_DONCH_SMA,headline_sma50_nofin,1,2014-02-03 16:00:00+00:00,2014-02-03 17:00:00+00:00,1262.842,1257.9297000000001,1257.8163000000002,-5.212299999999959,-1.037129156137463,5.025699999999915,trail_stop,2,full
H1_DONCH_SMA,headline_sma50_nofin,1,2014-02-05 09:00:00+00:00,2014-02-05 14:00:00+00:00,1256.265,1260.6582,1251.5963000000002,4.093199999999979,0.8767322809347415,4.668699999999944,trail_stop,6,full
H1_DONCH_SMA,headline_sma50_nofin,1,2014-02-10 07:00:00+00:00,2014-02-11 13:00:00+00:00,1272.773,1281.1972999999998,1266.3995,8.124299999999902,1.2746999293951522,6.373499999999922,trail_stop,31,full
H1_DONCH_SMA,headline_sma50_nofin,1,2014-02-11 16:00:00+00:00,2014-02-13 03:00:00+00:00,1289.842,1289.365,1282.4447,-0.7770000000000892,-0.10503832479419249,7.397300000000087,trail_stop,36,full
H1_DONCH_SMA,headline_sma50_nofin,1,2014-02-13 19:00:00+00:00,2014-02-18 01:00:00+00:00,1300.642,1322.9679999999998,1295.785,22.025999999999794,4.534898085237786,4.856999999999971,trail_stop,50,full
H1_DONCH_SMA,headline_sma50_nofin,1,2014-02-20 20:00:00+00:00,2014-02-21 03:00:00+00:00,1320.842,1316.827,1314.2988,-4.3150000000001,-0.6594632595671924,6.54320000000007,trail_stop,8,full
H1_DONCH_SMA,headline_sma50_nofin,1,2014-02-24 08:00:00+00:00,2014-02-25 02:00:00+00:00,1329.169,1332.467,1322.794,2.998000000000002,0.4702745098039219,6.375,donch_exit,19,full
H1_DONCH_SMA,headline_sma50_nofin,1,2014-02-25 16:00:00+00:00,2014-02-26 12:00:00+00:00,1339.762,1338.0563,1334.3573,-2.0056999999999787,-0.3711029289322184,5.404700000000048,trail_stop,21,full
H1_DONCH_SMA,headline_sma50_nofin,1,2014-03-03 00:00:00+00:00,2014-03-04 06:00:00+00:00,1338.342,1345.8276999999998,1331.4080000000001,7.185699999999724,1.0362993942889756,6.933999999999969,trail_stop,31,full
H1_DONCH_SMA,headline_sma50_nofin,1,2014-03-05 18:00:00+00:00,2014-03-05 23:00:00+00:00,1341.02,1336.0384999999999,1336.0384999999999,-5.281500000000096,-1.0602228244504655,4.981500000000096,trail_stop,6,full
H1_DONCH_SMA,headline_sma50_nofin,1,2014-03-06 15:00:00+00:00,2014-03-07 13:00:00+00:00,1343.923,1344.7528,1339.228,0.5297999999999774,0.11284345047922995,4.694999999999936,trail_stop,23,full
H1_DONCH_SMA,headline_sma50_nofin,1,2014-03-10 15:00:00+00:00,2014-03-11 14:00:00+00:00,1343.842,1344.5269999999998,1337.6587,0.38499999999971807,0.06226448660095888,6.183300000000145,trail_stop,23,full
H1_DONCH_SMA,headline_sma50_nofin,1,2014-03-12 02:00:00+00:00,2014-03-13 11:00:00+00:00,1358.113,1366.9854,1351.2223,8.57239999999997,1.244053579462142,6.890700000000152,trail_stop,33,full
H1_DONCH_SMA,headline_sma50_nofin,1,2014-03-14 01:00:00+00:00,2014-03-14 05:00:00+00:00,1375.282,1369.2296999999999,1368.9336999999998,-6.352300000000059,-1.000630089945332,6.348300000000108,trail_stop,5,full
H1_DONCH_SMA,headline_sma50_nofin,1,2014-03-14 13:00:00+00:00,2014-03-14 15:00:00+00:00,1381.808,1378.6283999999998,1376.2748,-3.479600000000164,-0.6288585267115077,5.533200000000079,trail_stop,3,full
H1_DONCH_SMA,headline_sma50_nofin,1,2014-03-21 09:00:00+00:00,2014-03-21 14:00:00+00:00,1339.722,1334.3009000000002,1333.856,-5.7210999999997965,-0.9752983293555764,5.8659999999999854,trail_stop,6,full
H1_DONCH_SMA,headline_sma50_nofin,1,2014-03-26 08:00:00+00:00,2014-03-26 12:00:00+00:00,1316.114,1310.8804,1310.8804,-5.533600000000024,-1.0573219199021704,5.233600000000024,trail_stop,5,full
H1_DONCH_SMA,headline_sma50_nofin,1,2014-04-11 11:00:00+00:00,2014-04-11 12:00:00+00:00,1322.692,1317.5297999999998,1317.5297999999998,-5.4622000000002116,-1.058114757274028,5.162200000000212,trail_stop,2,full
H1_DONCH_SMA,headline_sma50_nofin,1,2014-04-14 00:00:00+00:00,2014-04-14 11:00:00+00:00,1326.47,1321.8897,1320.6202,-4.880300000000079,-0.8342678382167105,5.849799999999959,trail_stop,12,full
H1_DONCH_SMA,headline_sma50_nofin,1,2014-06-24 09:00:00+00:00,2014-06-24 12:00:00+00:00,1323.1,1320.1577,1318.5838999999999,-3.242299999999932,-0.7179424724872999,4.516100000000051,trail_stop,4,full
H1_DONCH_SMA,headline_sma50_nofin,1,2014-06-25 16:00:00+00:00,2014-06-25 22:00:00+00:00,1324.03,1317.9432,1317.9432,-6.386800000000039,-1.0492869816652424,6.086800000000039,trail_stop,7,full
H1_DONCH_SMA,headline_sma50_nofin,1,2014-06-27 05:00:00+00:00,2014-06-27 08:00:00+00:00,1321.053,1315.9160000000002,1315.9160000000002,-5.436999999999943,-1.0583998442670826,5.136999999999944,trail_stop,4,full
H1_DONCH_SMA,headline_sma50_nofin,1,2014-06-30 18:00:00+00:00,2014-07-01 06:00:00+00:00,1327.161,1324.856,1322.6316000000002,-2.6050000000000635,-0.575131363977596,4.529399999999896,donch_exit,13,full
H1_DONCH_SMA,headline_sma50_nofin,1,2014-07-02 15:00:00+00:00,2014-07-02 23:00:00+00:00,1329.533,1325.3654999999999,1325.3654999999999,-4.467500000000018,-1.0719856028794237,4.167500000000018,trail_stop,9,full
H1_DONCH_SMA,headline_sma50_nofin,1,2014-07-04 08:00:00+00:00,2014-07-06 22:00:00+00:00,1322.571,1319.3474999999999,1317.6849,-3.523500000000058,-0.721127279425329,4.886099999999942,trail_stop,11,full
H1_DONCH_SMA,headline_sma50_nofin,1,2014-07-07 20:00:00+00:00,2014-07-08 14:00:00+00:00,1319.421,1320.6007,1315.8074000000001,0.8796999999999116,0.24344144343589066,3.6135999999999058,trail_stop,19,full
H1_DONCH_SMA,headline_sma50_nofin,1,2014-07-09 12:00:00+00:00,2014-07-09 13:00:00+00:00,1326.628,1322.7375,1322.7375,-4.190499999999974,-1.0771109111939343,3.8904999999999745,trail_stop,2,full
H1_DONCH_SMA,headline_sma50_nofin,1,2014-07-09 19:00:00+00:00,2014-07-09 22:00:00+00:00,1330.721,1325.8451,1325.8451,-5.175900000000001,-1.0615271026887343,4.8759000000000015,trail_stop,4,full
H1_DONCH_SMA,headline_sma50_nofin,1,2014-07-10 10:00:00+00:00,2014-07-10 15:00:00+00:00,1341.126,1336.1221,1335.2839,-5.30389999999993,-0.9078755926806908,5.842100000000073,trail_stop,6,full
H1_DONCH_SMA,headline_sma50_nofin,1,2014-07-15 10:00:00+00:00,2014-07-15 13:00:00+00:00,1312.02,1307.0377,1307.0377,-5.282299999999895,-1.060213154567169,4.982299999999896,trail_stop,4,full
H1_DONCH_SMA,headline_sma50_nofin,1,2014-07-16 14:00:00+00:00,2014-07-16 17:00:00+00:00,1301.773,1298.4205000000002,1297.7653999999998,-3.652499999999736,-0.9113933526299056,4.007600000000139,trail_stop,4,full
H1_DONCH_SMA,headline_sma50_nofin,1,2014-07-17 05:00:00+00:00,2014-07-17 08:00:00+00:00,1304.52,1302.5967,1299.9128,-2.2232999999999263,-0.4825707588122861,4.607199999999921,trail_stop,4,full
H1_DONCH_SMA,headline_sma50_nofin,1,2014-07-17 16:00:00+00:00,2014-07-17 16:00:00+00:00,1321.83,1316.1173,1316.1173,-6.012700000000041,-1.05251457279395,5.712700000000041,trail_stop,1,full
H1_DONCH_SMA,headline_sma50_nofin,1,2014-07-21 07:00:00+00:00,2014-07-21 13:00:00+00:00,1313.607,1313.6290000000001,1308.9483,-0.2779999999998381,-0.0596732994182585,4.658699999999953,trail_stop,7,full
H1_DONCH_SMA,headline_sma50_nofin,1,2014-07-29 08:00:00+00:00,2014-07-29 12:00:00+00:00,1309.663,1306.5035,1306.5035,-3.45949999999998,-1.0949517328691254,3.15949999999998,trail_stop,5,full
H1_DONCH_SMA,headline_sma50_nofin,1,2014-08-07 16:00:00+00:00,2014-08-08 12:00:00+00:00,1311.391,1312.3498,1306.9808,0.6587999999998828,0.1493809804543735,4.410200000000032,trail_stop,20,full
H1_DONCH_SMA,headline_sma50_nofin,1,2014-08-12 08:00:00+00:00,2014-08-12 17:00:00+00:00,1311.429,1311.8778,1308.026,0.14879999999989196,0.04372612400819603,3.40300000000002,trail_stop,10,full
H1_DONCH_SMA,headline_sma50_nofin,1,2014-08-14 08:00:00+00:00,2014-08-14 10:00:00+00:00,1316.861,1311.8781000000001,1311.8781000000001,-5.282899999999972,-1.0602059041923382,4.982899999999972,trail_stop,3,full
H1_DONCH_SMA,headline_sma50_nofin,1,2014-12-09 13:00:00+00:00,2014-12-10 10:00:00+00:00,1211.581,1225.4722000000002,1204.9026,13.591200000000253,2.035098227120303,6.6784000000000106,trail_stop,22,full
H1_DONCH_SMA,headline_sma50_nofin,1,2015-01-06 07:00:00+00:00,2015-01-06 15:00:00+00:00,1208.502,1206.506,1200.7735,-2.295999999999867,-0.297082228116696,7.72849999999994,trail_stop,9,full
H1_DONCH_SMA,headline_sma50_nofin,1,2015-01-06 17:00:00+00:00,2015-01-07 03:00:00+00:00,1219.532,1214.188,1213.0865999999999,-5.643999999999823,-0.8756632637229292,6.445400000000063,donch_exit,11,full
H1_DONCH_SMA,headline_sma50_nofin,1,2015-01-09 14:00:00+00:00,2015-01-12 08:00:00+00:00,1214.259,1221.3709,1209.6968,6.811899999999878,1.4931173556616908,4.562200000000075,trail_stop,18,full
H1_DONCH_SMA,headline_sma50_nofin,1,2015-01-12 19:00:00+00:00,2015-01-13 14:00:00+00:00,1232.748,1234.7639,1224.8842,1.715899999999874,0.2182023957882774,7.863800000000083,trail_stop,19,full
H1_DONCH_SMA,headline_sma50_nofin,1,2015-01-14 14:00:00+00:00,2015-01-14 19:00:00+00:00,1239.621,1231.9864,1231.9864,-7.934600000000091,-1.0392947895109104,7.634600000000091,trail_stop,6,full
H1_DONCH_SMA,headline_sma50_nofin,1,2015-01-15 11:00:00+00:00,2015-01-19 15:00:00+00:00,1249.761,1272.518,1241.5977,22.45700000000006,2.7509708083740936,8.163299999999936,donch_exit,52,full
H1_DONCH_SMA,headline_sma50_nofin,1,2015-01-20 08:00:00+00:00,2015-01-20 11:00:00+00:00,1279.961,1285.7587,1275.5684,5.497700000000077,1.2515822064381459,4.392599999999902,trail_stop,4,full
H1_DONCH_SMA,headline_sma50_nofin,1,2015-01-20 17:00:00+00:00,2015-01-20 19:00:00+00:00,1295.98,1287.8767,1287.8767,-8.40329999999999,-1.0370219540187333,8.10329999999999,trail_stop,3,full
H1_DONCH_SMA,headline_sma50_nofin,1,2015-01-21 06:00:00+00:00,2015-01-21 14:00:00+00:00,1300.21,1294.2167,1291.7608,-6.29330000000009,-0.744839748141845,8.449200000000019,trail_stop,9,full
H1_DONCH_SMA,headline_sma50_nofin,1,2015-01-27 14:00:00+00:00,2015-01-28 07:00:00+00:00,1287.308,1286.8575,1281.1345,-0.75049999999992,-0.12156799222481694,6.173500000000104,trail_stop,17,full
H1_DONCH_SMA,headline_sma50_nofin,1,2015-01-30 16:00:00+00:00,2015-02-02 08:00:00+00:00,1273.708,1275.7342999999998,1267.4956000000002,1.7262999999997646,0.2778797244220906,6.212399999999889,trail_stop,16,full
H1_DONCH_SMA,headline_sma50_nofin,1,2015-02-03 08:00:00+00:00,2015-02-03 12:00:00+00:00,1283.072,1275.8170999999998,1275.7821999999999,-7.554900000000134,-1.0363658810941478,7.289800000000014,trail_stop,5,full
H1_DONCH_SMA,headline_sma50_nofin,1,2015-04-16 00:00:00+00:00,2015-04-16 04:00:00+00:00,1204.759,1200.9118,1199.1028000000001,-4.14719999999993,-0.7332131112761224,5.656199999999899,trail_stop,5,full
H1_DONCH_SMA,headline_sma50_nofin,1,2015-04-16 08:00:00+00:00,2015-04-16 14:00:00+00:00,1207.873,1202.1571,1202.1337,-6.015900000000147,-1.0481940306309465,5.739299999999957,trail_stop,7,full
H1_DONCH_SMA,headline_sma50_nofin,1,2015-04-20 07:00:00+00:00,2015-04-20 09:00:00+00:00,1208.801,1203.6301999999998,1203.6301999999998,-5.470800000000099,-1.058018101647713,5.170800000000099,trail_stop,3,full
H1_DONCH_SMA,headline_sma50_nofin,1,2015-04-21 11:00:00+00:00,2015-04-21 13:00:00+00:00,1198.798,1198.2953,1194.761,-0.8027000000000044,-0.19883576913549605,4.037000000000035,trail_stop,3,full
H1_DONCH_SMA,headline_sma50_nofin,1,2015-04-28 15:00:00+00:00,2015-04-29 01:00:00+00:00,1213.099,1209.752,1208.8419,-3.64699999999998,-0.856686476709485,4.257100000000037,donch_exit,11,full
H1_DONCH_SMA,headline_sma50_nofin,1,2015-05-13 12:00:00+00:00,2015-05-15 01:00:00+00:00,1196.842,1219.5824,1192.6702,22.440399999999908,5.379068987007886,4.171800000000076,trail_stop,38,full
H1_DONCH_SMA,headline_sma50_nofin,1,2015-05-18 06:00:00+00:00,2015-05-18 12:00:00+00:00,1229.27,1224.7361,1224.0532,-4.833899999999903,-0.92660251495169,5.216799999999921,trail_stop,7,full
H1_DONCH_SMA,headline_sma50_nofin,1,2015-05-20 14:00:00+00:00,2015-05-20 17:00:00+00:00,1211.749,1207.8499,1207.8499,-4.199100000000089,-1.0769408324998058,3.8991000000000895,trail_stop,4,full
H1_DONCH_SMA,headline_sma50_nofin,1,2015-05-22 08:00:00+00:00,2015-05-22 12:00:00+00:00,1213.552,1209.4198,1209.4198,-4.4322000000000115,-1.0726005517641932,4.132200000000012,trail_stop,5,full
H1_DONCH_SMA,headline_sma50_nofin,1,2015-05-25 16:00:00+00:00,2015-05-26 01:00:00+00:00,1208.072,1205.2006999999999,1205.2006999999999,-3.171300000000019,-1.1044822902518014,2.8713000000000193,trail_stop,6,full
H1_DONCH_SMA,headline_sma50_nofin,1,2015-08-20 23:00:00+00:00,2015-08-21 06:00:00+00:00,1154.78,1157.6064,1148.7262999999998,2.5263999999999216,0.41733154930040367,6.053700000000163,trail_stop,8,full
H1_DONCH_SMA,headline_sma50_nofin,1,2015-08-24 14:00:00+00:00,2015-08-24 14:00:00+00:00,1165.8,1157.2637,1157.2637,-8.836299999999984,-1.03514403195764,8.536299999999983,trail_stop,1,full
H1_DONCH_SMA,headline_sma50_nofin,1,2015-08-31 20:00:00+00:00,2015-09-01 14:00:00+00:00,1135.772,1140.4452999999999,1130.3669,4.373299999999927,0.8091062145011136,5.405099999999948,trail_stop,18,full
H1_DONCH_SMA,headline_sma50_nofin,1,2015-09-17 19:00:00+00:00,2015-09-18 02:00:00+00:00,1132.189,1128.2629000000002,1128.2629000000002,-4.226099999999906,-1.0764117062734029,3.9260999999999058,trail_stop,8,full
H1_DONCH_SMA,headline_sma50_nofin,1,2015-09-18 10:00:00+00:00,2015-09-21 11:00:00+00:00,1136.552,1134.2946,1130.5794999999998,-2.5573999999999613,-0.42819589786520323,5.972500000000082,trail_stop,25,full
H1_DONCH_SMA,headline_sma50_nofin,1,2015-09-23 12:00:00+00:00,2015-09-24 22:00:00+00:00,1131.048,1149.61,1127.3387,18.261999999999897,4.92330089235165,3.7092999999999847,trail_stop,33,full
H1_DONCH_SMA,headline_sma50_nofin,1,2015-10-05 14:00:00+00:00,2015-10-05 14:00:00+00:00,1140.081,1135.2893,1135.2893,-5.0916999999999915,-1.0626082601164515,4.791699999999992,trail_stop,1,full
H1_DONCH_SMA,headline_sma50_nofin,1,2015-10-06 13:00:00+00:00,2015-10-06 17:00:00+00:00,1143.689,1145.6767,1140.0917000000002,1.6876999999999043,0.46915742362325885,3.5972999999999047,trail_stop,5,full
H1_DONCH_SMA,headline_sma50_nofin,1,2015-10-09 08:00:00+00:00,2015-10-12 12:00:00+00:00,1152.539,1163.8481,1146.4191,11.009099999999943,1.7989019428422188,6.119899999999916,trail_stop,28,full
H1_DONCH_SMA,headline_sma50_nofin,1,2015-10-13 14:00:00+00:00,2015-10-14 09:00:00+00:00,1165.938,1168.8932,1160.3441,2.655199999999877,0.4746598973881981,5.593900000000076,trail_stop,19,full
H1_DONCH_SMA,headline_sma50_nofin,1,2015-10-14 18:00:00+00:00,2015-10-15 12:00:00+00:00,1184.838,1179.7205,1176.9626,-5.4175000000000635,-0.6879015669045551,7.8753999999999,trail_stop,18,full
H1_DONCH_SMA,headline_sma50_nofin,1,2015-10-20 14:00:00+00:00,2015-10-21 06:00:00+00:00,1177.839,1173.528,1173.528,-4.610999999999922,-1.0695894224077953,4.310999999999922,trail_stop,16,full
H1_DONCH_SMA,headline_sma50_nofin,1,2015-10-23 07:00:00+00:00,2015-10-23 13:00:00+00:00,1173.09,1174.0367,1167.9982,0.6467000000001917,0.12700813072002076,5.091799999999921,trail_stop,7,full
H1_DONCH_SMA,headline_sma50_nofin,1,2015-10-28 06:00:00+00:00,2015-10-28 17:00:00+00:00,1170.821,1176.509,1166.9362999999998,5.388000000000102,1.3869796895513193,3.884700000000066,trail_stop,12,full
H1_DONCH_SMA,headline_sma50_nofin,1,2016-01-07 02:00:00+00:00,2016-01-08 01:00:00+00:00,1097.09,1102.9045,1090.1779999999999,5.51450000000018,0.7978153935185406,6.912000000000035,trail_stop,23,full
H1_DONCH_SMA,headline_sma50_nofin,1,2016-01-11 00:00:00+00:00,2016-01-11 08:00:00+00:00,1106.622,1100.062,1100.062,-6.860000000000173,-1.045731707317072,6.560000000000173,trail_stop,9,full
H1_DONCH_SMA,headline_sma50_nofin,1,2016-01-13 20:00:00+00:00,2016-01-14 06:00:00+00:00,1093.589,1090.681,1087.3744,-3.2079999999999016,-0.5162037781997059,6.2146000000000186,donch_exit,10,full
H1_DONCH_SMA,headline_sma50_nofin,1,2016-01-15 14:00:00+00:00,2016-01-15 15:00:00+00:00,1093.838,1088.2107,1088.2107,-5.927299999999877,-1.0533115348390891,5.627299999999877,trail_stop,2,full
H1_DONCH_SMA,headline_sma50_nofin,1,2016-01-19 09:00:00+00:00,2016-01-19 09:00:00+00:00,1092.689,1088.9831000000001,1088.9831000000001,-4.0058999999999285,-1.0809519954666897,3.7058999999999287,trail_stop,1,full
H1_DONCH_SMA,headline_sma50_nofin,1,2016-01-20 08:00:00+00:00,2016-01-20 20:00:00+00:00,1094.031,1099.4901,1088.7604999999999,5.159100000000035,0.9788634854378053,5.270500000000084,trail_stop,13,full
H1_DONCH_SMA,headline_sma50_nofin,1,2016-01-25 08:00:00+00:00,2016-01-26 11:00:00+00:00,1103.959,1111.2296999999999,1099.2105999999999,6.970699999999806,1.4680102771458914,4.748400000000174,trail_stop,27,full
H1_DONCH_SMA,headline_sma50_nofin,1,2016-01-26 16:00:00+00:00,2016-01-27 07:00:00+00:00,1118.677,1117.939,1113.7772999999997,-1.037999999999829,-0.21184970508394266,4.899700000000166,donch_exit,15,full
H1_DONCH_SMA,headline_sma50_nofin,1,2016-01-27 20:00:00+00:00,2016-01-28 00:00:00+00:00,1127.568,1123.1155999999999,1123.1155999999999,-4.752400000000125,-1.0673793908903044,4.452400000000125,trail_stop,4,full
H1_DONCH_SMA,headline_sma50_nofin,1,2016-02-01 02:00:00+00:00,2016-02-01 13:00:00+00:00,1120.21,1119.7138,1114.5531999999998,-0.7962000000000444,-0.1407509546033121,5.656800000000203,trail_stop,12,full
H1_DONCH_SMA,headline_sma50_nofin,1,2016-02-01 15:00:00+00:00,2016-02-02 04:00:00+00:00,1126.08,1125.348,1121.9823999999999,-1.031999999999971,-0.25185474424052046,4.097600000000057,donch_exit,13,full
H1_DONCH_SMA,headline_sma50_nofin,1,2016-02-03 16:00:00+00:00,2016-02-05 13:00:00+00:00,1137.618,1153.9944999999998,1132.3662,16.07649999999985,3.0611409421531364,5.251800000000003,trail_stop,44,full
H1_DONCH_SMA,headline_sma50_nofin,1,2016-02-05 21:00:00+00:00,2016-02-07 23:00:00+00:00,1173.879,1166.7637,1166.7637,-7.415299999999934,-1.0421626635559995,7.115299999999934,trail_stop,2,full
H1_DONCH_SMA,headline_sma50_nofin,1,2016-02-08 11:00:00+00:00,2016-02-08 20:00:00+00:00,1175.922,1190.9329,1166.4292,14.710899999999992,1.5496902915894162,9.492799999999988,trail_stop,10,full
H1_DONCH_SMA,headline_sma50_nofin,1,2016-02-10 21:00:00+00:00,2016-02-12 00:00:00+00:00,1196.499,1237.8253,1188.8358,41.02629999999995,5.353677314959829,7.663199999999961,trail_stop,26,full
H1_DONCH_SMA,headline_sma50_nofin,1,2016-02-16 12:00:00+00:00,2016-02-16 18:00:00+00:00,1214.891,1204.9082,1204.9082,-10.282799999999998,-1.0300516889049165,9.982799999999997,trail_stop,7,full
H1_DONCH_SMA,headline_sma50_nofin,1,2016-02-17 17:00:00+00:00,2016-02-17 19:00:00+00:00,1212.212,1202.7307,1202.7307,-9.78129999999992,-1.0316412306329303,9.48129999999992,trail_stop,3,full
H1_DONCH_SMA,headline_sma50_nofin,1,2016-02-18 16:00:00+00:00,2016-02-19 01:00:00+00:00,1215.134,1228.7386999999999,1208.4048,13.304699999999865,1.97715924626997,6.729199999999992,trail_stop,9,full
H1_DONCH_SMA,headline_sma50_nofin,1,2016-02-23 04:00:00+00:00,2016-02-24 17:00:00+00:00,1220.749,1239.7271,1212.3414,18.67810000000004,2.221573338408111,8.407600000000002,trail_stop,37,full
H1_DONCH_SMA,headline_sma50_nofin,1,2016-02-29 20:00:00+00:00,2016-03-01 08:00:00+00:00,1238.88,1237.8190000000002,1230.8592,-1.3609999999999218,-0.16968382206262722,8.020800000000008,trail_stop,12,full
H1_DONCH_SMA,headline_sma50_nofin,1,2016-03-02 15:00:00+00:00,2016-03-04 12:00:00+00:00,1239.998,1264.0045,1233.2385,23.70649999999996,3.5071381019305496,6.759500000000116,trail_stop,44,full
H1_DONCH_SMA,headline_sma50_nofin,1,2016-03-04 15:00:00+00:00,2016-03-04 15:00:00+00:00,1276.271,1266.7251999999999,1266.7251999999999,-9.8458000000001,-1.0314274340547673,9.5458000000001,trail_stop,1,full
H1_DONCH_SMA,headline_sma50_nofin,1,2016-03-08 08:00:00+00:00,2016-03-08 14:00:00+00:00,1273.659,1267.6625999999999,1264.9406000000001,-6.296400000000221,-0.7221967333455955,8.718399999999974,trail_stop,7,full
H1_DONCH_SMA,headline_sma50_nofin,1,2016-03-10 15:00:00+00:00,2016-03-11 08:00:00+00:00,1263.641,1264.822,1254.1194,0.8809999999998126,0.0925264661401245,9.521600000000035,trail_stop,17,full
H1_DONCH_SMA,headline_sma50_nofin,1,2016-03-16 19:00:00+00:00,2016-03-17 18:00:00+00:00,1258.21,1259.4091,1253.0188,0.899100000000044,0.17319694868239469,5.191199999999981,trail_stop,23,full
H1_DONCH_SMA,headline_sma50_nofin,1,2016-03-22 08:00:00+00:00,2016-03-22 08:00:00+00:00,1258.18,1252.1717,1252.1717,-6.308299999999963,-1.0499309288817138,6.008299999999963,trail_stop,1,full
H1_DONCH_SMA,headline_sma50_nofin,1,2016-03-29 14:00:00+00:00,2016-03-30 10:00:00+00:00,1223.681,1234.4014,1218.7967,10.420399999999926,2.1334479864054328,4.884299999999939,trail_stop,20,full
H1_DONCH_SMA,headline_sma50_nofin,1,2016-04-05 02:00:00+00:00,2016-04-05 14:00:00+00:00,1225.19,1227.9872,1219.267,2.4971999999999754,0.4216106702684408,5.923000000000002,trail_stop,13,full
H1_DONCH_SMA,headline_sma50_nofin,1,2016-04-07 05:00:00+00:00,2016-04-08 07:00:00+00:00,1229.618,1233.6516,1222.6878,3.7335999999999787,0.5387434706069048,6.9302000000000135,trail_stop,26,full
H1_DONCH_SMA,headline_sma50_nofin,1,2016-04-10 23:00:00+00:00,2016-04-12 13:00:00+00:00,1244.979,1255.4993,1238.2623,10.220299999999906,1.5216252028525894,6.716699999999946,trail_stop,37,full
H1_DONCH_SMA,headline_sma50_nofin,1,2016-04-17 23:00:00+00:00,2016-04-18 06:00:00+00:00,1238.13,1232.5011000000002,1232.5011000000002,-5.92889999999993,-1.0532963811757188,5.6288999999999305,trail_stop,8,full
H1_DONCH_SMA,headline_sma50_nofin,1,2016-04-21 07:00:00+00:00,2016-04-21 13:00:00+00:00,1258.279,1260.4657000000002,1250.9804000000001,1.8867000000002008,0.25850163044970803,7.298599999999851,trail_stop,7,full
H1_DONCH_SMA,headline_sma50_nofin,1,2016-04-26 14:00:00+00:00,2016-04-27 13:00:00+00:00,1241.349,1245.99,1236.2382,4.341000000000077,0.8493777882132227,5.1107999999999265,trail_stop,23,full
H1_DONCH_SMA,headline_sma50_nofin,1,2016-04-28 06:00:00+00:00,2016-05-02 13:00:00+00:00,1253.251,1292.9802,1245.0046,39.429199999999994,4.781383391540554,8.246399999999994,trail_stop,54,full
H1_DONCH_SMA,headline_sma50_nofin,1,2016-05-05 13:00:00+00:00,2016-05-05 14:00:00+00:00,1285.251,1278.2877,1278.2877,-7.26329999999989,-1.043083020981432,6.96329999999989,trail_stop,2,full
H1_DONCH_SMA,headline_sma50_nofin,1,2016-05-06 13:00:00+00:00,2016-05-06 13:00:00+00:00,1291.991,1285.839,1285.839,-6.4520000000000435,-1.0487646293888162,6.152000000000044,trail_stop,1,full
H1_DONCH_SMA,headline_sma50_nofin,1,2016-05-06 17:00:00+00:00,2016-05-06 18:00:00+00:00,1294.899,1286.6218999999999,1286.6218999999999,-8.57710000000002,-1.0362445784151455,8.277100000000019,trail_stop,2,full
H1_DONCH_SMA,headline_sma50_nofin,1,2016-05-11 02:00:00+00:00,2016-05-11 16:00:00+00:00,1269.819,1271.9829,1263.2183,1.8639000000000123,0.2823791416061968,6.600699999999961,trail_stop,15,full
H1_DONCH_SMA,headline_sma50_nofin,1,2016-05-12 14:00:00+00:00,2016-05-12 14:00:00+00:00,1278.93,1273.0946000000001,1273.0946000000001,-6.135399999999936,-1.0514103574733529,5.835399999999936,trail_stop,1,full
H1_DONCH_SMA,headline_sma50_nofin,1,2016-05-16 03:00:00+00:00,2016-05-16 14:00:00+00:00,1276.98,1280.9155,1269.9957,3.6355000000000475,0.5205246051859181,6.984300000000076,trail_stop,12,full
H1_DONCH_SMA,headline_sma50_nofin,1,2016-05-17 15:00:00+00:00,2016-05-17 16:00:00+00:00,1281.092,1274.7899,1274.7899,-6.602100000000109,-1.047603179892416,6.3021000000001095,trail_stop,2,full
H1_DONCH_SMA,headline_sma50_nofin,1,2016-06-09 00:00:00+00:00,2016-06-09 07:00:00+00:00,1264.799,1259.677,1259.677,-5.422000000000071,-1.058570870753611,5.122000000000071,trail_stop,8,full
H1_DONCH_SMA,headline_sma50_nofin,1,2016-06-09 16:00:00+00:00,2016-06-10 05:00:00+00:00,1269.959,1265.351,1264.0743,-4.907999999999947,-0.8340272231379495,5.884700000000066,donch_exit,13,full
H1_DONCH_SMA,headline_sma50_nofin,1,2016-06-10 14:00:00+00:00,2016-06-10 15:00:00+00:00,1275.329,1271.4505000000001,1270.448,-4.178499999999803,-0.8560745748821809,4.880999999999858,trail_stop,2,full
H1_DONCH_SMA,headline_sma50_nofin,1,2016-06-13 06:00:00+00:00,2016-06-13 13:00:00+00:00,1282.842,1280.0848,1276.0671000000002,-3.0572000000000115,-0.45125389304640096,6.774899999999889,trail_stop,8,full
H1_DONCH_SMA,headline_sma50_nofin,1,2016-06-14 13:00:00+00:00,2016-06-14 15:00:00+00:00,1285.879,1280.7894999999999,1280.7358,-5.3895000000000435,-1.0478884741017394,5.143199999999979,trail_stop,3,full
H1_DONCH_SMA,headline_sma50_nofin,1,2016-06-15 19:00:00+00:00,2016-06-16 16:00:00+00:00,1291.31,1303.4463,1285.6561,11.836300000000119,2.093475300235249,5.6539000000000215,trail_stop,21,full
H1_DONCH_SMA,headline_sma50_nofin,1,2016-06-17 20:00:00+00:00,2016-06-19 22:00:00+00:00,1297.999,1290.17,1290.17,-8.128999999999952,-1.0383190701238987,7.828999999999951,trail_stop,2,full
H1_DONCH_SMA,headline_sma50_nofin,1,2016-06-21 01:00:00+00:00,2016-06-21 05:00:00+00:00,1290.869,1282.9475,1282.9475,-8.221499999999924,-1.0378716152243899,7.921499999999924,trail_stop,5,full
H1_DONCH_SMA,headline_sma50_nofin,1,2016-06-29 03:00:00+00:00,2016-06-29 19:00:00+00:00,1320.009,1318.5766,1311.7936,-1.732399999999916,-0.2108722642841379,8.215400000000045,trail_stop,17,full
H1_DONCH_SMA,headline_sma50_nofin,1,2016-06-30 20:00:00+00:00,2016-07-03 22:00:00+00:00,1324.069,1335.9783,1317.2956,11.60930000000003,1.7139545870611457,6.773400000000038,trail_stop,25,full
H1_DONCH_SMA,headline_sma50_nofin,1,2016-07-04 02:00:00+00:00,2016-07-05 01:00:00+00:00,1348.55,1342.6085,1340.262,-6.241499999999905,-0.753076737451725,8.288000000000011,trail_stop,19,full
H1_DONCH_SMA,headline_sma50_nofin,1,2016-07-05 17:00:00+00:00,2016-07-06 14:00:00+00:00,1354.83,1364.3306,1346.2014,9.200600000000076,1.0662911712212955,8.628600000000006,trail_stop,21,full
H1_DONCH_SMA,headline_sma50_nofin,1,2016-07-10 23:00:00+00:00,2016-07-11 06:00:00+00:00,1372.559,1361.4702,1361.4702,-11.388799999999993,-1.0270543250847703,11.088799999999992,trail_stop,8,full
H1_DONCH_SMA,headline_sma50_nofin,1,2016-07-14 00:00:00+00:00,2016-07-14 01:00:00+00:00,1345.579,1339.3783,1337.8274000000001,-6.50069999999987,-0.8386268641312782,7.751599999999826,trail_stop,2,full
H1_DONCH_SMA,headline_sma50_nofin,1,2016-07-17 22:00:00+00:00,2016-07-18 01:00:00+00:00,1332.618,1324.1541,1324.1541,-8.763899999999968,-1.0354446531740689,8.463899999999967,trail_stop,4,full
H1_DONCH_SMA,headline_sma50_nofin,1,2016-07-21 16:00:00+00:00,2016-07-22 03:00:00+00:00,1329.53,1325.8685,1322.7649,-3.9614999999999325,-0.5855789271407501,6.765100000000075,trail_stop,11,full
H1_DONCH_SMA,headline_sma50_nofin,1,2016-07-27 13:00:00+00:00,2016-07-27 18:00:00+00:00,1322.829,1323.0028,1318.4978999999998,-0.1261999999999716,-0.029138094248567,4.331100000000106,trail_stop,6,full
H1_DONCH_SMA,headline_sma50_nofin,1,2016-07-27 20:00:00+00:00,2016-07-28 14:00:00+00:00,1341.028,1336.5755000000001,1334.5695,-4.7524999999998725,-0.7358519780134557,6.458499999999958,trail_stop,18,full
H1_DONCH_SMA,headline_sma50_nofin,1,2016-07-29 13:00:00+00:00,2016-08-02 01:00:00+00:00,1345.521,1349.2426,1338.086,3.4216000000000806,0.46020174848690054,7.434999999999945,trail_stop,35,full
H1_DONCH_SMA,headline_sma50_nofin,1,2016-08-02 08:00:00+00:00,2016-08-03 13:00:00+00:00,1358.521,1360.8394,1353.7543999999998,2.0184000000001108,0.4234464817689854,4.766600000000153,trail_stop,29,full
H1_DONCH_SMA,headline_sma50_nofin,1,2016-08-09 14:00:00+00:00,2016-08-10 13:00:00+00:00,1339.521,1351.1826,1335.8671,11.361600000000134,3.109444702920186,3.6539000000000215,trail_stop,23,full
H1_DONCH_SMA,headline_sma50_nofin,1,2016-08-11 15:00:00+00:00,2016-08-11 16:00:00+00:00,1351.378,1346.0991,1346.0991,-5.578900000000021,-1.0568300214059745,5.2789000000000215,trail_stop,2,full
H1_DONCH_SMA,headline_sma50_nofin,1,2016-08-12 13:00:00+00:00,2016-08-12 16:00:00+00:00,1355.009,1348.6903,1348.6903,-6.618700000000035,-1.0474781204994696,6.318700000000035,trail_stop,4,full
H1_DONCH_SMA,headline_sma50_nofin,1,2016-08-16 01:00:00+00:00,2016-08-16 12:00:00+00:00,1345.76,1348.5810999999999,1341.1359,2.5210999999998878,0.5452087973875757,4.6240999999999985,trail_stop,12,full
H1_DONCH_SMA,headline_sma50_nofin,1,2016-08-18 00:00:00+00:00,2016-08-18 09:00:00+00:00,1352.159,1348.6108,1345.5679000000002,-3.848200000000179,-0.5838479161293646,6.591099999999869,trail_stop,10,full
H1_DONCH_SMA,headline_sma50_nofin,1,2016-08-23 08:00:00+00:00,2016-08-23 15:00:00+00:00,1340.041,1339.4795,1335.6615,-0.8615000000000237,-0.1967119534193452,4.379500000000007,trail_stop,8,full
H1_DONCH_SMA,headline_sma50_nofin,1,2016-09-22 13:00:00+00:00,2016-09-22 18:00:00+00:00,1337.271,1337.59,1331.6705,0.018999999999959993,0.003392554236221758,5.600500000000011,trail_stop,6,full
H1_DONCH_SMA,headline_sma50_nofin,1,2016-09-26 14:00:00+00:00,2016-09-26 18:00:00+00:00,1340.919,1336.9207000000001,1336.9207000000001,-4.298299999999972,-1.0750318885526353,3.998299999999972,trail_stop,5,full
H1_DONCH_SMA,headline_sma50_nofin,1,2017-01-12 07:00:00+00:00,2017-01-12 18:00:00+00:00,1200.732,1198.0854,1192.7846,-2.9466000000000347,-0.37076276518106915,7.947400000000016,trail_stop,12,full
H1_DONCH_SMA,headline_sma50_nofin,1,2017-01-16 00:00:00+00:00,2017-01-17 12:00:00+00:00,1203.391,1212.1752999999999,1197.183,8.484299999999802,1.3666720360824238,6.208000000000084,trail_stop,32,full
H1_DONCH_SMA,headline_sma50_nofin,1,2017-01-20 02:00:00+00:00,2017-01-20 08:00:00+00:00,1207.499,1202.2518,1201.3146000000002,-5.547200000000021,-0.8969665610245356,6.184399999999869,trail_stop,7,full
H1_DONCH_SMA,headline_sma50_nofin,1,2017-01-20 20:00:00+00:00,2017-01-23 14:00:00+00:00,1212.669,1210.5612,1206.6957,-2.4077999999999973,-0.4030937672643185,5.973300000000108,trail_stop,18,full
H1_DONCH_SMA,headline_sma50_nofin,1,2017-01-27 20:00:00+00:00,2017-01-30 08:00:00+00:00,1191.329,1189.805,1186.1947,-1.8239999999998873,-0.3552577761330481,5.134299999999939,trail_stop,12,full
H1_DONCH_SMA,headline_sma50_nofin,1,2017-01-30 16:00:00+00:00,2017-01-30 18:00:00+00:00,1198.178,1194.1199000000001,1194.1199000000001,-4.3580999999999674,-1.073926221630813,4.058099999999968,trail_stop,3,full
H1_DONCH_SMA,headline_sma50_nofin,1,2017-01-31 03:00:00+00:00,2017-02-01 04:00:00+00:00,1199.588,1208.498,1194.3139999999999,8.610000000000081,1.632536973833882,5.274000000000115,donch_exit,26,full
H1_DONCH_SMA,headline_sma50_nofin,1,2017-02-02 01:00:00+00:00,2017-02-02 15:00:00+00:00,1213.012,1217.1657,1206.9886999999999,3.853700000000072,0.6397987813989062,6.023300000000063,trail_stop,15,full
H1_DONCH_SMA,headline_sma50_nofin,1,2017-02-03 16:00:00+00:00,2017-02-03 19:00:00+00:00,1219.288,1214.7517,1214.0505,-4.836299999999983,-0.9233985680190978,5.2374999999999545,trail_stop,4,full
H1_DONCH_SMA,headline_sma50_nofin,1,2017-02-06 01:00:00+00:00,2017-02-07 07:00:00+00:00,1223.729,1230.4844,1217.6385,6.455400000000009,1.0599129792299462,6.09050000000002,trail_stop,31,full
H1_DONCH_SMA,headline_sma50_nofin,1,2017-02-08 09:00:00+00:00,2017-02-08 18:00:00+00:00,1236.972,1237.2313,1232.2864,-0.04070000000006074,-0.008686187467999948,4.685600000000022,trail_stop,10,full
H1_DONCH_SMA,headline_sma50_nofin,1,2017-02-14 13:00:00+00:00,2017-02-14 15:00:00+00:00,1233.231,1229.4197,1229.4197,-4.111300000000074,-1.0787132999239089,3.811300000000074,trail_stop,3,full
H1_DONCH_SMA,headline_sma50_nofin,1,2017-02-15 17:00:00+00:00,2017-02-17 07:00:00+00:00,1230.201,1236.968,1225.234,6.467000000000053,1.3019931548218089,4.967000000000098,donch_exit,37,full
H1_DONCH_SMA,headline_sma50_nofin,1,2017-02-21 18:00:00+00:00,2017-02-22 14:00:00+00:00,1238.118,1235.4465,1233.3871,-2.9714999999999234,-0.6281045889788225,4.73090000000002,trail_stop,21,full
H1_DONCH_SMA,headline_sma50_nofin,1,2017-02-23 12:00:00+00:00,2017-02-24 14:00:00+00:00,1239.099,1256.4787000000001,1234.9538,17.079700000000184,4.1203560744959145,4.145199999999932,trail_stop,27,full
H1_DONCH_SMA,headline_sma50_nofin,1,2017-02-27 16:00:00+00:00,2017-02-27 18:00:00+00:00,1259.718,1258.5082,1255.7465000000002,-1.5098000000000866,-0.3801586302404968,3.971499999999878,trail_stop,3,full
H1_DONCH_SMA,headline_sma50_nofin,1,2017-03-06 00:00:00+00:00,2017-03-06 07:00:00+00:00,1236.758,1231.768,1230.4491,-5.290000000000009,-0.8384979948961013,6.308899999999994,donch_exit,8,full
H1_DONCH_SMA,headline_sma50_nofin,1,2017-03-16 02:00:00+00:00,2017-03-17 00:00:00+00:00,1224.658,1224.938,1217.4269,-0.0199999999997999,-0.002765830924727909,7.231099999999969,donch_exit,22,full
H1_DONCH_SMA,headline_sma50_nofin,1,2017-03-17 12:00:00+00:00,2017-03-20 12:00:00+00:00,1230.852,1230.596,1226.6024,-0.5560000000000855,-0.130835843373511,4.2496000000001,trail_stop,24,full
H1_DONCH_SMA,headline_sma50_nofin,1,2017-03-21 14:00:00+00:00,2017-03-22 23:00:00+00:00,1239.182,1246.7329,1235.6672,7.250899999999956,2.062962330715863,3.514799999999923,trail_stop,32,full
H1_DONCH_SMA,headline_sma50_nofin,1,2017-03-23 13:00:00+00:00,2017-03-23 14:00:00+00:00,1252.052,1248.1436999999999,1248.1436999999999,-4.208300000000054,-1.0767597165007794,3.908300000000054,trail_stop,2,full
H1_DONCH_SMA,headline_sma50_nofin,1,2017-03-26 23:00:00+00:00,2017-03-27 14:00:00+00:00,1252.651,1255.108,1247.9785000000002,2.15699999999988,0.4616372391653133,4.6724999999999,donch_exit,16,full
H1_DONCH_SMA,headline_sma50_nofin,1,2017-03-28 13:00:00+00:00,2017-03-28 16:00:00+00:00,1257.221,1253.9663,1253.7974,-3.554699999999957,-1.0382930248860485,3.4236000000000786,trail_stop,4,full
H1_DONCH_SMA,headline_sma50_nofin,1,2017-03-31 17:00:00+00:00,2017-04-03 06:00:00+00:00,1249.861,1246.789,1246.0193000000002,-3.3720000000001162,-0.8777364187729816,3.841699999999946,donch_exit,13,full
H1_DONCH_SMA,headline_sma50_nofin,1,2017-04-03 15:00:00+00:00,2017-04-04 13:00:00+00:00,1252.249,1256.5228,1248.7821,3.9737999999999376,1.146211312700048,3.4669000000001233,trail_stop,22,full
H1_DONCH_SMA,headline_sma50_nofin,1,2017-04-06 00:00:00+00:00,2017-04-06 10:00:00+00:00,1258.198,1252.5828000000001,1252.5828000000001,-5.915199999999959,-1.0534264140190914,5.615199999999959,trail_stop,11,full
H1_DONCH_SMA,headline_sma50_nofin,1,2017-04-07 02:00:00+00:00,2017-04-07 16:00:00+00:00,1264.418,1260.9771999999998,1260.9771999999998,-3.740800000000081,-1.0871890258079495,3.440800000000081,trail_stop,15,full
H1_DONCH_SMA,headline_sma50_nofin,1,2017-04-11 08:00:00+00:00,2017-04-13 13:00:00+00:00,1257.532,1282.2859,1252.9401,24.453900000000157,5.325442627235068,4.591899999999896,trail_stop,52,full
H1_DONCH_SMA,headline_sma50_nofin,1,2017-04-16 23:00:00+00:00,2017-04-17 05:00:00+00:00,1293.452,1289.449,1288.9187,-4.302999999999929,-0.9491981558687662,4.533300000000054,trail_stop,7,full
H1_DONCH_SMA,headline_sma50_nofin,1,2017-04-18 16:00:00+00:00,2017-04-19 05:00:00+00:00,1290.722,1285.7209,1284.9944999999998,-5.301099999999951,-0.9255521606285071,5.727500000000191,trail_stop,13,full
H1_DONCH_SMA,headline_sma50_nofin,1,2017-04-21 12:00:00+00:00,2017-04-21 14:00:00+00:00,1283.512,1279.3603,1279.3391,-4.451699999999891,-1.0668120491744022,4.172900000000027,trail_stop,3,full
H1_DONCH_SMA,headline_sma50_nofin,1,2017-04-25 00:00:00+00:00,2017-04-25 06:00:00+00:00,1277.451,1272.2719,1272.2719,-5.479100000000062,-1.057925122125465,5.179100000000062,trail_stop,7,full
H1_DONCH_SMA,headline_sma50_nofin,1,2017-04-26 20:00:00+00:00,2017-04-27 06:00:00+00:00,1269.479,1264.5239,1264.5239,-5.255100000000129,-1.0605436822667538,4.9551000000001295,trail_stop,10,full
H1_DONCH_SMA,headline_sma50_nofin,1,2017-04-28 20:00:00+00:00,2017-05-01 00:00:00+00:00,1268.521,1267.0848,1265.2636,-1.7361999999998716,-0.5330017805611507,3.2573999999999614,trail_stop,4,full
H1_DONCH_SMA,headline_sma50_nofin,1,2017-05-17 23:00:00+00:00,2017-05-18 06:00:00+00:00,1261.412,1255.718,1255.4215,-5.99399999999996,-1.0005842584091227,5.990500000000111,donch_exit,8,full
H1_DONCH_SMA,headline_sma50_nofin,1,2017-05-18 11:00:00+00:00,2017-05-18 12:00:00+00:00,1263.861,1256.9462,1256.9462,-7.214800000000014,-1.043385202753514,6.914800000000014,trail_stop,2,full
H1_DONCH_SMA,headline_sma50_nofin,1,2017-05-21 23:00:00+00:00,2017-05-22 02:00:00+00:00,1257.072,1252.1628999999998,1252.1628999999998,-5.20910000000008,-1.0611109979425954,4.90910000000008,trail_stop,4,full
H1_DONCH_SMA,headline_sma50_nofin,1,2017-05-22 13:00:00+00:00,2017-05-23 07:00:00+00:00,1258.481,1259.4237,1254.5313,0.6427000000000589,0.16272121933313322,3.9496999999998934,trail_stop,18,full
H1_DONCH_SMA,headline_sma50_nofin,1,2017-05-24 19:00:00+00:00,2017-05-25 12:00:00+00:00,1255.291,1255.2151,1251.2068,-0.3759000000000469,-0.09203760834436267,4.08420000000001,trail_stop,17,full
H1_DONCH_SMA,headline_sma50_nofin,1,2017-05-26 07:00:00+00:00,2017-05-30 04:00:00+00:00,1261.151,1267.7063,1257.0086000000001,6.2552999999999885,1.5100666280417296,4.142399999999952,trail_stop,41,full
H1_DONCH_SMA,headline_sma50_nofin,1,2017-05-31 10:00:00+00:00,2017-05-31 20:00:00+00:00,1264.771,1267.7565,1260.9272999999998,2.685500000000002,0.6986757551317516,3.8437000000001262,trail_stop,11,full
H1_DONCH_SMA,headline_sma50_nofin,1,2017-06-02 13:00:00+00:00,2017-06-05 15:00:00+00:00,1273.679,1278.599,1269.5814,4.619999999999846,1.1274892620069752,4.097600000000057,donch_exit,26,full
H1_DONCH_SMA,headline_sma50_nofin,1,2017-06-06 03:00:00+00:00,2017-06-07 10:00:00+00:00,1284.318,1290.1953,1280.8814,5.577300000000105,1.6229121806436906,3.4365999999999985,trail_stop,31,full
H1_DONCH_SMA,headline_sma50_nofin,1,2017-06-14 03:00:00+00:00,2017-06-14 11:00:00+00:00,1269.238,1265.5673000000002,1265.1861000000001,-3.970699999999897,-0.9799600187566236,4.051899999999932,trail_stop,9,full
H1_DONCH_SMA,headline_sma50_nofin,1,2017-06-14 13:00:00+00:00,2017-06-14 18:00:00+00:00,1276.321,1272.9821,1272.9300999999998,-3.6388999999999667,-1.0731369253000258,3.3909000000001015,trail_stop,6,full
H1_DONCH_SMA,headline_sma50_nofin,1,2017-07-24 00:00:00+00:00,2017-07-24 06:00:00+00:00,1256.142,1252.5594,1252.5594,-3.8825999999999565,-1.0837380673254071,3.5825999999999567,trail_stop,7,full
H1_DONCH_SMA,headline_sma50_nofin,1,2017-07-24 13:00:00+00:00,2017-07-24 16:00:00+00:00,1258.119,1254.4144,1254.4144,-4.0046000000000275,-1.0809804027425356,3.7046000000000276,trail_stop,4,full
H1_DONCH_SMA,headline_sma50_nofin,1,2017-07-26 18:00:00+00:00,2017-07-27 14:00:00+00:00,1250.699,1258.9277,1247.193,7.92869999999989,2.2614660581858805,3.5060000000000855,trail_stop,20,full
H1_DONCH_SMA,headline_sma50_nofin,1,2017-07-28 13:00:00+00:00,2017-07-31 03:00:00+00:00,1263.568,1267.388,1259.4987999999998,3.5199999999999365,0.8650348962940672,4.069200000000137,donch_exit,14,full
H1_DONCH_SMA,headline_sma50_nofin,1,2017-08-01 15:00:00+00:00,2017-08-01 19:00:00+00:00,1272.908,1268.6309999999999,1268.6309999999999,-4.5770000000000435,-1.070142623334112,4.277000000000044,trail_stop,5,full
H1_DONCH_SMA,headline_sma50_nofin,1,2017-08-08 02:00:00+00:00,2017-08-08 14:00:00+00:00,1260.021,1260.9799,1257.0265,0.6589000000000851,0.2200367340123832,2.9945000000000164,trail_stop,13,full
H1_DONCH_SMA,headline_sma50_nofin,1,2017-08-09 01:00:00+00:00,2017-08-11 12:00:00+00:00,1265.991,1283.8975,1260.8962999999999,17.60650000000005,3.455846271615541,5.094700000000103,trail_stop,58,full
H1_DONCH_SMA,headline_sma50_nofin,1,2017-08-16 17:00:00+00:00,2017-08-17 10:00:00+00:00,1274.621,1283.8283000000001,1270.921,8.907300000000031,2.407378378378357,3.7000000000000455,trail_stop,17,full
H1_DONCH_SMA,headline_sma50_nofin,1,2017-08-18 08:00:00+00:00,2017-08-18 14:00:00+00:00,1292.949,1292.7791,1287.7621000000001,-0.46990000000009785,-0.09059361082729661,5.186899999999923,trail_stop,7,full
H1_DONCH_SMA,headline_sma50_nofin,1,2017-08-21 14:00:00+00:00,2017-08-22 01:00:00+00:00,1291.771,1288.1741,1286.8152,-3.896900000000005,-0.7863311675208929,4.955799999999954,trail_stop,11,full
H1_DONCH_SMA,headline_sma50_nofin,1,2017-08-23 12:00:00+00:00,2017-08-24 07:00:00+00:00,1289.869,1286.9359000000002,1286.1803,-3.23309999999974,-0.8764876514760769,3.688699999999926,trail_stop,19,full
H1_DONCH_SMA,headline_sma50_nofin,1,2017-08-28 06:00:00+00:00,2017-08-29 14:00:00+00:00,1294.979,1317.2722,1288.5139,21.99320000000007,3.401834465050759,6.46510000000012,trail_stop,32,full
H1_DONCH_SMA,headline_sma50_nofin,1,2017-08-31 15:00:00+00:00,2017-09-01 06:00:00+00:00,1316.511,1318.411,1311.2798,1.600000000000091,0.30585716470410385,5.231199999999944,donch_exit,15,full
H1_DONCH_SMA,headline_sma50_nofin,1,2017-09-03 23:00:00+00:00,2017-09-05 07:00:00+00:00,1335.001,1331.5910999999999,1329.1031,-3.709900000000107,-0.6290204988216394,5.897899999999936,trail_stop,28,full
H1_DONCH_SMA,headline_sma50_nofin,1,2017-09-05 19:00:00+00:00,2017-09-06 04:00:00+00:00,1343.528,1337.5441,1337.5441,-6.2838999999999485,-1.0501345276491925,5.983899999999949,trail_stop,9,full
H1_DONCH_SMA,headline_sma50_nofin,1,2017-09-07 13:00:00+00:00,2017-09-07 13:00:00+00:00,1343.869,1339.5261999999998,1339.5261999999998,-4.642800000000125,-1.0690798563138968,4.342800000000125,trail_stop,1,full
H1_DONCH_SMA,headline_sma50_nofin,1,2017-09-08 03:00:00+00:00,2017-09-08 12:00:00+00:00,1352.081,1348.4997,1345.6759,-3.881299999999828,-0.6059702424630153,6.405099999999948,trail_stop,10,full
H1_DONCH_SMA,headline_sma50_nofin,1,2017-09-12 19:00:00+00:00,2017-09-13 13:00:00+00:00,1330.811,1330.3598000000002,1326.1055999999999,-0.7511999999997443,-0.15964636375222843,4.705400000000054,trail_stop,18,full
H1_DONCH_SMA,headline_sma50_nofin,1,2017-09-14 18:00:00+00:00,2017-09-15 07:00:00+00:00,1329.072,1327.4334000000001,1323.5618,-1.9385999999997694,-0.3518202606075624,5.510199999999941,trail_stop,13,full
H1_DONCH_SMA,headline_sma50_nofin,1,2017-09-19 14:00:00+00:00,2017-09-19 16:00:00+00:00,1310.292,1306.0264,1306.0264,-4.565599999999949,-1.070330082520631,4.265599999999949,trail_stop,3,full
H1_DONCH_SMA,headline_sma50_nofin,1,2017-09-19 20:00:00+00:00,2017-09-20 12:00:00+00:00,1310.992,1311.409,1306.614,0.11700000000014371,0.026724531749690635,4.377999999999929,trail_stop,16,full
H1_DONCH_SMA,headline_sma50_nofin,1,2017-09-25 15:00:00+00:00,2017-09-26 07:00:00+00:00,1298.321,1306.7853,1293.8978,8.164300000000093,1.845790378006914,4.423199999999952,trail_stop,16,full
H1_DONCH_SMA,headline_sma50_nofin,1,2017-10-16 00:00:00+00:00,2017-10-16 17:00:00+00:00,1304.178,1302.4742,1299.3666000000003,-2.003800000000001,-0.4164692189383704,4.811399999999821,trail_stop,18,full
H1_DONCH_SMA,headline_sma50_nofin,1,2017-11-27 09:00:00+00:00,2017-11-27 14:00:00+00:00,1291.711,1294.4415,1288.074,2.430499999999893,0.6682705526532666,3.6369999999999436,trail_stop,6,full
H1_DONCH_SMA,headline_sma50_nofin,1,2017-12-26 02:00:00+00:00,2017-12-27 12:00:00+00:00,1278.632,1283.4884,1275.5974,4.556399999999894,1.5014828972516845,3.034599999999955,trail_stop,34,full
H1_DONCH_SMA,headline_sma50_nofin,1,2017-12-27 16:00:00+00:00,2017-12-28 13:00:00+00:00,1286.361,1289.8213,1283.6251000000002,3.1602999999999613,1.1551226287510783,2.7358999999999014,trail_stop,21,full
H1_DONCH_SMA,headline_sma50_nofin,1,2017-12-29 02:00:00+00:00,2017-12-29 18:00:00+00:00,1295.632,1303.1037000000001,1292.3607,7.1717000000000555,2.192308868034058,3.2713000000001102,trail_stop,17,full
H1_DONCH_SMA,headline_sma50_nofin,1,2018-01-02 07:00:00+00:00,2018-01-03 02:00:00+00:00,1309.902,1316.2477000000001,1305.5041,6.045700000000079,1.3746788239842123,4.397899999999936,trail_stop,19,full
H1_DONCH_SMA,headline_sma50_nofin,1,2018-01-04 16:00:00+00:00,2018-01-05 06:00:00+00:00,1319.778,1318.6589,1313.894,-1.4191000000001168,-0.2411794697484897,5.8840000000000146,trail_stop,14,full
H1_DONCH_SMA,headline_sma50_nofin,1,2018-01-10 11:00:00+00:00,2018-01-10 13:00:00+00:00,1321.199,1318.4763,1316.5092,-3.0227000000000315,-0.6445264190370514,4.689800000000105,trail_stop,3,full
H1_DONCH_SMA,headline_sma50_nofin,1,2018-01-11 14:00:00+00:00,2018-01-12 13:00:00+00:00,1320.918,1327.818,1316.6625,6.600000000000091,1.550934085301402,4.255499999999984,trail_stop,23,full
H1_DONCH_SMA,headline_sma50_nofin,1,2018-01-12 19:00:00+00:00,2018-01-16 08:00:00+00:00,1337.679,1337.7253,1332.2754,-0.2537000000000262,-0.046950181360578436,5.403600000000097,trail_stop,33,full
H1_DONCH_SMA,headline_sma50_nofin,1,2018-01-17 01:00:00+00:00,2018-01-17 02:00:00+00:00,1341.871,1338.2457,1336.8619,-3.925300000000152,-0.7836337865085864,5.0090999999999894,trail_stop,2,full
H1_DONCH_SMA,headline_sma50_nofin,1,2018-01-19 08:00:00+00:00,2018-01-19 20:00:00+00:00,1334.901,1332.162,1329.6349,-3.0390000000000326,-0.577087408138851,5.266100000000051,donch_exit,13,full
H1_DONCH_SMA,headline_sma50_nofin,1,2018-01-23 02:00:00+00:00,2018-01-23 14:00:00+00:00,1336.561,1332.9229,1332.1195,-3.9380999999998947,-0.8866599121918223,4.441499999999905,trail_stop,13,full
H1_DONCH_SMA,headline_sma50_nofin,1,2018-01-23 20:00:00+00:00,2018-01-25 08:00:00+00:00,1340.541,1359.1077,1336.31,18.266700000000082,4.31734814464668,4.2309999999999945,trail_stop,35,full
H1_DONCH_SMA,headline_sma50_nofin,1,2018-01-31 21:00:00+00:00,2018-02-01 07:00:00+00:00,1345.671,1340.2168000000001,1339.9222,-5.7541999999999005,-1.0009393264681024,5.748800000000074,trail_stop,10,full
H1_DONCH_SMA,headline_sma50_nofin,1,2018-02-01 21:00:00+00:00,2018-02-02 09:00:00+00:00,1349.792,1345.851,1344.1770999999999,-4.240999999999803,-0.755311759781969,5.614900000000034,donch_exit,12,full
H1_DONCH_SMA,headline_sma50_nofin,1,2018-02-06 03:00:00+00:00,2018-02-06 12:00:00+00:00,1344.522,1338.4231,1338.4231,-6.398899999999958,-1.049189198052108,6.098899999999958,trail_stop,10,full
H1_DONCH_SMA,headline_sma50_nofin,1,2018-02-08 18:00:00+00:00,2018-02-09 08:00:00+00:00,1319.829,1315.0129,1313.1703,-5.116100000000006,-0.7683331581239643,6.658699999999953,trail_stop,14,full
H1_DONCH_SMA,headline_sma50_nofin,1,2018-02-12 02:00:00+00:00,2018-02-12 12:00:00+00:00,1323.732,1316.9491,1316.9491,-7.082899999999927,-1.0442288696575215,6.782899999999927,trail_stop,11,full
H1_DONCH_SMA,headline_sma50_nofin,1,2018-02-13 05:00:00+00:00,2018-02-13 14:00:00+00:00,1326.068,1324.3564,1321.3563,-2.0116000000000893,-0.426937198887888,4.711700000000064,trail_stop,10,full
H1_DONCH_SMA,headline_sma50_nofin,1,2018-02-14 00:00:00+00:00,2018-02-14 09:00:00+00:00,1331.872,1330.9814999999999,1327.0207,-1.190500000000202,-0.24539814070459315,4.8513000000000375,trail_stop,10,full
H1_DONCH_SMA,headline_sma50_nofin,1,2018-02-14 16:00:00+00:00,2018-02-15 11:00:00+00:00,1348.308,1350.998,1342.1498,2.3900000000000547,0.38810041895359426,6.158200000000079,donch_exit,19,full
H1_DONCH_SMA,headline_sma50_nofin,1,2018-02-16 05:00:00+00:00,2018-02-16 12:00:00+00:00,1358.689,1354.9068,1353.259,-4.082200000000102,-0.7517863720073765,5.430000000000064,trail_stop,8,full
H1_DONCH_SMA,headline_sma50_nofin,1,2018-02-26 02:00:00+00:00,2018-02-26 14:00:00+00:00,1333.722,1335.2379,1329.424,1.2159000000001015,0.2828990228013264,4.298000000000002,trail_stop,13,full
H1_DONCH_SMA,headline_sma50_nofin,1,2018-03-07 00:00:00+00:00,2018-03-07 04:00:00+00:00,1339.058,1334.0194999999999,1334.0194999999999,-5.338500000000113,-1.0595415302173252,5.038500000000113,trail_stop,5,full
H1_DONCH_SMA,headline_sma50_nofin,1,2018-03-26 14:00:00+00:00,2018-03-27 08:00:00+00:00,1352.721,1350.8405,1348.0584999999999,-2.1804999999999835,-0.4676675603216986,4.662500000000136,trail_stop,18,full
H1_DONCH_SMA,headline_sma50_nofin,1,2018-04-04 09:00:00+00:00,2018-04-04 13:00:00+00:00,1342.018,1341.9188,1336.9563,-0.39920000000010986,-0.07886678388685855,5.061699999999973,trail_stop,5,full
H1_DONCH_SMA,headline_sma50_nofin,1,2018-04-09 17:00:00+00:00,2018-04-10 02:00:00+00:00,1335.221,1333.2037,1330.8829,-2.3172999999999773,-0.5341739471197089,4.33809999999994,trail_stop,9,full
H1_DONCH_SMA,headline_sma50_nofin,1,2018-04-11 07:00:00+00:00,2018-04-11 17:00:00+00:00,1344.642,1355.3411,1340.1851000000001,10.399100000000043,2.3332585429334887,4.456899999999905,trail_stop,11,full
H1_DONCH_SMA,headline_sma50_nofin,1,2018-04-13 14:00:00+00:00,2018-04-15 22:00:00+00:00,1343.678,1341.3914,1338.726,-2.586600000000135,-0.5223344103392843,4.951999999999998,trail_stop,8,full
H1_DONCH_SMA,headline_sma50_nofin,1,2018-04-16 02:00:00+00:00,2018-04-16 07:00:00+00:00,1347.269,1341.6580000000001,1341.1342,-5.910999999999876,-0.9635195931407441,6.134800000000041,trail_stop,6,full
H1_DONCH_SMA,headline_sma50_nofin,1,2018-04-16 15:00:00+00:00,2018-04-17 03:00:00+00:00,1349.241,1343.8343,1343.524,-5.7067000000000005,-0.9981983557809869,5.717000000000098,trail_stop,12,full
H1_DONCH_SMA,headline_sma50_nofin,1,2018-04-18 11:00:00+00:00,2018-04-18 13:00:00+00:00,1349.089,1348.6132,1344.6182,-0.7757999999999357,-0.1735259908741,4.470800000000054,trail_stop,3,full
H1_DONCH_SMA,headline_sma50_nofin,1,2018-10-15 07:00:00+00:00,2018-10-15 13:00:00+00:00,1224.838,1226.8409,1219.9059,1.7028999999999541,0.3452687496198287,4.932099999999991,trail_stop,7,full
H1_DONCH_SMA,headline_sma50_nofin,1,2018-10-18 16:00:00+00:00,2018-10-18 19:00:00+00:00,1229.329,1225.2317,1225.2317,-4.3972999999999045,-1.0732189490640194,4.097299999999905,trail_stop,4,full
H1_DONCH_SMA,headline_sma50_nofin,1,2018-10-23 07:00:00+00:00,2018-10-23 14:00:00+00:00,1229.438,1233.8218,1226.2795,4.083799999999838,1.2929555168592157,3.1585000000000036,trail_stop,8,full
H1_DONCH_SMA,headline_sma50_nofin,1,2018-10-25 00:00:00+00:00,2018-10-25 07:00:00+00:00,1235.208,1233.0549999999998,1230.3588000000002,-2.453000000000247,-0.5058566361462317,4.8491999999998825,trail_stop,8,full
H1_DONCH_SMA,headline_sma50_nofin,1,2018-10-26 08:00:00+00:00,2018-10-26 12:00:00+00:00,1236.408,1232.8734,1232.3622,-3.8345999999999547,-0.9477977161501003,4.045799999999872,trail_stop,5,full
H1_DONCH_SMA,headline_sma50_nofin,1,2018-10-26 15:00:00+00:00,2018-10-26 16:00:00+00:00,1243.222,1238.6771,1238.6771,-4.84489999999987,-1.0660080529824656,4.5448999999998705,trail_stop,2,full
H1_DONCH_SMA,headline_sma50_nofin,1,2018-11-01 07:00:00+00:00,2018-11-02 12:00:00+00:00,1222.03,1230.9322000000002,1217.7638,8.60220000000022,2.0163611645024067,4.266200000000026,trail_stop,29,full
H1_DONCH_SMA,headline_sma50_nofin,1,2018-11-06 09:00:00+00:00,2018-11-06 14:00:00+00:00,1233.965,1232.4491,1230.2343999999998,-1.8158999999998742,-0.48675816222586926,3.730600000000095,trail_stop,6,full
H1_DONCH_SMA,headline_sma50_nofin,1,2018-11-16 14:00:00+00:00,2018-11-19 04:00:00+00:00,1222.998,1219.635,1219.3307,-3.663000000000056,-0.998827475254271,3.6673000000000684,donch_exit,14,full
H1_DONCH_SMA,headline_sma50_nofin,1,2018-11-20 14:00:00+00:00,2018-11-20 15:00:00+00:00,1226.718,1223.2872000000002,1223.2872000000002,-3.7307999999998627,-1.0874431619447393,3.430799999999863,trail_stop,2,full
H1_DONCH_SMA,headline_sma50_nofin,1,2018-11-21 14:00:00+00:00,2018-11-23 06:00:00+00:00,1226.198,1225.7967999999998,1223.0776,-0.7012000000002445,-0.2247147801564673,3.120400000000018,trail_stop,35,full
H1_DONCH_SMA,headline_sma50_nofin,1,2018-11-26 08:00:00+00:00,2018-11-26 14:00:00+00:00,1227.218,1223.4588,1223.4588,-4.059199999999964,-1.0798042136624821,3.7591999999999643,trail_stop,7,full
H1_DONCH_SMA,headline_sma50_nofin,1,2018-11-28 18:00:00+00:00,2018-11-29 18:00:00+00:00,1221.118,1223.8935000000001,1217.9874,2.475500000000193,0.7907429885645646,3.1305999999999585,trail_stop,24,full
H1_DONCH_SMA,headline_sma50_nofin,1,2018-12-03 05:00:00+00:00,2018-12-04 17:00:00+00:00,1225.098,1236.7264,1221.4319,11.328400000000055,3.090041188183715,3.666099999999915,trail_stop,36,full
H1_DONCH_SMA,headline_sma50_nofin,1,2018-12-06 01:00:00+00:00,2018-12-06 06:00:00+00:00,1239.245,1236.7874000000002,1236.0782,-2.757599999999729,-0.870784388025691,3.1667999999999665,trail_stop,6,full
H1_DONCH_SMA,headline_sma50_nofin,1,2018-12-06 15:00:00+00:00,2018-12-06 17:00:00+00:00,1243.618,1239.9280999999999,1239.9280999999999,-3.9899000000000795,-1.0813030163419044,3.6899000000000797,trail_stop,3,full
H1_DONCH_SMA,headline_sma50_nofin,1,2018-12-07 14:00:00+00:00,2018-12-10 07:00:00+00:00,1243.918,1247.478,1240.5482,3.260000000000173,0.9674164638851653,3.369799999999941,donch_exit,17,full
H1_DONCH_SMA,headline_sma50_nofin,1,2018-12-11 09:00:00+00:00,2018-12-11 14:00:00+00:00,1248.408,1245.106,1244.706,-3.601999999999907,-0.9729875742841461,3.701999999999998,trail_stop,6,full
H1_DONCH_SMA,headline_sma50_nofin,1,2018-12-17 14:00:00+00:00,2018-12-18 06:00:00+00:00,1241.538,1245.1241,1238.4101,3.286099999999988,1.05057706448417,3.127899999999954,trail_stop,16,full
H1_DONCH_SMA,headline_sma50_nofin,1,2018-12-18 10:00:00+00:00,2018-12-18 14:00:00+00:00,1249.178,1245.9931,1245.7578,-3.4849000000001977,-1.0189170223964021,3.4202000000000226,trail_stop,5,full
H1_DONCH_SMA,headline_sma50_nofin,1,2018-12-19 15:00:00+00:00,2018-12-19 17:00:00+00:00,1255.618,1252.9822,1252.9822,-2.9358000000000173,-1.1138174368313218,2.6358000000000175,trail_stop,3,full
H1_DONCH_SMA,headline_sma50_nofin,1,2018-12-20 15:00:00+00:00,2018-12-21 09:00:00+00:00,1259.325,1258.1709,1253.4732,-1.4540999999999713,-0.24848764482722183,5.851800000000139,trail_stop,18,full
H1_DONCH_SMA,headline_sma50_nofin,1,2018-12-24 03:00:00+00:00,2018-12-24 10:00:00+00:00,1263.908,1259.2483,1259.2483,-4.95969999999993,-1.0643818271562557,4.65969999999993,trail_stop,8,full
H1_DONCH_SMA,headline_sma50_nofin,1,2018-12-24 15:00:00+00:00,2018-12-26 00:00:00+00:00,1266.278,1264.264,1262.2185,-2.3140000000001235,-0.5700209385392494,4.059500000000071,trail_stop,6,full
H1_DONCH_SMA,headline_sma50_nofin,1,2018-12-26 03:00:00+00:00,2018-12-26 17:00:00+00:00,1272.358,1273.0244,1267.1509999999998,0.36640000000006695,0.07036681390437093,5.207000000000107,trail_stop,15,full
H1_DONCH_SMA,headline_sma50_nofin,1,2018-12-27 18:00:00+00:00,2018-12-28 09:00:00+00:00,1277.388,1276.4472,1272.4707999999998,-1.2407999999998538,-0.2523387293581368,4.9172000000000935,trail_stop,15,full
H1_DONCH_SMA,headline_sma50_nofin,1,2018-12-31 08:00:00+00:00,2018-12-31 13:00:00+00:00,1281.028,1280.7234999999998,1277.2925,-0.6045000000001892,-0.16182572614112942,3.735500000000002,trail_stop,6,full
H1_DONCH_SMA,headline_sma50_nofin,1,2019-01-02 06:00:00+00:00,2019-01-02 13:00:00+00:00,1286.158,1283.5215,1281.9558,-2.9364999999998416,-0.6988006282423201,4.202199999999948,trail_stop,8,full
H1_DONCH_SMA,headline_sma50_nofin,1,2019-01-03 07:00:00+00:00,2019-01-03 11:00:00+00:00,1292.105,1286.4453,1286.4453,-5.95969999999993,-1.0530063430923906,5.65969999999993,trail_stop,5,full
H1_DONCH_SMA,headline_sma50_nofin,1,2019-01-03 20:00:00+00:00,2019-01-04 08:00:00+00:00,1293.298,1291.6578,1287.7531,-1.9402000000000499,-0.3499071218597298,5.544900000000098,trail_stop,12,full
H1_DONCH_SMA,headline_sma50_nofin,1,2019-01-09 15:00:00+00:00,2019-01-10 09:00:00+00:00,1288.355,1292.1991,1284.9189999999999,3.544100000000026,1.0314610011641072,3.436000000000149,trail_stop,18,full
H1_DONCH_SMA,headline_sma50_nofin,1,2019-01-14 09:00:00+00:00,2019-01-14 13:00:00+00:00,1293.665,1291.7525,1289.4188,-2.212499999999909,-0.5210541189769408,4.246200000000044,trail_stop,5,full
H1_DONCH_SMA,headline_sma50_nofin,1,2019-01-15 15:00:00+00:00,2019-01-15 15:00:00+00:00,1294.365,1291.0568,1291.0568,-3.6081999999999423,-1.0906837555165967,3.3081999999999425,trail_stop,1,full
H1_DONCH_SMA,headline_sma50_nofin,1,2019-01-16 16:00:00+00:00,2019-01-17 04:00:00+00:00,1292.888,1291.3586,1289.6159,-1.829399999999896,-0.5590904923443497,3.2720999999999094,trail_stop,12,full
H1_DONCH_SMA,headline_sma50_nofin,1,2019-01-22 09:00:00+00:00,2019-01-22 15:00:00+00:00,1284.455,1281.1303,1281.1303,-3.6246999999998932,-1.0902337052967213,3.3246999999998934,trail_stop,7,full
H1_DONCH_SMA,headline_sma50_nofin,1,2019-01-22 20:00:00+00:00,2019-01-23 13:00:00+00:00,1285.265,1283.0279,1281.7623,-2.5371000000000548,-0.7243269477831534,3.5027000000000044,trail_stop,17,full
H1_DONCH_SMA,headline_sma50_nofin,1,2019-01-25 08:00:00+00:00,2019-01-28 11:00:00+00:00,1284.545,1299.535,1281.0517,14.690000000000008,4.205192797641093,3.49330000000009,donch_exit,27,full
H1_DONCH_SMA,headline_sma50_nofin,1,2019-01-29 07:00:00+00:00,2019-01-30 12:00:00+00:00,1304.975,1312.075,1301.7238,6.800000000000137,2.0915354330709555,3.251199999999926,donch_exit,29,full
H1_DONCH_SMA,headline_sma50_nofin,1,2019-01-30 20:00:00+00:00,2019-01-31 16:00:00+00:00,1319.865,1320.2414,1316.4236,0.07640000000010333,0.0222002673330926,3.4413999999999305,trail_stop,20,full
H1_DONCH_SMA,headline_sma50_nofin,1,2019-02-08 12:00:00+00:00,2019-02-11 02:00:00+00:00,1312.148,1312.025,1308.9865,-0.4229999999998199,-0.13379724814165078,3.1614999999999327,donch_exit,14,full
H1_DONCH_SMA,headline_sma50_nofin,1,2019-02-12 07:00:00+00:00,2019-02-12 14:00:00+00:00,1311.345,1310.1525000000001,1307.7052,-1.4924999999998818,-0.4100500027473799,3.639799999999923,trail_stop,8,full
H1_DONCH_SMA,headline_sma50_nofin,1,2019-02-13 16:00:00+00:00,2019-02-13 17:00:00+00:00,1314.415,1311.045,1311.045,-3.6699999999998907,-1.089020771513356,3.369999999999891,trail_stop,2,full
H1_DONCH_SMA,headline_sma50_nofin,1,2019-02-14 18:00:00+00:00,2019-02-15 15:00:00+00:00,1313.965,1314.7223,1309.4638,0.45729999999998655,0.10159513018750423,4.501199999999926,trail_stop,21,full
H1_DONCH_SMA,headline_sma50_nofin,1,2019-02-15 19:00:00+00:00,2019-02-19 04:00:00+00:00,1320.625,1323.5801,1317.0999,2.6550999999999023,0.7531984908229136,3.525100000000066,trail_stop,28,full
H1_DONCH_SMA,headline_sma50_nofin,1,2019-02-19 09:00:00+00:00,2019-02-20 06:00:00+00:00,1328.585,1341.5415,1325.6304,12.656500000000005,4.283659378596049,2.9546000000000276,trail_stop,21,full
H1_DONCH_SMA,headline_sma50_nofin,1,2019-02-22 17:00:00+00:00,2019-02-22 19:00:00+00:00,1330.698,1328.2312000000002,1326.1744,-2.766799999999921,-0.6116367494915396,4.523599999999988,trail_stop,3,full
H1_DONCH_SMA,headline_sma50_nofin,1,2019-03-20 19:00:00+00:00,2019-03-21 10:00:00+00:00,1314.348,1314.238,1310.0029,-0.40999999999989994,-0.0943591631953004,4.345100000000002,donch_exit,15,full
H1_DONCH_SMA,headline_sma50_nofin,1,2019-03-22 14:00:00+00:00,2019-03-26 04:00:00+00:00,1314.305,1319.765,1309.7599,5.160000000000037,1.1352885525070917,4.545100000000048,donch_exit,37,full
H1_DONCH_SMA,headline_sma50_nofin,1,2019-05-14 00:00:00+00:00,2019-05-14 06:00:00+00:00,1301.685,1297.368,1297.1408999999999,-4.617000000000007,-1.0160427807486487,4.544100000000071,donch_exit,7,full
H1_DONCH_SMA,headline_sma50_nofin,1,2019-05-31 00:00:00+00:00,2019-06-04 09:00:00+00:00,1290.448,1323.0439,1286.5934000000002,32.295899999999804,8.378534737716162,3.8545999999998912,trail_stop,56,full
H1_DONCH_SMA,headline_sma50_nofin,1,2019-06-05 07:00:00+00:00,2019-06-05 11:00:00+00:00,1333.478,1333.5497,1328.3479000000002,-0.22830000000003564,-0.04450205649013509,5.130099999999857,trail_stop,5,full
H1_DONCH_SMA,headline_sma50_nofin,1,2019-06-05 13:00:00+00:00,2019-06-05 14:00:00+00:00,1340.788,1335.7097,1335.7097,-5.378299999999899,-1.0590748872654245,5.078299999999899,trail_stop,2,full
H1_DONCH_SMA,headline_sma50_nofin,1,2019-06-06 16:00:00+00:00,2019-06-06 18:00:00+00:00,1338.388,1333.9516999999998,1333.5128,-4.736300000000074,-0.9715088611749513,4.87519999999995,trail_stop,3,full
H1_DONCH_SMA,headline_sma50_nofin,1,2019-06-07 13:00:00+00:00,2019-06-07 15:00:00+00:00,1340.998,1339.1453999999999,1336.6100000000001,-2.1526000000001657,-0.49056517775756725,4.38799999999992,trail_stop,3,full
H1_DONCH_SMA,headline_sma50_nofin,1,2019-06-12 03:00:00+00:00,2019-06-12 12:00:00+00:00,1332.145,1333.3371000000002,1327.9112,0.8921000000002095,0.2107090556946986,4.233799999999974,trail_stop,10,full
H1_DONCH_SMA,headline_sma50_nofin,1,2019-06-13 16:00:00+00:00,2019-06-14 12:00:00+00:00,1339.025,1349.8074,1335.0500000000002,10.482399999999824,2.6370817610063053,3.974999999999909,trail_stop,20,full
H1_DONCH_SMA,headline_sma50_nofin,1,2019-06-18 06:00:00+00:00,2019-06-18 13:00:00+00:00,1345.805,1346.9841,1341.3220000000001,0.8790999999998348,0.19609636404190167,4.482999999999947,trail_stop,8,full
H1_DONCH_SMA,headline_sma50_nofin,1,2019-06-19 19:00:00+00:00,2019-06-21 06:00:00+00:00,1352.078,1396.1222,1347.6402,43.74420000000005,9.85718148632223,4.437799999999925,trail_stop,34,full
H1_DONCH_SMA,headline_sma50_nofin,1,2019-06-24 16:00:00+00:00,2019-06-25 05:00:00+00:00,1413.695,1427.3165,1405.634,13.321499999999968,1.6525865277261007,8.060999999999922,trail_stop,13,full
H1_DONCH_SMA,headline_sma50_nofin,1,2019-06-28 00:00:00+00:00,2019-06-28 06:00:00+00:00,1410.975,1414.2541,1404.2495,2.979100000000199,0.4429559140584632,6.725500000000011,trail_stop,7,full
H1_DONCH_SMA,headline_sma50_nofin,1,2019-07-02 16:00:00+00:00,2019-07-03 02:00:00+00:00,1403.568,1423.7504000000001,1397.4717,19.882400000000143,3.261388055049846,6.096299999999928,trail_stop,10,full
H1_DONCH_SMA,headline_sma50_nofin,1,2019-07-04 23:00:00+00:00,2019-07-05 00:00:00+00:00,1422.928,1417.7767000000001,1417.7767000000001,-5.451299999999992,-1.0582377263991614,5.151299999999992,trail_stop,2,full
H1_DONCH_SMA,headline_sma50_nofin,1,2019-07-10 13:00:00+00:00,2019-07-10 15:00:00+00:00,1410.085,1404.9613,1404.9613,-5.423700000000099,-1.058551437437788,5.123700000000099,trail_stop,3,full
H1_DONCH_SMA,headline_sma50_nofin,1,2019-07-10 17:00:00+00:00,2019-07-11 12:00:00+00:00,1411.855,1416.652,1404.2386999999999,4.497000000000026,0.5904441789320201,7.6163000000001375,trail_stop,19,full
H1_DONCH_SMA,headline_sma50_nofin,1,2019-07-12 18:00:00+00:00,2019-07-15 02:00:00+00:00,1412.708,1410.6931,1405.9433000000001,-2.314900000000125,-0.34220290626341787,6.764699999999948,trail_stop,8,full
H1_DONCH_SMA,headline_sma50_nofin,1,2019-07-17 15:00:00+00:00,2019-07-18 05:00:00+00:00,1418.148,1420.4128,1412.2067,1.9648000000001502,0.3307020349082128,5.941299999999956,trail_stop,14,full
H1_DONCH_SMA,headline_sma50_nofin,1,2019-07-18 19:00:00+00:00,2019-07-19 06:00:00+00:00,1437.648,1437.028,1429.8057,-0.9199999999998909,-0.11731252311182794,7.842300000000023,trail_stop,11,full
H1_DONCH_SMA,headline_sma50_nofin,1,2019-07-25 12:00:00+00:00,2019-07-25 12:00:00+00:00,1431.478,1426.7401,1426.7401,-5.037900000000081,-1.0633191920471083,4.7379000000000815,trail_stop,1,full
H1_DONCH_SMA,headline_sma50_nofin,1,2019-07-29 19:00:00+00:00,2019-07-31 13:00:00+00:00,1424.468,1428.7241000000001,1419.9488000000001,3.9561000000000606,0.8753983005841962,4.519199999999955,trail_stop,41,full
H1_DONCH_SMA,headline_sma50_nofin,1,2019-08-01 18:00:00+00:00,2019-08-02 01:00:00+00:00,1438.408,1434.9961,1429.8467,-3.711899999999832,-0.43356733206404385,8.561299999999846,trail_stop,7,full
H1_DONCH_SMA,headline_sma50_nofin,1,2019-08-05 02:00:00+00:00,2019-08-05 15:00:00+00:00,1449.058,1456.7327,1439.7411,7.37470000000003,0.7915401045412105,9.316900000000032,trail_stop,14,full
H1_DONCH_SMA,headline_sma50_nofin,1,2019-08-05 23:00:00+00:00,2019-08-06 01:00:00+00:00,1473.958,1463.2957000000001,1462.738,-10.96229999999996,-0.9770320855614913,11.220000000000027,trail_stop,3,full
H1_DONCH_SMA,headline_sma50_nofin,1,2019-08-07 00:00:00+00:00,2019-08-07 14:00:00+00:00,1476.735,1497.4026000000001,1467.8038,20.36760000000022,2.2804998208527683,8.93119999999999,trail_stop,15,full
H1_DONCH_SMA,headline_sma50_nofin,1,2019-08-08 19:00:00+00:00,2019-08-09 12:00:00+00:00,1506.955,1496.8813,1495.7026,-10.373699999999918,-0.9219099925349307,11.252399999999852,trail_stop,17,full
H1_DONCH_SMA,headline_sma50_nofin,1,2019-08-12 12:00:00+00:00,2019-08-13 12:00:00+00:00,1506.548,1522.9241000000002,1497.5581,16.076100000000178,1.7882401361528066,8.989900000000034,trail_stop,24,full
H1_DONCH_SMA,headline_sma50_nofin,1,2019-08-14 12:00:00+00:00,2019-08-14 17:00:00+00:00,1515.565,1512.3262,1504.211,-3.5388000000000828,-0.31167870354060856,11.354000000000042,trail_stop,6,full
H1_DONCH_SMA,headline_sma50_nofin,1,2019-08-20 10:00:00+00:00,2019-08-21 03:00:00+00:00,1504.258,1502.3279,1497.7386000000001,-2.2301000000000384,-0.34207135625978935,6.519399999999905,trail_stop,17,full
H1_DONCH_SMA,headline_sma50_nofin,1,2019-08-23 14:00:00+00:00,2019-08-26 06:00:00+00:00,1505.148,1536.5585,1500.6437999999998,31.110500000000183,6.906997913058837,4.504200000000083,trail_stop,16,full
H1_DONCH_SMA,headline_sma50_nofin,1,2019-08-27 15:00:00+00:00,2019-08-28 02:00:00+00:00,1538.108,1536.7476,1532.6854999999998,-1.660400000000027,-0.30620562471184654,5.422500000000127,trail_stop,11,full
H1_DONCH_SMA,headline_sma50_nofin,1,2019-08-28 12:00:00+00:00,2019-08-28 13:00:00+00:00,1545.368,1537.2758999999999,1537.2758999999999,-8.392100000000074,-1.0370731948443541,8.092100000000073,trail_stop,2,full
H1_DONCH_SMA,headline_sma50_nofin,1,2019-08-29 07:00:00+00:00,2019-08-29 07:00:00+00:00,1549.225,1542.0117999999998,1542.0117999999998,-7.513200000000142,-1.0415904175677915,7.213200000000143,trail_stop,1,full
H1_DONCH_SMA,headline_sma50_nofin,1,2019-09-03 09:00:00+00:00,2019-09-04 01:00:00+00:00,1532.198,1541.9629,1526.3887000000002,9.464899999999897,1.6292668651989173,5.809299999999894,trail_stop,16,full
H1_DONCH_SMA,headline_sma50_nofin,1,2019-09-04 18:00:00+00:00,2019-09-05 00:00:00+00:00,1555.515,1547.5399000000002,1547.5399000000002,-8.275099999999885,-1.0376170831713716,7.975099999999884,trail_stop,6,full
H1_DONCH_SMA,headline_sma50_nofin,1,2019-09-06 14:00:00+00:00,2019-09-06 16:00:00+00:00,1524.398,1515.1870999999999,1515.1870999999999,-9.510900000000039,-1.0325701071556526,9.210900000000038,trail_stop,3,full
H1_DONCH_SMA,headline_sma50_nofin,1,2019-09-12 07:00:00+00:00,2019-09-12 14:00:00+00:00,1500.975,1507.5364,1494.3330999999998,6.261400000000049,0.9427121757328438,6.641900000000078,trail_stop,8,full
H1_DONCH_SMA,headline_sma50_nofin,1,2019-09-18 15:00:00+00:00,2019-09-18 18:00:00+00:00,1506.998,1504.1163999999999,1503.0514,-3.181600000000162,-0.8061622662545408,3.9465999999999894,trail_stop,4,full
H1_DONCH_SMA,headline_sma50_nofin,1,2019-09-20 06:00:00+00:00,2019-09-20 11:00:00+00:00,1505.625,1500.0431,1500.0431,-5.881899999999905,-1.0537451405435434,5.581899999999905,trail_stop,6,full
H1_DONCH_SMA,headline_sma50_nofin,1,2019-09-20 18:00:00+00:00,2019-09-24 13:00:00+00:00,1510.028,1518.8699,1504.7399,8.541899999999895,1.6153060645600343,5.288099999999986,trail_stop,42,full
H1_DONCH_SMA,headline_sma50_nofin,1,2019-09-24 16:00:00+00:00,2019-09-24 18:00:00+00:00,1527.198,1527.3262,1521.5262000000002,-0.17180000000012113,-0.03029020769422859,5.671799999999848,trail_stop,3,full
H1_DONCH_SMA,headline_sma50_nofin,1,2019-10-03 15:00:00+00:00,2019-10-03 15:00:00+00:00,1513.735,1506.779,1506.779,-7.255999999999903,-1.043128234617597,6.955999999999904,trail_stop,1,full
H1_DONCH_SMA,headline_sma50_nofin,1,2019-10-09 23:00:00+00:00,2019-10-10 00:00:00+00:00,1515.248,1507.9525,1507.9525,-7.595499999999947,-1.0411212391200058,7.295499999999947,trail_stop,2,full
H1_DONCH_SMA,headline_sma50_nofin,1,2019-12-23 07:00:00+00:00,2019-12-23 12:00:00+00:00,1483.408,1481.6852999999999,1480.5650999999998,-2.0227000000000315,-0.7114917865559677,2.8429000000000997,trail_stop,6,full
H1_DONCH_SMA,headline_sma50_nofin,1,2019-12-24 02:00:00+00:00,2019-12-26 16:00:00+00:00,1487.528,1507.7186,1484.1124,19.890599999999903,5.823457079283191,3.4156000000000404,trail_stop,35,full
H1_DONCH_SMA,headline_sma50_nofin,1,2019-12-27 03:00:00+00:00,2019-12-27 06:00:00+00:00,1513.475,1508.6896,1508.6896,-5.085399999999981,-1.0626906841643333,4.7853999999999814,trail_stop,4,full
H1_DONCH_SMA,headline_sma50_nofin,1,2019-12-31 02:00:00+00:00,2019-12-31 12:00:00+00:00,1521.225,1520.8068,1517.9956,-0.7181999999998425,-0.2223942528023334,3.2293999999999414,trail_stop,11,full
H1_DONCH_SMA,headline_sma50_nofin,1,2020-01-02 14:00:00+00:00,2020-01-02 17:00:00+00:00,1528.008,1524.0212999999999,1523.7973,-4.286700000000155,-1.0180492554682274,4.210700000000088,trail_stop,4,full
H1_DONCH_SMA,headline_sma50_nofin,1,2020-01-03 02:00:00+00:00,2020-01-03 13:00:00+00:00,1534.928,1542.4252000000001,1530.0043,7.197200000000021,1.4617462477405088,4.9237000000000535,trail_stop,12,full
H1_DONCH_SMA,headline_sma50_nofin,1,2020-01-06 00:00:00+00:00,2020-01-06 15:00:00+00:00,1569.145,1567.7977,1561.0938999999998,-1.6472999999999047,-0.2046055818459437,8.051100000000133,trail_stop,16,full
H1_DONCH_SMA,headline_sma50_nofin,1,2020-01-07 18:00:00+00:00,2020-01-08 02:00:00+00:00,1571.835,1587.0483,1563.5212999999999,14.91329999999989,1.7938222452096677,8.313700000000154,trail_stop,8,full
H1_DONCH_SMA,headline_sma50_nofin,1,2020-01-10 16:00:00+00:00,2020-01-13 01:00:00+00:00,1558.615,1555.3541,1551.9394,-3.560899999999992,-0.5334202169093378,6.675600000000031,trail_stop,9,full
H1_DONCH_SMA,headline_sma50_nofin,1,2020-01-15 00:00:00+00:00,2020-01-15 13:00:00+00:00,1549.475,1547.4089,1543.3912999999998,-2.3661000000000056,-0.3889245031806225,6.083700000000135,trail_stop,14,full
H1_DONCH_SMA,headline_sma50_nofin,1,2020-01-17 13:00:00+00:00,2020-01-17 15:00:00+00:00,1558.928,1554.1350000000002,1554.1350000000002,-5.0929999999998925,-1.062591278948468,4.792999999999893,trail_stop,3,full
H1_DONCH_SMA,headline_sma50_nofin,1,2020-01-20 06:00:00+00:00,2020-01-21 07:00:00+00:00,1561.755,1562.999,1556.7794000000001,0.9439999999999145,0.1897258622075563,4.975599999999986,trail_stop,21,full
H1_DONCH_SMA,headline_sma50_nofin,1,2020-01-23 00:00:00+00:00,2020-01-23 02:00:00+00:00,1561.365,1556.7888,1556.545,-4.8761999999999714,-1.0116597510373517,4.819999999999936,trail_stop,3,full
H1_DONCH_SMA,headline_sma50_nofin,1,2020-01-23 18:00:00+00:00,2020-01-23 19:00:00+00:00,1567.208,1560.3944000000001,1560.3944000000001,-7.113599999999951,-1.0440295878830577,6.813599999999951,trail_stop,2,full
H1_DONCH_SMA,headline_sma50_nofin,1,2020-01-24 16:00:00+00:00,2020-01-28 07:00:00+00:00,1569.978,1577.065,1564.4517,6.786999999999989,1.228127318459005,5.526299999999992,donch_exit,38,full
H1_DONCH_SMA,headline_sma50_nofin,1,2020-01-29 20:00:00+00:00,2020-01-30 14:00:00+00:00,1576.578,1575.4415000000001,1571.3174,-1.4364999999998418,-0.27306771090746745,5.260600000000068,trail_stop,18,full
H1_DONCH_SMA,headline_sma50_nofin,1,2020-01-30 16:00:00+00:00,2020-01-30 19:00:00+00:00,1583.575,1577.7930000000001,1577.2869,-6.081999999999925,-0.9672238036926797,6.288099999999986,trail_stop,4,full
H1_DONCH_SMA,headline_sma50_nofin,1,2020-01-31 16:00:00+00:00,2020-01-31 17:00:00+00:00,1588.168,1581.9486,1581.9486,-6.51939999999995,-1.0482361642602185,6.2193999999999505,trail_stop,2,full
H1_DONCH_SMA,headline_sma50_nofin,1,2020-02-06 10:00:00+00:00,2020-02-07 06:00:00+00:00,1562.115,1564.128,1556.4477,1.71299999999992,0.30226033560953175,5.667300000000068,donch_exit,20,full
H1_DONCH_SMA,headline_sma50_nofin,1,2020-02-07 11:00:00+00:00,2020-02-07 13:00:00+00:00,1569.078,1563.5942,1563.5896,-5.783799999999974,-1.0538226076816595,5.488399999999956,trail_stop,3,full
H1_DONCH_SMA,headline_sma50_nofin,1,2020-02-07 15:00:00+00:00,2020-02-07 15:00:00+00:00,1572.768,1567.1289,1567.1289,-5.939100000000098,-1.0531999787200075,5.639100000000099,trail_stop,1,full
H1_DONCH_SMA,headline_sma50_nofin,1,2020-02-10 00:00:00+00:00,2020-02-11 00:00:00+00:00,1574.745,1570.8452,1567.6165999999998,-4.199799999999914,-0.5891644688850065,7.128400000000056,trail_stop,24,full
H1_DONCH_SMA,headline_sma50_nofin,1,2020-02-12 17:00:00+00:00,2020-02-14 03:00:00+00:00,1569.488,1574.205,1564.7991,4.416999999999871,0.94201198575354,4.688900000000103,donch_exit,33,full
H1_DONCH_SMA,headline_sma50_nofin,1,2020-02-14 14:00:00+00:00,2020-02-17 07:00:00+00:00,1580.068,1580.088,1576.6044,-0.2800000000000182,-0.08084074373484662,3.463600000000042,donch_exit,17,full
H1_DONCH_SMA,headline_sma50_nofin,1,2020-02-18 01:00:00+00:00,2020-02-19 13:00:00+00:00,1586.328,1603.6992,1583.0807,17.071200000000044,5.2570443137375875,3.2472999999999956,trail_stop,36,full
H1_DONCH_SMA,headline_sma50_nofin,1,2020-02-19 21:00:00+00:00,2020-02-20 01:00:00+00:00,1612.848,1607.0484999999999,1607.0484999999999,-6.09950000000008,-1.0517285972928694,5.79950000000008,trail_stop,4,full
H1_DONCH_SMA,headline_sma50_nofin,1,2020-02-20 12:00:00+00:00,2020-02-24 15:00:00+00:00,1617.488,1671.3629,1611.0805,53.57490000000003,8.361279750292594,6.407500000000027,trail_stop,50,full
H1_DONCH_SMA,headline_sma50_nofin,1,2020-02-27 13:00:00+00:00,2020-02-27 17:00:00+00:00,1653.508,1641.9982,1641.9982,-11.809800000000042,-1.0260647448261482,11.509800000000041,trail_stop,5,full
H1_DONCH_SMA,headline_sma50_nofin,1,2020-03-03 12:00:00+00:00,2020-03-03 19:00:00+00:00,1602.938,1630.6648,1590.7424,27.42679999999991,2.2489094427498344,12.195600000000013,trail_stop,8,full
H1_DONCH_SMA,headline_sma50_nofin,1,2020-03-05 13:00:00+00:00,2020-03-06 07:00:00+00:00,1652.455,1668.4945,1643.5185,15.739500000000088,1.7612600011190116,8.936500000000024,trail_stop,18,full
H1_DONCH_SMA,headline_sma50_nofin,1,2020-03-06 10:00:00+00:00,2020-03-06 13:00:00+00:00,1684.328,1675.0891000000001,1671.7988,-9.538899999999831,-0.7613335248858564,12.529199999999946,trail_stop,4,full
H1_DONCH_SMA,headline_sma50_nofin,1,2020-03-08 23:00:00+00:00,2020-03-09 04:00:00+00:00,1697.995,1674.0833,1674.0833,-24.211699999999883,-1.0125461594115015,23.911699999999882,trail_stop,6,full
H1_DONCH_SMA,headline_sma50_nofin,1,2020-03-26 13:00:00+00:00,2020-03-26 19:00:00+00:00,1628.538,1618.5534,1611.2348,-10.284600000000001,-0.5943756068241692,17.30320000000006,trail_stop,7,full
H1_DONCH_SMA,headline_sma50_nofin,1,2020-04-03 19:00:00+00:00,2020-04-05 22:00:00+00:00,1623.308,1609.4972,1609.4972,-14.110799999999973,-1.0217221305065602,13.810799999999972,trail_stop,3,full
H1_DONCH_SMA,headline_sma50_nofin,1,2020-04-06 08:00:00+00:00,2020-04-07 07:00:00+00:00,1631.028,1652.4631000000002,1615.7012,21.135100000000147,1.3789636453793408,15.326800000000048,trail_stop,23,full
H1_DONCH_SMA,headline_sma50_nofin,1,2020-04-09 08:00:00+00:00,2020-04-09 14:00:00+00:00,1658.328,1671.3885,1648.066,12.760500000000047,1.2434710582732524,10.261999999999944,trail_stop,7,full
H1_DONCH_SMA,headline_sma50_nofin,1,2020-04-13 15:00:00+00:00,2020-04-14 19:00:00+00:00,1699.448,1721.5267,1685.6089000000002,21.778699999999798,1.5737078278211682,13.839099999999917,trail_stop,28,full
H1_DONCH_SMA,headline_sma50_nofin,1,2020-04-16 11:00:00+00:00,2020-04-16 12:00:00+00:00,1731.738,1724.2246,1719.2153,-7.813400000000047,-0.6239389269087382,12.522699999999986,trail_stop,2,full
H1_DONCH_SMA,headline_sma50_nofin,1,2020-04-20 16:00:00+00:00,2020-04-20 18:00:00+00:00,1698.738,1685.4596,1685.4596,-13.578400000000148,-1.0225930835040364,13.278400000000147,trail_stop,3,full
H1_DONCH_SMA,headline_sma50_nofin,1,2020-04-22 08:00:00+00:00,2020-04-23 17:00:00+00:00,1692.608,1721.8863999999999,1674.9485,28.97839999999992,1.640952461847728,17.65949999999998,trail_stop,33,full
H1_DONCH_SMA,headline_sma50_nofin,1,2020-04-29 20:00:00+00:00,2020-04-30 12:00:00+00:00,1715.018,1705.7181,1704.4512,-9.59989999999998,-0.9084964227580656,10.566800000000057,trail_stop,16,full
H1_DONCH_SMA,headline_sma50_nofin,1,2020-05-01 16:00:00+00:00,2020-05-05 07:00:00+00:00,1695.508,1695.1207,1681.7658,-0.6873000000000957,-0.05001382602495152,13.742200000000139,trail_stop,38,full
H1_DONCH_SMA,headline_sma50_nofin,1,2020-05-05 20:00:00+00:00,2020-05-06 10:00:00+00:00,1710.193,1699.7187,1699.7187,-10.774300000000085,-1.0286415321310254,10.474300000000085,trail_stop,14,full
H1_DONCH_SMA,headline_sma50_nofin,1,2020-05-07 13:00:00+00:00,2020-05-08 12:00:00+00:00,1698.078,1710.5272,1689.1499,12.149200000000018,1.3607822493027522,8.928100000000086,trail_stop,23,full
H1_DONCH_SMA,headline_sma50_nofin,1,2020-05-12 14:00:00+00:00,2020-05-12 19:00:00+00:00,1708.518,1701.2802,1700.9547,-7.537800000000106,-0.996628455832782,7.563300000000027,trail_stop,6,full
H1_DONCH_SMA,headline_sma50_nofin,1,2020-05-13 13:00:00+00:00,2020-05-13 13:00:00+00:00,1712.078,1704.6593,1704.6593,-7.718699999999944,-1.0404383517327838,7.418699999999944,trail_stop,1,full
H1_DONCH_SMA,headline_sma50_nofin,1,2020-05-14 00:00:00+00:00,2020-05-17 22:00:00+00:00,1718.315,1738.3490000000002,1709.1603,19.734000000000105,2.1556140561678703,9.154700000000048,trail_stop,45,full
H1_DONCH_SMA,headline_sma50_nofin,1,2020-05-18 00:00:00+00:00,2020-05-18 12:00:00+00:00,1758.078,1751.9994000000002,1745.9324,-6.378599999999824,-0.5251778421815138,12.145600000000059,trail_stop,13,full
H1_DONCH_SMA,headline_sma50_nofin,1,2020-05-19 15:00:00+00:00,2020-05-20 12:00:00+00:00,1743.765,1744.0259,1734.1729,-0.03910000000000763,-0.004076271098091902,9.592100000000073,trail_stop,21,full
H1_DONCH_SMA,headline_sma50_nofin,1,2020-05-26 03:00:00+00:00,2020-05-26 07:00:00+00:00,1733.925,1727.462,1726.8624,-6.762999999999965,-0.9575793617081513,7.062599999999975,trail_stop,5,full
H1_DONCH_SMA,headline_sma50_nofin,1,2020-05-28 05:00:00+00:00,2020-05-28 17:00:00+00:00,1715.938,1715.2489,1705.6873,-0.9891000000000532,-0.09649097134830287,10.250700000000052,trail_stop,13,full
H1_DONCH_SMA,headline_sma50_nofin,1,2020-05-29 11:00:00+00:00,2020-06-01 10:00:00+00:00,1727.628,1733.7242999999999,1718.4693,5.7962999999999285,0.6328736611091048,9.158699999999953,trail_stop,23,full
H1_DONCH_SMA,headline_sma50_nofin,1,2020-06-02 14:00:00+00:00,2020-06-02 15:00:00+00:00,1744.485,1737.1458,1737.1458,-7.639199999999891,-1.0408763897972537,7.339199999999892,trail_stop,2,full
H1_DONCH_SMA,headline_sma50_nofin,1,2020-06-04 11:00:00+00:00,2020-06-04 13:00:00+00:00,1712.358,1707.5294000000001,1702.6351,-5.128599999999824,-0.5274763702187447,9.722899999999981,trail_stop,3,full
H1_DONCH_SMA,headline_sma50_nofin,1,2020-06-04 18:00:00+00:00,2020-06-05 03:00:00+00:00,1718.848,1707.3058,1707.3058,-11.842199999999867,-1.0259915787284923,11.542199999999866,trail_stop,9,full
H1_DONCH_SMA,headline_sma50_nofin,1,2020-06-10 12:00:00+00:00,2020-06-10 15:00:00+00:00,1723.605,1716.4184,1716.4184,-7.486599999999998,-1.0417443575543373,7.1865999999999985,trail_stop,4,full
H1_DONCH_SMA,headline_sma50_nofin,1,2020-06-10 19:00:00+00:00,2020-06-11 05:00:00+00:00,1727.855,1727.3875,1719.6555,-0.7674999999999728,-0.09360326849197854,8.199499999999944,trail_stop,10,full
H1_DONCH_SMA,headline_sma50_nofin,1,2020-06-11 15:00:00+00:00,2020-06-11 16:00:00+00:00,1743.445,1730.7501,1730.7501,-12.994899999999962,-1.0236315370739433,12.694899999999961,trail_stop,2,full
H1_DONCH_SMA,headline_sma50_nofin,1,2020-06-12 14:00:00+00:00,2020-06-12 15:00:00+00:00,1741.105,1731.017,1731.017,-10.387999999999966,-1.0297383029341793,10.087999999999965,trail_stop,2,full
H1_DONCH_SMA,headline_sma50_nofin,1,2020-06-16 02:00:00+00:00,2020-06-16 12:00:00+00:00,1729.278,1720.8669,1717.8152,-8.711100000000034,-0.7599452140838209,11.462800000000016,trail_stop,11,full
H1_DONCH_SMA,headline_sma50_nofin,1,2020-06-18 09:00:00+00:00,2020-06-18 09:00:00+00:00,1732.858,1725.3337,1725.3337,-7.824300000000039,-1.0398708185479046,7.524300000000039,trail_stop,1,full
H1_DONCH_SMA,headline_sma50_nofin,1,2020-06-19 12:00:00+00:00,2020-06-22 07:00:00+00:00,1733.755,1748.5686,1727.6355,14.51359999999995,2.3716970340713965,6.119500000000016,trail_stop,19,full
H1_DONCH_SMA,headline_sma50_nofin,1,2020-06-22 14:00:00+00:00,2020-06-23 02:00:00+00:00,1759.418,1749.2123,1749.2123,-10.50569999999998,-1.0293953378994092,10.205699999999979,trail_stop,12,full
H1_DONCH_SMA,headline_sma50_nofin,1,2020-06-23 14:00:00+00:00,2020-06-24 12:00:00+00:00,1765.188,1770.3881,1756.3445000000002,4.900099999999793,0.5540905749985663,8.843499999999949,trail_stop,22,full
H1_DONCH_SMA,headline_sma50_nofin,1,2020-06-26 20:00:00+00:00,2020-06-30 11:00:00+00:00,1771.068,1767.1147,1762.1625999999999,-4.253299999999899,-0.47760909111324046,8.9054000000001,trail_stop,38,full
H1_DONCH_SMA,headline_sma50_nofin,1,2020-06-30 15:00:00+00:00,2020-07-01 11:00:00+00:00,1780.998,1779.4621,1775.2073,-1.8359000000000834,-0.31704284456112014,5.790700000000015,trail_stop,20,full
H1_DONCH_SMA,headline_sma50_nofin,1,2020-07-02 15:00:00+00:00,2020-07-06 01:00:00+00:00,1775.438,1772.658,1767.0712,-3.0800000000002,-0.36812162355980727,8.366800000000012,donch_exit,29,full
H1_DONCH_SMA,headline_sma50_nofin,1,2020-07-06 12:00:00+00:00,2020-07-07 07:00:00+00:00,1779.228,1780.595,1773.8016,1.0669999999999618,0.19663128409257527,5.426400000000058,donch_exit,19,full
H1_DONCH_SMA,headline_sma50_nofin,1,2020-07-07 15:00:00+00:00,2020-07-09 10:00:00+00:00,1793.818,1806.5996,1787.0804,12.481600000000025,1.8525290904773444,6.737599999999929,trail_stop,42,full
H1_DONCH_SMA,headline_sma50_nofin,1,2020-07-14 18:00:00+00:00,2020-07-15 04:00:00+00:00,1809.568,1805.708,1800.958,-4.1599999999999,-0.48315911730545275,8.6099999999999,donch_exit,10,full
H1_DONCH_SMA,headline_sma50_nofin,1,2020-07-15 08:00:00+00:00,2020-07-15 11:00:00+00:00,1811.635,1805.1054,1803.5119,-6.829600000000073,-0.8407627629845815,8.123100000000022,trail_stop,4,full
H1_DONCH_SMA,headline_sma50_nofin,1,2020-07-17 16:00:00+00:00,2020-07-20 01:00:00+00:00,1810.265,1805.585,1805.4193,-4.9800000000000635,-1.0277152939719716,4.845700000000079,trail_stop,9,full
H1_DONCH_SMA,headline_sma50_nofin,1,2020-07-20 09:00:00+00:00,2020-07-22 08:00:00+00:00,1811.915,1850.5718000000002,1806.4666,38.356800000000206,7.040011746567847,5.448399999999992,trail_stop,46,full
H1_DONCH_SMA,headline_sma50_nofin,1,2020-07-22 22:00:00+00:00,2020-07-23 13:00:00+00:00,1871.758,1870.9605000000001,1857.5675,-1.0974999999999,-0.07734047426094257,14.190499999999929,trail_stop,16,full
H1_DONCH_SMA,headline_sma50_nofin,1,2020-07-23 16:00:00+00:00,2020-07-23 18:00:00+00:00,1896.578,1884.6780999999999,1884.6780999999999,-12.199900000000117,-1.0252102958848393,11.899900000000116,trail_stop,3,full
H1_DONCH_SMA,headline_sma50_nofin,1,2020-07-24 14:00:00+00:00,2020-07-27 12:00:00+00:00,1901.945,1932.3813,1889.8868,30.136300000000073,2.4992370337198104,12.058199999999943,trail_stop,22,full
H1_DONCH_SMA,headline_sma50_nofin,1,2020-07-27 23:00:00+00:00,2020-07-28 03:00:00+00:00,1948.488,1954.3614,1932.911,5.573399999999947,0.3577967516209763,15.576999999999998,trail_stop,5,full
H1_DONCH_SMA,headline_sma50_nofin,1,2020-07-29 19:00:00+00:00,2020-07-29 19:00:00+00:00,1967.018,1953.1548,1953.1548,-14.163200000000007,-1.0216400253909632,13.863200000000006,trail_stop,1,full
H1_DONCH_SMA,headline_sma50_nofin,1,2020-07-31 02:00:00+00:00,2020-07-31 13:00:00+00:00,1965.015,1963.1717,1950.4062000000001,-2.143299999999999,-0.14671294014566583,14.608799999999974,trail_stop,12,full
H1_DONCH_SMA,headline_sma50_nofin,1,2020-08-04 15:00:00+00:00,2020-08-05 00:00:00+00:00,1991.645,2016.6861,1982.915,24.741099999999914,2.834032073310408,8.730000000000018,trail_stop,9,full
H1_DONCH_SMA,headline_sma50_nofin,1,2020-08-05 07:00:00+00:00,2020-08-06 15:00:00+00:00,2033.425,2052.8297000000002,2016.655,19.104700000000275,1.1392188431723491,16.769999999999982,trail_stop,32,full
H1_DONCH_SMA,headline_sma50_nofin,1,2020-08-06 23:00:00+00:00,2020-08-07 03:00:00+00:00,2070.148,2054.601,2054.601,-15.847000000000026,-1.0192963272657105,15.547000000000025,trail_stop,5,full
H1_DONCH_SMA,headline_sma50_nofin,1,2020-08-10 14:00:00+00:00,2020-08-10 15:00:00+00:00,2047.385,2033.1025,2033.1025,-14.582500000000028,-1.0210047260633643,14.282500000000027,trail_stop,2,full
H1_DONCH_SMA,headline_sma50_nofin,1,2020-08-13 17:00:00+00:00,2020-08-13 18:00:00+00:00,1953.655,1937.7089999999998,1932.2134999999998,-16.24600000000014,-0.7576895273185197,21.441500000000133,trail_stop,2,full
H1_DONCH_SMA,headline_sma50_nofin,1,2020-08-17 13:00:00+00:00,2020-08-18 14:00:00+00:00,1958.028,2000.0609,1943.9636,41.73289999999993,2.967271977475043,14.064399999999978,trail_stop,25,full
H1_DONCH_SMA,headline_sma50_nofin,1,2020-08-26 14:00:00+00:00,2020-08-27 06:00:00+00:00,1935.098,1938.0480000000002,1923.2224,2.650000000000273,0.22314661996028046,11.87559999999985,trail_stop,16,full
H1_DONCH_SMA,headline_sma50_nofin,1,2020-08-28 12:00:00+00:00,2020-08-31 07:00:00+00:00,1962.135,1956.5749,1944.227,-5.86009999999992,-0.3272336385972723,17.9079999999999,trail_stop,19,full
H1_DONCH_SMA,headline_sma50_nofin,1,2020-09-01 02:00:00+00:00,2020-09-01 13:00:00+00:00,1976.328,1979.6548,1964.6446999999998,3.0268000000000486,0.2590706392885581,11.683300000000145,trail_stop,12,full
H1_DONCH_SMA,headline_sma50_nofin,1,2020-09-08 17:00:00+00:00,2020-09-09 01:00:00+00:00,1938.768,1925.5457,1925.5354,-13.522300000000133,-1.0218929008660493,13.232600000000048,trail_stop,8,full
H1_DONCH_SMA,headline_sma50_nofin,1,2020-09-09 14:00:00+00:00,2020-09-10 16:00:00+00:00,1947.265,1952.8562,1935.0975,5.2911999999998445,0.43486336552289595,12.167500000000018,trail_stop,26,full
H1_DONCH_SMA,headline_sma50_nofin,1,2020-09-14 13:00:00+00:00,2020-09-15 13:00:00+00:00,1955.945,1963.0716,1947.3333,6.826600000000053,0.7927122403242229,8.611699999999928,trail_stop,24,full
H1_DONCH_SMA,headline_sma50_nofin,1,2020-09-18 01:00:00+00:00,2020-09-18 13:00:00+00:00,1950.905,1945.9981,1939.2487999999998,-5.20689999999995,-0.44670647380792144,11.656200000000126,trail_stop,13,full
H1_DONCH_SMA,headline_sma50_nofin,1,2020-09-18 17:00:00+00:00,2020-09-18 18:00:00+00:00,1958.728,1950.2237,1950.2237,-8.804300000000058,-1.0352762720035744,8.504300000000057,trail_stop,2,full
H1_DONCH_SMA,headline_sma50_nofin,1,2020-11-06 12:00:00+00:00,2020-11-06 14:00:00+00:00,1955.525,1946.5997,1943.0810000000001,-9.225300000000107,-0.7413452266152473,12.44399999999996,trail_stop,3,full
H1_DONCH_SMA,headline_sma50_nofin,1,2020-11-09 04:00:00+00:00,2020-11-09 11:00:00+00:00,1960.698,1949.7320000000002,1947.6390000000001,-11.265999999999895,-0.8627000536028733,13.058999999999969,trail_stop,8,full
H1_DONCH_SMA,headline_sma50_nofin,1,2020-12-21 02:00:00+00:00,2020-12-21 08:00:00+00:00,1896.578,1892.6533,1887.3719999999998,-4.22470000000003,-0.4589072344123365,9.206000000000131,trail_stop,7,full
H1_DONCH_SMA,headline_sma50_nofin,1,2020-12-28 00:00:00+00:00,2020-12-28 05:00:00+00:00,1888.088,1889.0709000000002,1880.4768,0.6829000000001997,0.08972303973094846,7.6112000000000535,trail_stop,6,full
H1_DONCH_SMA,headline_sma50_nofin,1,2020-12-30 15:00:00+00:00,2020-12-31 03:00:00+00:00,1887.255,1889.2122,1881.0935000000002,1.6571999999998297,0.26896048040247467,6.161499999999933,trail_stop,12,full
H1_DONCH_SMA,headline_sma50_nofin,1,2020-12-31 21:00:00+00:00,2021-01-04 15:00:00+00:00,1900.538,1929.425,1890.5004999999999,28.586999999999943,2.848019925280155,10.037500000000136,trail_stop,18,full
H1_DONCH_SMA,headline_sma50_nofin,1,2021-01-05 10:00:00+00:00,2021-01-05 15:00:00+00:00,1945.528,1939.5880000000002,1933.7917,-6.239999999999827,-0.5316837504153619,11.736300000000028,trail_stop,6,full
H1_DONCH_SMA,headline_sma50_nofin,1,2021-01-06 10:00:00+00:00,2021-01-06 11:00:00+00:00,1957.665,1945.6086,1945.6086,-12.35639999999994,-1.0248830496665673,12.05639999999994,trail_stop,2,full
H1_DONCH_SMA,headline_sma50_nofin,1,2021-01-21 04:00:00+00:00,2021-01-21 13:00:00+00:00,1872.215,1861.9925,1859.8654,-10.522499999999855,-0.8520518883202571,12.34960000000001,trail_stop,10,full
H1_DONCH_SMA,headline_sma50_nofin,1,2021-04-16 10:00:00+00:00,2021-04-16 13:00:00+00:00,1770.978,1773.6857,1762.8067,2.407699999999932,0.2946532375509331,8.171299999999974,trail_stop,4,full
H1_DONCH_SMA,headline_sma50_nofin,1,2021-04-19 08:00:00+00:00,2021-04-19 11:00:00+00:00,1786.905,1779.133,1777.5617,-8.071999999999935,-0.8639345841405003,9.3433,trail_stop,4,full
H1_DONCH_SMA,headline_sma50_nofin,1,2021-04-20 16:00:00+00:00,2021-04-21 08:00:00+00:00,1778.638,1779.9895999999999,1769.5113999999999,1.0515999999999621,0.11522363202068196,9.126600000000053,trail_stop,16,full
H1_DONCH_SMA,headline_sma50_nofin,1,2021-04-21 14:00:00+00:00,2021-04-22 06:00:00+00:00,1795.718,1788.5587,1788.5587,-7.45930000000003,-1.0419035380553963,7.15930000000003,trail_stop,16,full
H1_DONCH_SMA,headline_sma50_nofin,1,2021-04-23 12:00:00+00:00,2021-04-23 13:00:00+00:00,1791.028,1786.5465,1784.1266,-4.781500000000096,-0.6928304402005563,6.901399999999967,trail_stop,2,full
H1_DONCH_SMA,headline_sma50_nofin,1,2021-04-28 19:00:00+00:00,2021-04-29 06:00:00+00:00,1781.518,1780.8217,1774.2969,-0.9963000000000648,-0.13797066928862192,7.2210999999999785,trail_stop,11,full
H1_DONCH_SMA,headline_sma50_nofin,1,2021-05-03 04:00:00+00:00,2021-05-04 01:00:00+00:00,1774.748,1790.068,1766.9854,15.019999999999936,1.9349187128023981,7.76260000000002,donch_exit,21,full
H1_DONCH_SMA,headline_sma50_nofin,1,2021-05-04 14:00:00+00:00,2021-05-04 15:00:00+00:00,1794.808,1788.7295,1788.7295,-6.378500000000076,-1.049354281483918,6.078500000000076,trail_stop,2,full
H1_DONCH_SMA,headline_sma50_nofin,1,2021-05-05 20:00:00+00:00,2021-05-07 13:00:00+00:00,1785.918,1830.7302,1778.6020999999998,44.51220000000008,6.0843095176259565,7.315900000000056,trail_stop,40,full
H1_DONCH_SMA,headline_sma50_nofin,1,2021-05-10 13:00:00+00:00,2021-05-10 18:00:00+00:00,1842.155,1834.4358,1834.4358,-8.019200000000001,-1.0388641309980309,7.719200000000001,trail_stop,6,full
H1_DONCH_SMA,headline_sma50_nofin,1,2021-05-12 13:00:00+00:00,2021-05-12 13:00:00+00:00,1839.808,1833.4681,1833.4681,-6.639899999999943,-1.047319358349501,6.339899999999943,trail_stop,1,full
H1_DONCH_SMA,headline_sma50_nofin,1,2021-05-14 07:00:00+00:00,2021-05-17 12:00:00+00:00,1834.655,1845.1698000000001,1826.4449,10.21480000000015,1.2441748577971201,8.210100000000011,trail_stop,29,full
H1_DONCH_SMA,headline_sma50_nofin,1,2021-05-17 15:00:00+00:00,2021-05-18 13:00:00+00:00,1864.478,1864.716,1856.3290000000002,-0.062000000000170974,-0.00760829549640101,8.148999999999887,trail_stop,22,full
H1_DONCH_SMA,headline_sma50_nofin,1,2021-05-19 14:00:00+00:00,2021-05-19 14:00:00+00:00,1888.835,1879.5526,1879.5526,-9.582400000000053,-1.0323192277859172,9.282400000000052,trail_stop,1,full
H1_DONCH_SMA,headline_sma50_nofin,1,2021-05-20 17:00:00+00:00,2021-05-21 01:00:00+00:00,1882.498,1872.152,1872.152,-10.646000000000004,-1.02899671370578,10.346000000000004,trail_stop,8,full
H1_DONCH_SMA,headline_sma50_nofin,1,2021-05-21 13:00:00+00:00,2021-05-21 13:00:00+00:00,1886.944,1880.182,1880.182,-7.061999999999943,-1.0443655723158831,6.761999999999944,trail_stop,1,full
H1_DONCH_SMA,headline_sma50_nofin,1,2021-05-25 15:00:00+00:00,2021-05-26 13:00:00+00:00,1890.468,1901.0698000000002,1882.5404,10.301800000000139,1.2994853423482717,7.927599999999984,trail_stop,22,full
H1_DONCH_SMA,headline_sma50_nofin,1,2021-05-28 18:00:00+00:00,2021-06-01 08:00:00+00:00,1902.178,1909.5029,1894.1398000000002,7.024899999999843,0.8739394391779102,8.03819999999996,trail_stop,33,full
H1_DONCH_SMA,headline_sma50_nofin,1,2021-06-02 13:00:00+00:00,2021-06-03 04:00:00+00:00,1904.548,1903.588,1897.93,-1.2600000000000364,-0.19038984587489396,6.617999999999938,donch_exit,15,full
H1_DONCH_SMA,headline_sma50_nofin,1,2021-06-04 13:00:00+00:00,2021-06-07 01:00:00+00:00,1884.508,1887.038,1876.2638000000002,2.229999999999973,0.2704931952160318,8.244199999999864,donch_exit,12,full
H1_DONCH_SMA,headline_sma50_nofin,1,2021-06-07 16:00:00+00:00,2021-06-08 04:00:00+00:00,1894.025,1895.4231,1887.9125000000001,1.0980999999998857,0.17964826175867385,6.1124999999999545,trail_stop,12,full
H1_DONCH_SMA,headline_sma50_nofin,1,2021-06-10 19:00:00+00:00,2021-06-11 08:00:00+00:00,1895.908,1895.028,1886.0191999999997,-1.1799999999998818,-0.119326915298101,9.888800000000174,donch_exit,13,full
H1_DONCH_SMA,headline_sma50_nofin,1,2021-06-16 18:00:00+00:00,2021-06-16 18:00:00+00:00,1861.698,1854.769,1854.769,-7.229000000000087,-1.0432962909510746,6.929000000000087,trail_stop,1,full
H1_DONCH_SMA,headline_sma50_nofin,1,2021-08-24 13:00:00+00:00,2021-08-24 13:00:00+00:00,1807.738,1803.0553,1803.0553,-4.982700000000068,-1.064065603177653,4.682700000000068,trail_stop,1,full
H1_DONCH_SMA,headline_sma50_nofin,1,2021-08-27 05:00:00+00:00,2021-08-27 08:00:00+00:00,1799.809,1795.8313,1792.4229,-4.277699999999913,-0.5791554406249505,7.386099999999942,trail_stop,4,full
H1_DONCH_SMA,headline_sma50_nofin,1,2021-08-27 15:00:00+00:00,2021-08-30 13:00:00+00:00,1807.598,1812.169,1800.7827,4.27100000000014,0.6266782093231631,6.815299999999979,donch_exit,22,full
H1_DONCH_SMA,headline_sma50_nofin,1,2021-09-01 13:00:00+00:00,2021-09-01 13:00:00+00:00,1819.318,1813.424,1813.424,-6.194000000000005,-1.0508992195453002,5.8940000000000055,trail_stop,1,full
H1_DONCH_SMA,headline_sma50_nofin,1,2021-09-03 13:00:00+00:00,2021-09-03 13:00:00+00:00,1823.398,1819.2567,1819.2567,-4.441300000000001,-1.072441020935455,4.141300000000001,trail_stop,1,full
H1_DONCH_SMA,headline_sma50_nofin,1,2021-09-03 15:00:00+00:00,2021-09-06 08:00:00+00:00,1830.227,1824.5256000000002,1824.5256000000002,-6.001399999999921,-1.0526186550671772,5.701399999999921,trail_stop,17,full
H1_DONCH_SMA,headline_sma50_nofin,1,2021-10-14 11:00:00+00:00,2021-10-15 05:00:00+00:00,1799.854,1792.6109000000001,1790.4958000000001,-7.543099999999913,-0.8060417601675531,9.358199999999897,trail_stop,18,full
H1_DONCH_SMA,headline_sma50_nofin,1,2021-10-22 07:00:00+00:00,2021-10-22 15:00:00+00:00,1793.027,1804.1578,1785.9058,10.830799999999908,1.5209234398696625,7.121200000000044,trail_stop,9,full
H1_DONCH_SMA,headline_sma50_nofin,1,2021-10-25 14:00:00+00:00,2021-10-26 07:00:00+00:00,1807.704,1801.1084,1799.1294,-6.8955999999998765,-0.8041891166934834,8.574599999999919,trail_stop,17,full
H1_DONCH_SMA,headline_sma50_nofin,1,2021-10-28 03:00:00+00:00,2021-10-28 14:00:00+00:00,1799.482,1795.3034,1790.912,-4.47859999999996,-0.5225904317386223,8.569999999999936,trail_stop,12,full
H1_DONCH_SMA,headline_sma50_nofin,1,2021-11-01 13:00:00+00:00,2021-11-02 11:00:00+00:00,1789.174,1789.2898,1782.7574,-0.18419999999996434,-0.028706791758869785,6.416600000000017,trail_stop,22,full
H1_DONCH_SMA,headline_sma50_nofin,1,2021-11-05 16:00:00+00:00,2021-11-09 07:00:00+00:00,1809.834,1819.993,1801.6907,9.858999999999877,1.2106885415003663,8.143299999999954,donch_exit,37,full
H1_DONCH_SMA,headline_sma50_nofin,1,2021-11-09 14:00:00+00:00,2021-11-09 15:00:00+00:00,1829.813,1823.4887,1823.4887,-6.624299999999994,-1.0474360798823585,6.324299999999994,trail_stop,2,full
H1_DONCH_SMA,headline_sma50_nofin,1,2021-11-09 18:00:00+00:00,2021-11-10 05:00:00+00:00,1830.773,1825.658,1823.0656999999999,-5.415000000000009,-0.7025806702736349,7.707300000000032,donch_exit,11,full
H1_DONCH_SMA,headline_sma50_nofin,1,2021-11-10 14:00:00+00:00,2021-11-10 15:00:00+00:00,1849.598,1851.7367,1843.6372,1.8386999999999716,0.3084653066702376,5.960800000000063,trail_stop,2,full
H1_DONCH_SMA,headline_sma50_nofin,1,2021-11-12 19:00:00+00:00,2021-11-15 01:00:00+00:00,1867.814,1859.3882,1859.3882,-8.725799999999982,-1.035604927721997,8.425799999999981,trail_stop,6,full
H1_DONCH_SMA,headline_sma50_nofin,1,2021-11-16 09:00:00+00:00,2021-11-16 13:00:00+00:00,1871.968,1866.8482,1864.9684,-5.419800000000168,-0.774301388650793,6.9996000000001,trail_stop,5,full
H1_DONCH_SMA,headline_sma50_nofin,1,2021-11-17 15:00:00+00:00,2021-11-18 06:00:00+00:00,1865.874,1862.6622,1859.3296,-3.511800000000039,-0.5366114540676061,6.544399999999996,trail_stop,15,full
H1_DONCH_SMA,headline_sma50_nofin,1,2021-12-17 02:00:00+00:00,2021-12-17 13:00:00+00:00,1802.155,1805.7774,1795.8682999999999,3.3223999999999707,0.528480760971561,6.28670000000011,trail_stop,12,full
H1_DONCH_SMA,headline_sma50_nofin,1,2021-12-23 02:00:00+00:00,2021-12-23 14:00:00+00:00,1807.008,1802.4067,1801.3986000000002,-4.901300000000037,-0.8737654651121673,5.609399999999823,trail_stop,13,full
H1_DONCH_SMA,headline_sma50_nofin,1,2021-12-27 02:00:00+00:00,2021-12-27 09:00:00+00:00,1810.694,1805.2449,1805.2449,-5.749100000000044,-1.0550549632049324,5.449100000000044,trail_stop,8,full
H1_DONCH_SMA,headline_sma50_nofin,1,2021-12-27 16:00:00+00:00,2021-12-27 17:00:00+00:00,1812.655,1807.8456,1807.8456,-5.1093999999998685,-1.0623778433900295,4.809399999999869,trail_stop,2,full
H1_DONCH_SMA,headline_sma50_nofin,1,2021-12-28 07:00:00+00:00,2021-12-28 14:00:00+00:00,1814.894,1812.9812,1809.7576,-2.212800000000061,-0.43080756950393667,5.136400000000094,trail_stop,8,full
H1_DONCH_SMA,headline_sma50_nofin,1,2021-12-30 15:00:00+00:00,2022-01-03 05:00:00+00:00,1805.805,1823.9678999999999,1800.7634,17.862899999999808,3.5431013963820512,5.041600000000017,trail_stop,37,full
H1_DONCH_SMA,headline_sma50_nofin,1,2022-01-05 10:00:00+00:00,2022-01-05 19:00:00+00:00,1817.638,1819.6262000000002,1810.9186,1.6882000000002335,0.25124267047656723,6.7193999999999505,trail_stop,10,full
H1_DONCH_SMA,headline_sma50_nofin,1,2022-01-12 18:00:00+00:00,2022-01-13 08:00:00+00:00,1826.018,1821.4544,1819.7605,-4.863599999999951,-0.7772433080303637,6.257499999999936,trail_stop,14,full
H1_DONCH_SMA,headline_sma50_nofin,1,2022-01-14 06:00:00+00:00,2022-01-14 11:00:00+00:00,1827.628,1820.7280999999998,1820.7280999999998,-7.199900000000116,-1.0434788909984196,6.899900000000116,trail_stop,6,full
H1_DONCH_SMA,headline_sma50_nofin,1,2022-01-19 14:00:00+00:00,2022-01-20 16:00:00+00:00,1823.908,1840.1904,1817.9038,15.982400000000052,2.661870024316385,6.004199999999855,trail_stop,26,full
H1_DONCH_SMA,headline_sma50_nofin,1,2022-01-25 15:00:00+00:00,2022-01-25 15:00:00+00:00,1850.218,1844.0495,1844.0495,-6.468499999999994,-1.0486341898354543,6.1684999999999945,trail_stop,1,full
H1_DONCH_SMA,headline_sma50_nofin,1,2022-02-04 10:00:00+00:00,2022-02-04 13:00:00+00:00,1810.905,1805.8566,1803.2963,-5.348399999999901,-0.702932169753033,7.608699999999999,trail_stop,4,full
H1_DONCH_SMA,headline_sma50_nofin,1,2022-02-07 17:00:00+00:00,2022-02-08 07:00:00+00:00,1817.264,1816.2254999999998,1811.109,-1.3385000000001128,-0.21746547522341492,6.154999999999973,trail_stop,14,full
H1_DONCH_SMA,headline_sma50_nofin,1,2022-02-08 14:00:00+00:00,2022-02-09 14:00:00+00:00,1823.924,1824.6144,1819.1798,0.3903999999999542,0.08228995404914351,4.744200000000092,trail_stop,24,full
H1_DONCH_SMA,headline_sma50_nofin,1,2022-02-09 18:00:00+00:00,2022-02-10 13:00:00+00:00,1834.018,1829.7940999999998,1829.1938,-4.523900000000185,-0.9377513370092797,4.824200000000019,trail_stop,19,full
H1_DONCH_SMA,headline_sma50_nofin,1,2022-02-10 17:00:00+00:00,2022-02-10 17:00:00+00:00,1841.508,1835.1864,1835.1864,-6.621599999999989,-1.0474563401670465,6.3215999999999894,trail_stop,1,full
H1_DONCH_SMA,headline_sma50_nofin,1,2022-02-11 18:00:00+00:00,2022-02-14 07:00:00+00:00,1840.498,1850.7576,1833.5852,9.959599999999863,1.4407475986575302,6.912800000000061,trail_stop,13,full
H1_DONCH_SMA,headline_sma50_nofin,1,2022-02-14 15:00:00+00:00,2022-02-15 08:00:00+00:00,1866.378,1869.2112,1854.6082,2.5332000000000336,0.21522880592703586,11.769800000000032,trail_stop,17,full
H1_DONCH_SMA,headline_sma50_nofin,1,2022-02-16 10:00:00+00:00,2022-02-18 01:00:00+00:00,1858.418,1888.4581,1850.5818,29.740100000000165,3.795219621755482,7.8361999999999625,trail_stop,38,full
H1_DONCH_SMA,headline_sma50_nofin,1,2022-02-21 00:00:00+00:00,2022-02-21 00:00:00+00:00,1904.758,1896.8007,1896.8007,-8.257300000000033,-1.037701230316816,7.957300000000032,trail_stop,1,full
H1_DONCH_SMA,headline_sma50_nofin,1,2022-02-22 00:00:00+00:00,2022-02-22 08:00:00+00:00,1909.418,1901.3274,1899.2866999999999,-8.390599999999996,-0.8281859188850381,10.13130000000001,trail_stop,9,full
H1_DONCH_SMA,headline_sma50_nofin,1,2022-02-23 15:00:00+00:00,2022-02-24 12:00:00+00:00,1906.168,1958.592,1899.0511999999999,52.12400000000021,7.324078237410089,7.116800000000012,trail_stop,21,full
H1_DONCH_SMA,headline_sma50_nofin,1,2022-03-01 11:00:00+00:00,2022-03-01 12:00:00+00:00,1925.098,1913.2975,1913.2975,-12.100500000000057,-1.02542265158256,11.800500000000056,trail_stop,2,full
H1_DONCH_SMA,headline_sma50_nofin,1,2022-03-01 17:00:00+00:00,2022-03-02 01:00:00+00:00,1931.408,1932.0499,1919.465,0.34190000000007786,0.028627647994647773,11.942999999999984,trail_stop,8,full
H1_DONCH_SMA,headline_sma50_nofin,1,2022-03-04 01:00:00+00:00,2022-03-04 01:00:00+00:00,1947.158,1935.6588,1935.6588,-11.799199999999974,-1.0260887713927926,11.499199999999973,trail_stop,1,full
H1_DONCH_SMA,headline_sma50_nofin,1,2022-03-04 15:00:00+00:00,2022-03-07 06:00:00+00:00,1952.138,1982.0674000000001,1939.8573,29.629400000000214,2.4126800589543067,12.280700000000024,trail_stop,15,full
H1_DONCH_SMA,headline_sma50_nofin,1,2022-03-07 11:00:00+00:00,2022-03-07 12:00:00+00:00,2002.288,1984.2114000000001,1984.2114000000001,-18.376599999999872,-1.016596041290951,18.07659999999987,trail_stop,2,full
H1_DONCH_SMA,headline_sma50_nofin,1,2022-03-08 07:00:00+00:00,2022-03-08 17:00:00+00:00,2016.794,2045.0918000000001,1997.645,27.99780000000005,1.4621024596584618,19.149000000000115,trail_stop,11,full
H1_DONCH_SMA,headline_sma50_nofin,1,2022-03-16 20:00:00+00:00,2022-03-17 19:00:00+00:00,1927.738,1935.5019,1913.5316,7.463899999999922,0.5253899650861517,14.20640000000003,trail_stop,23,full
H1_DONCH_SMA,headline_sma50_nofin,1,2022-03-21 15:00:00+00:00,2022-03-22 08:00:00+00:00,1933.178,1926.1838,1923.1899,-7.2942000000000915,-0.7302890439623221,9.988100000000031,trail_stop,17,full
H1_DONCH_SMA,headline_sma50_nofin,1,2022-03-23 11:00:00+00:00,2022-03-23 15:00:00+00:00,1933.168,1926.7555,1923.8676999999998,-6.712499999999909,-0.721750911260909,9.300300000000107,trail_stop,5,full
H1_DONCH_SMA,headline_sma50_nofin,1,2022-03-23 19:00:00+00:00,2022-03-24 12:00:00+00:00,1939.403,1946.3095999999998,1929.9128,6.606599999999799,0.6961497123348114,9.490199999999959,trail_stop,17,full
H1_DONCH_SMA,headline_sma50_nofin,1,2022-03-24 15:00:00+00:00,2022-03-25 06:00:00+00:00,1964.668,1956.038,1953.4599999999998,-8.929999999999882,-0.7967523197715752,11.208000000000084,donch_exit,15,full
H1_DONCH_SMA,headline_sma50_nofin,1,2022-03-30 05:00:00+00:00,2022-03-31 01:00:00+00:00,1925.678,1927.3799,1912.4443,1.4018999999997959,0.10593409250623756,13.233699999999999,trail_stop,20,full
H1_DONCH_SMA,headline_sma50_nofin,1,2022-03-31 14:00:00+00:00,2022-04-01 00:00:00+00:00,1937.663,1934.3036,1927.9703,-3.6594000000000504,-0.37754186140085094,9.692700000000059,trail_stop,10,full
H1_DONCH_SMA,headline_sma50_nofin,1,2022-04-05 14:00:00+00:00,2022-04-05 14:00:00+00:00,1942.113,1934.4361000000001,1934.4361000000001,-7.976899999999932,-1.0390782737823865,7.676899999999932,trail_stop,1,full
H1_DONCH_SMA,headline_sma50_nofin,1,2022-04-07 15:00:00+00:00,2022-04-08 04:00:00+00:00,1936.557,1928.172,1927.3648,-8.684999999999992,-0.9448227845347177,9.192199999999957,donch_exit,13,full
H1_DONCH_SMA,headline_sma50_nofin,1,2022-04-08 14:00:00+00:00,2022-04-11 13:00:00+00:00,1939.432,1953.3786,1932.1724000000002,13.646599999999989,1.879800539974688,7.259599999999864,trail_stop,23,full
H1_DONCH_SMA,headline_sma50_nofin,1,2022-04-12 13:00:00+00:00,2022-04-12 13:00:00+00:00,1970.323,1961.5033,1961.5033,-9.119700000000012,-1.0340147624068847,8.819700000000012,trail_stop,1,full
H1_DONCH_SMA,headline_sma50_nofin,1,2022-04-12 15:00:00+00:00,2022-04-12 18:00:00+00:00,1975.562,1965.2521,1965.2521,-10.609899999999971,-1.029098245375804,10.30989999999997,trail_stop,4,full
H1_DONCH_SMA,headline_sma50_nofin,1,2022-04-13 16:00:00+00:00,2022-04-14 05:00:00+00:00,1980.848,1972.278,1970.9259,-8.869999999999937,-0.8939639793995159,9.9221,donch_exit,13,full
H1_DONCH_SMA,headline_sma50_nofin,1,2022-04-18 00:00:00+00:00,2022-04-18 14:00:00+00:00,1986.618,1985.4953,1974.1353,-1.4226999999998953,-0.11397373965567487,12.482700000000023,trail_stop,15,full
H1_DONCH_SMA,headline_sma50_nofin,1,2022-04-20 20:00:00+00:00,2022-04-21 07:00:00+00:00,1957.662,1949.642,1948.1863,-8.319999999999983,-0.878035395801895,9.47569999999996,donch_exit,11,full
H1_DONCH_SMA,headline_sma50_nofin,1,2022-08-09 14:00:00+00:00,2022-08-09 14:00:00+00:00,1797.478,1790.8283000000001,1790.8283000000001,-6.949699999999939,-1.0451148172097993,6.649699999999939,trail_stop,1,full
H1_DONCH_SMA,headline_sma50_nofin,1,2022-08-12 14:00:00+00:00,2022-08-12 14:00:00+00:00,1797.984,1790.9348,1790.9348,-7.349199999999928,-1.0425580207683145,7.049199999999928,trail_stop,1,full
H1_DONCH_SMA,headline_sma50_nofin,1,2022-08-12 18:00:00+00:00,2022-08-15 04:00:00+00:00,1798.908,1793.5562,1790.8272,-5.651799999999912,-0.6994109494109425,8.080799999999954,trail_stop,10,full
H1_DONCH_SMA,headline_sma50_nofin,1,2022-11-08 15:00:00+00:00,2022-11-09 10:00:00+00:00,1678.967,1704.815,1672.8181000000002,25.547999999999956,4.154889492429592,6.148899999999912,trail_stop,19,full
H1_DONCH_SMA,headline_sma50_nofin,1,2022-11-10 14:00:00+00:00,2022-11-14 05:00:00+00:00,1732.927,1758.9187000000002,1725.7310999999997,25.691700000000264,3.5703247682707757,7.195900000000165,trail_stop,38,full
H1_DONCH_SMA,headline_sma50_nofin,1,2022-11-15 08:00:00+00:00,2022-11-15 08:00:00+00:00,1782.768,1774.95,1774.95,-8.117999999999984,-1.0383729854182657,7.817999999999984,trail_stop,1,full
H1_DONCH_SMA,headline_sma50_nofin,1,2022-11-22 12:00:00+00:00,2022-11-22 16:00:00+00:00,1748.357,1741.0379,1741.0379,-7.619099999999935,-1.0409886461450182,7.319099999999935,trail_stop,5,full
H1_DONCH_SMA,headline_sma50_nofin,1,2022-11-23 20:00:00+00:00,2022-11-25 00:00:00+00:00,1751.798,1753.398,1742.3941,1.299999999999909,0.13824051723220218,9.403900000000021,donch_exit,25,full
H1_DONCH_SMA,headline_sma50_nofin,1,2022-11-25 03:00:00+00:00,2022-11-25 07:00:00+00:00,1758.508,1753.9321000000002,1753.1551000000002,-4.875899999999819,-0.9108894244241335,5.352899999999863,trail_stop,5,full
H1_DONCH_SMA,headline_sma50_nofin,1,2022-11-28 09:00:00+00:00,2022-11-28 13:00:00+00:00,1759.148,1752.4011,1751.3520999999998,-7.0468999999998685,-0.903923857412204,7.795900000000074,trail_stop,5,full
H1_DONCH_SMA,headline_sma50_nofin,1,2022-11-30 09:00:00+00:00,2022-11-30 13:00:00+00:00,1759.408,1755.5937999999999,1752.4537,-4.114200000000028,-0.5916051939088192,6.954299999999876,trail_stop,5,full
H1_DONCH_SMA,headline_sma50_nofin,1,2022-11-30 20:00:00+00:00,2022-12-02 13:00:00+00:00,1767.647,1793.0476,1758.4586,25.100600000000167,2.731770493230613,9.188400000000001,trail_stop,40,full
H1_DONCH_SMA,headline_sma50_nofin,1,2022-12-05 02:00:00+00:00,2022-12-05 07:00:00+00:00,1806.398,1798.7414999999999,1796.8793999999998,-7.956500000000051,-0.8358897316832268,9.518600000000106,trail_stop,6,full
H1_DONCH_SMA,headline_sma50_nofin,1,2022-12-07 14:00:00+00:00,2022-12-09 09:00:00+00:00,1778.208,1789.1455,1771.3095,10.6375,1.5420018844676349,6.898500000000013,trail_stop,42,full
H1_DONCH_SMA,headline_sma50_nofin,1,2022-12-09 12:00:00+00:00,2022-12-09 13:00:00+00:00,1800.257,1793.9695000000002,1793.4017000000001,-6.587499999999909,-0.9609353347045299,6.855299999999943,trail_stop,2,full
H1_DONCH_SMA,headline_sma50_nofin,1,2022-12-13 14:00:00+00:00,2022-12-13 15:00:00+00:00,1810.858,1812.5249000000001,1804.8188,1.3669000000001688,0.22633792555308369,6.039199999999937,trail_stop,2,full
H1_DONCH_SMA,headline_sma50_nofin,1,2022-12-16 14:00:00+00:00,2022-12-19 14:00:00+00:00,1785.395,1789.132,1778.1317,3.43700000000008,0.4732008866493255,7.263300000000072,trail_stop,24,full
H1_DONCH_SMA,headline_sma50_nofin,1,2022-12-20 09:00:00+00:00,2022-12-20 12:00:00+00:00,1803.095,1798.8928,1795.6688,-4.502199999999948,-0.60625892111711,7.426200000000108,trail_stop,4,full
H1_DONCH_SMA,headline_sma50_nofin,1,2022-12-20 15:00:00+00:00,2022-12-21 04:00:00+00:00,1812.258,1813.955,1803.3265000000001,1.396999999999889,0.15641269663549262,8.931499999999915,donch_exit,13,full
H1_DONCH_SMA,headline_sma50_nofin,1,2022-12-23 16:00:00+00:00,2022-12-23 18:00:00+00:00,1800.448,1793.601,1793.601,-7.14699999999998,-1.0438148094055792,6.84699999999998,trail_stop,3,full
H1_DONCH_SMA,headline_sma50_nofin,1,2022-12-27 02:00:00+00:00,2022-12-27 14:00:00+00:00,1804.425,1803.3449,1797.6327,-1.3800999999999022,-0.20318596057299212,6.792299999999841,trail_stop,13,full
H1_DONCH_SMA,headline_sma50_nofin,1,2022-12-27 16:00:00+00:00,2022-12-27 17:00:00+00:00,1824.525,1818.2989000000002,1818.2989000000002,-6.52609999999986,-1.0481842565972288,6.22609999999986,trail_stop,2,full
H1_DONCH_SMA,headline_sma50_nofin,1,2022-12-29 15:00:00+00:00,2022-12-30 10:00:00+00:00,1813.895,1813.3207000000002,1807.3178,-0.8742999999997665,-0.13292890591737722,6.577199999999948,trail_stop,19,full
H1_DONCH_SMA,headline_sma50_nofin,1,2023-01-03 00:00:00+00:00,2023-01-03 08:00:00+00:00,1829.285,1837.0481,1821.2219,7.463099999999895,0.9255869330654245,8.063100000000077,trail_stop,9,full
H1_DONCH_SMA,headline_sma50_nofin,1,2023-01-04 08:00:00+00:00,2023-01-04 15:00:00+00:00,1858.165,1851.1770999999999,1848.4237,-7.287900000000081,-0.748144498167611,9.74129999999991,trail_stop,8,full
H1_DONCH_SMA,headline_sma50_nofin,1,2023-01-06 14:00:00+00:00,2023-01-06 14:00:00+00:00,1851.625,1844.3672000000001,1844.3672000000001,-7.557799999999861,-1.0413348397586053,7.257799999999861,trail_stop,1,full
H1_DONCH_SMA,headline_sma50_nofin,1,2023-01-06 16:00:00+00:00,2023-01-09 17:00:00+00:00,1862.225,1870.0925,1853.0695,7.567500000000064,0.8265523455846421,9.155499999999847,trail_stop,25,full
H1_DONCH_SMA,headline_sma50_nofin,1,2023-01-10 15:00:00+00:00,2023-01-11 12:00:00+00:00,1878.077,1876.7964,1870.3034,-1.5806000000000495,-0.20332921683647887,7.773599999999988,trail_stop,21,full
H1_DONCH_SMA,headline_sma50_nofin,1,2023-01-12 13:00:00+00:00,2023-01-12 13:00:00+00:00,1887.305,1880.9536,1880.9536,-6.651400000000012,-1.0472336807632963,6.351400000000012,trail_stop,1,full
H1_DONCH_SMA,headline_sma50_nofin,1,2023-01-13 09:00:00+00:00,2023-01-13 12:00:00+00:00,1906.355,1894.7169,1893.4728,-11.938100000000123,-0.9267128285541376,12.882200000000012,trail_stop,4,full
H1_DONCH_SMA,headline_sma50_nofin,1,2023-01-13 15:00:00+00:00,2023-01-16 06:00:00+00:00,1911.437,1916.3658,1901.7160999999999,4.628800000000138,0.4761699019638227,9.720900000000029,trail_stop,15,full
H1_DONCH_SMA,headline_sma50_nofin,1,2023-01-18 13:00:00+00:00,2023-01-18 15:00:00+00:00,1917.185,1911.9908,1908.0001,-5.49419999999991,-0.5981774434125496,9.18489999999997,trail_stop,3,full
H1_DONCH_SMA,headline_sma50_nofin,1,2023-01-19 15:00:00+00:00,2023-01-20 05:00:00+00:00,1917.385,1923.4501000000002,1908.9319,5.765100000000257,0.6820101501224748,8.45309999999995,trail_stop,14,full
H1_DONCH_SMA,headline_sma50_nofin,1,2023-01-24 02:00:00+00:00,2023-01-24 13:00:00+00:00,1935.695,1930.7489,1925.5407,-5.246099999999887,-0.5166382714711923,10.154299999999921,trail_stop,12,full
H1_DONCH_SMA,headline_sma50_nofin,1,2023-01-25 20:00:00+00:00,2023-01-26 09:00:00+00:00,1942.137,1937.6352,1931.1963,-4.801800000000003,-0.4388933066440041,10.940699999999879,trail_stop,13,full
H1_DONCH_SMA,headline_sma50_nofin,1,2023-01-31 16:00:00+00:00,2023-02-01 15:00:00+00:00,1928.505,1923.7727,1918.6937,-5.032300000000123,-0.5129085849989384,9.811300000000074,trail_stop,23,full
H1_DONCH_SMA,headline_sma50_nofin,1,2023-02-01 20:00:00+00:00,2023-02-02 13:00:00+00:00,1942.895,1944.5427,1934.8183999999999,1.3476999999999861,0.16686476982888465,8.076600000000099,trail_stop,17,full
H1_DONCH_SMA,headline_sma50_nofin,1,2023-02-07 16:00:00+00:00,2023-02-07 17:00:00+00:00,1879.247,1871.0651,1871.0651,-8.481900000000042,-1.0366663000036664,8.181900000000041,trail_stop,2,full
H1_DONCH_SMA,headline_sma50_nofin,1,2023-02-08 08:00:00+00:00,2023-02-08 13:00:00+00:00,1886.345,1874.4922000000001,1874.4922000000001,-12.152799999999889,-1.0253104751619873,11.852799999999888,trail_stop,6,full
H1_DONCH_SMA,headline_sma50_nofin,1,2023-02-09 09:00:00+00:00,2023-02-09 14:00:00+00:00,1883.725,1881.7601,1875.4342,-2.264899999999943,-0.27318232257441327,8.29079999999999,trail_stop,6,full
H1_DONCH_SMA,headline_sma50_nofin,1,2023-03-15 12:00:00+00:00,2023-03-15 18:00:00+00:00,1917.905,1919.7962,1907.659,1.5912000000000261,0.155299629123565,10.245999999999867,trail_stop,7,full
H1_DONCH_SMA,headline_sma50_nofin,1,2023-03-17 12:00:00+00:00,2023-03-20 00:00:00+00:00,1934.975,1971.8869,1925.0915999999997,36.61190000000006,3.70438310702789,9.883400000000165,trail_stop,12,full
H1_DONCH_SMA,headline_sma50_nofin,1,2023-03-20 08:00:00+00:00,2023-03-20 09:00:00+00:00,2003.415,1984.8926,1984.8926,-18.822400000000062,-1.0161966051915519,18.52240000000006,trail_stop,2,full
H1_DONCH_SMA,headline_sma50_nofin,1,2023-03-22 15:00:00+00:00,2023-03-22 19:00:00+00:00,1950.535,1958.2781000000002,1941.3465,7.443100000000141,0.8100451651521097,9.188499999999976,trail_stop,5,full
H1_DONCH_SMA,headline_sma50_nofin,1,2023-03-23 14:00:00+00:00,2023-03-24 06:00:00+00:00,1983.994,1985.8164,1968.0529,1.522400000000016,0.09550156513666029,15.941100000000006,trail_stop,16,full
H1_DONCH_SMA,headline_sma50_nofin,1,2023-03-28 13:00:00+00:00,2023-03-29 05:00:00+00:00,1965.084,1965.0401,1957.309,-0.3439000000001215,-0.0442315112540344,7.775000000000091,trail_stop,16,full
H1_DONCH_SMA,headline_sma50_nofin,1,2023-03-30 17:00:00+00:00,2023-03-31 07:00:00+00:00,1983.065,1976.0693999999999,1974.7423000000001,-7.295600000000195,-0.8765905295156916,8.32269999999994,trail_stop,14,full
H1_DONCH_SMA,headline_sma50_nofin,1,2023-04-03 15:00:00+00:00,2023-04-05 13:00:00+00:00,1985.895,2024.3030999999999,1973.8645,38.10809999999988,3.1676239557790318,12.030500000000075,trail_stop,45,full
H1_DONCH_SMA,headline_sma50_nofin,1,2023-04-11 09:00:00+00:00,2023-04-11 13:00:00+00:00,2004.428,1996.9270000000001,1995.8678,-7.800999999999976,-0.9113104833999047,8.560200000000123,trail_stop,5,full
H1_DONCH_SMA,headline_sma50_nofin,1,2023-04-12 02:00:00+00:00,2023-04-12 07:00:00+00:00,2014.635,2011.8973999999998,2007.3277,-3.0376000000001566,-0.4156938951459747,7.307299999999941,trail_stop,6,full
H1_DONCH_SMA,headline_sma50_nofin,1,2023-04-12 13:00:00+00:00,2023-04-12 13:00:00+00:00,2022.175,2014.4277,2014.4277,-8.047299999999996,-1.0387231680714573,7.747299999999996,trail_stop,1,full
H1_DONCH_SMA,headline_sma50_nofin,1,2023-04-13 13:00:00+00:00,2023-04-13 14:00:00+00:00,2044.955,2037.2781999999997,2037.2781999999997,-7.976800000000185,-1.0390787828261767,7.676800000000185,trail_stop,2,full
H1_DONCH_SMA,headline_sma50_nofin,1,2023-04-18 15:00:00+00:00,2023-04-19 05:00:00+00:00,2009.035,2001.3461,2001.3461,-7.988900000000103,-1.0390172846571026,7.688900000000103,trail_stop,14,full
H1_DONCH_SMA,headline_sma50_nofin,1,2023-04-20 07:00:00+00:00,2023-04-21 05:00:00+00:00,1999.075,1997.5302,1989.2807,-1.844800000000123,-0.18835445105828075,9.794300000000021,trail_stop,22,full
H1_DONCH_SMA,headline_sma50_nofin,1,2023-04-24 18:00:00+00:00,2023-04-25 07:00:00+00:00,1989.408,1987.9556,1980.9057,-1.7523999999998978,-0.20610893522928186,8.502299999999877,trail_stop,13,full
H1_DONCH_SMA,headline_sma50_nofin,1,2023-04-28 15:00:00+00:00,2023-05-01 00:00:00+00:00,1992.255,1984.1914000000002,1984.1914000000002,-8.363599999999952,-1.0372042264001193,8.063599999999951,trail_stop,9,full
H1_DONCH_SMA,headline_sma50_nofin,1,2023-05-01 13:00:00+00:00,2023-05-01 14:00:00+00:00,2004.068,1996.617,1996.617,-7.751000000000022,-1.0402630519393368,7.451000000000022,trail_stop,2,full
H1_DONCH_SMA,headline_sma50_nofin,1,2023-05-02 15:00:00+00:00,2023-05-03 12:00:00+00:00,2008.345,2009.0231,2001.7442,0.37810000000008587,0.05728093564417791,6.600799999999936,trail_stop,21,full
H1_DONCH_SMA,headline_sma50_nofin,1,2023-05-03 15:00:00+00:00,2023-05-04 02:00:00+00:00,2021.145,2040.5026000000003,2014.1844,19.057600000000274,2.7379248915324235,6.960599999999886,trail_stop,11,full
H1_DONCH_SMA,headline_sma50_nofin,1,2023-05-08 13:00:00+00:00,2023-05-08 13:00:00+00:00,2026.045,2018.749,2018.749,-7.596000000000049,-1.0411184210526312,7.296000000000049,trail_stop,1,full
H1_DONCH_SMA,headline_sma50_nofin,1,2023-05-08 16:00:00+00:00,2023-05-09 00:00:00+00:00,2027.075,2019.6958,2019.6958,-7.679200000000082,-1.0406548135299214,7.379200000000083,trail_stop,8,full
H1_DONCH_SMA,headline_sma50_nofin,1,2023-05-09 11:00:00+00:00,2023-05-09 13:00:00+00:00,2030.794,2024.5149,2023.6468000000002,-6.5791000000001985,-0.9205143272890509,7.147199999999884,trail_stop,3,full
H1_DONCH_SMA,headline_sma50_nofin,1,2023-05-09 18:00:00+00:00,2023-05-10 05:00:00+00:00,2035.554,2029.1255,2028.4449000000002,-6.728499999999985,-0.9464629840626917,7.1090999999998985,trail_stop,11,full
H1_DONCH_SMA,headline_sma50_nofin,1,2023-05-10 13:00:00+00:00,2023-05-10 13:00:00+00:00,2045.575,2038.933,2038.933,-6.942000000000053,-1.0451671183378497,6.642000000000053,trail_stop,1,full
H1_DONCH_SMA,headline_sma50_nofin,1,2023-05-12 14:00:00+00:00,2023-05-12 14:00:00+00:00,2019.864,2011.8016,2011.8016,-8.362400000000026,-1.0372097638420321,8.062400000000025,trail_stop,1,full
H1_DONCH_SMA,headline_sma50_nofin,1,2023-07-18 15:00:00+00:00,2023-07-18 17:00:00+00:00,1982.705,1975.6951999999999,1975.6951999999999,-7.309800000000041,-1.042797226739707,7.009800000000041,trail_stop,3,full
H1_DONCH_SMA,headline_sma50_nofin,1,2023-07-20 02:00:00+00:00,2023-07-20 06:00:00+00:00,1984.885,1978.9225999999999,1977.7242999999999,-6.262400000000116,-0.8745513706760512,7.1607000000001335,trail_stop,5,full
H1_DONCH_SMA,headline_sma50_nofin,1,2023-07-25 16:00:00+00:00,2023-07-26 13:00:00+00:00,1964.145,1967.282,1956.5871,2.836999999999944,0.37536881938103667,7.557900000000018,trail_stop,21,full
H1_DONCH_SMA,headline_sma50_nofin,1,2023-07-26 19:00:00+00:00,2023-07-27 12:00:00+00:00,1977.068,1970.8107,1970.6733,-6.557299999999986,-1.0254273069885886,6.394700000000057,trail_stop,17,full
H1_DONCH_SMA,headline_sma50_nofin,1,2023-07-31 13:00:00+00:00,2023-07-31 19:00:00+00:00,1965.358,1964.3245,1959.608,-1.3335000000000037,-0.2319130434782615,5.75,trail_stop,7,full
H1_DONCH_SMA,headline_sma50_nofin,1,2023-08-30 12:00:00+00:00,2023-08-30 16:00:00+00:00,1938.975,1943.0465000000002,1933.9693,3.771500000000242,0.7534410771720823,5.005699999999933,trail_stop,5,full
H1_DONCH_SMA,headline_sma50_nofin,1,2023-09-01 13:00:00+00:00,2023-09-01 13:00:00+00:00,1949.815,1945.5381,1945.5381,-4.576900000000069,-1.0701442633683265,4.276900000000069,trail_stop,1,full
H1_DONCH_SMA,headline_sma50_nofin,1,2023-09-19 10:00:00+00:00,2023-09-19 14:00:00+00:00,1935.095,1931.9765,1930.4971,-3.41850000000004,-0.7434915939885717,4.5978999999999814,trail_stop,5,full
H1_DONCH_SMA,headline_sma50_nofin,1,2023-10-18 02:00:00+00:00,2023-10-18 14:00:00+00:00,1938.975,1947.4522000000002,1930.5511999999999,8.177200000000266,0.9707258007075474,8.423800000000028,trail_stop,13,full
H1_DONCH_SMA,headline_sma50_nofin,1,2023-10-19 17:00:00+00:00,2023-10-20 17:00:00+00:00,1961.895,1980.4792,1953.0124,18.28420000000001,2.058428838403192,8.882599999999911,trail_stop,24,full
H1_DONCH_SMA,headline_sma50_nofin,1,2023-10-25 14:00:00+00:00,2023-10-25 14:00:00+00:00,1984.985,1977.4169,1977.4169,-7.868099999999958,-1.0396400681809175,7.5680999999999585,trail_stop,1,full
H1_DONCH_SMA,headline_sma50_nofin,1,2023-10-26 05:00:00+00:00,2023-10-26 12:00:00+00:00,1988.365,1980.4929,1977.0081,-8.172100000000047,-0.7195713619033407,11.356899999999996,trail_stop,8,full
H1_DONCH_SMA,headline_sma50_nofin,1,2023-10-27 18:00:00+00:00,2023-10-29 22:00:00+00:00,1996.625,1997.0977,1989.1806000000001,0.17270000000003166,0.023198645962070136,7.44439999999986,trail_stop,4,full
H1_DONCH_SMA,headline_sma50_nofin,1,2023-10-31 14:00:00+00:00,2023-10-31 15:00:00+00:00,2002.364,1996.2798,1996.2798,-6.38420000000001,-1.0493080437855429,6.08420000000001,trail_stop,2,full
H1_DONCH_SMA,headline_sma50_nofin,1,2023-11-03 13:00:00+00:00,2023-11-03 13:00:00+00:00,2000.045,1994.5681000000002,1994.5681000000002,-5.776899999999887,-1.054775511694573,5.476899999999887,trail_stop,1,full
H1_DONCH_SMA,headline_sma50_nofin,1,2023-11-09 15:00:00+00:00,2023-11-10 07:00:00+00:00,1958.045,1955.2821,1951.5715,-3.0629000000001723,-0.47314435776630026,6.473500000000058,trail_stop,16,full
H1_DONCH_SMA,headline_sma50_nofin,1,2023-11-13 17:00:00+00:00,2023-11-14 13:00:00+00:00,1945.705,1941.4441000000002,1938.7738,-4.560899999999765,-0.6580245844875017,6.93119999999999,trail_stop,20,full
H1_DONCH_SMA,headline_sma50_nofin,1,2023-11-14 15:00:00+00:00,2023-11-14 18:00:00+00:00,1967.665,1961.7431,1961.7431,-6.22190000000005,-1.0506594167412482,5.921900000000051,trail_stop,4,full
H1_DONCH_SMA,headline_sma50_nofin,1,2023-11-15 09:00:00+00:00,2023-11-15 13:00:00+00:00,1971.405,1967.7784000000001,1963.0454,-3.9265999999998256,-0.4697114694482781,8.3596,trail_stop,5,full
H1_DONCH_SMA,headline_sma50_nofin,1,2023-11-16 14:00:00+00:00,2023-11-17 13:00:00+00:00,1972.025,1984.4381999999998,1966.8184,12.113199999999733,2.3265086620826985,5.20659999999998,trail_stop,23,full
H1_DONCH_SMA,headline_sma50_nofin,1,2023-11-21 01:00:00+00:00,2023-11-21 09:00:00+00:00,1986.355,1984.5211,1978.6321,-2.133900000000085,-0.27630812259644566,7.7228999999999814,trail_stop,9,full
H1_DONCH_SMA,headline_sma50_nofin,1,2023-11-21 14:00:00+00:00,2023-11-22 01:00:00+00:00,1997.555,1996.1001999999999,1989.7929,-1.7548000000002049,-0.22607284111260764,7.762100000000146,trail_stop,11,full
H1_DONCH_SMA,headline_sma50_nofin,1,2023-11-24 11:00:00+00:00,2023-11-27 16:00:00+00:00,1995.695,2006.1204,1991.3987,10.12540000000008,2.356772106230976,4.296299999999974,trail_stop,25,full
H1_DONCH_SMA,headline_sma50_nofin,1,2023-11-28 01:00:00+00:00,2023-11-29 07:00:00+00:00,2017.028,2040.9995000000001,2010.2977999999998,23.671500000000105,3.5172060265667318,6.730200000000195,trail_stop,30,full
H1_DONCH_SMA,headline_sma50_nofin,1,2023-12-01 09:00:00+00:00,2023-12-01 11:00:00+00:00,2045.245,2038.1998,2037.8221999999998,-7.345199999999795,-0.9895457239855234,7.422800000000052,trail_stop,3,full
H1_DONCH_SMA,headline_sma50_nofin,1,2023-12-01 17:00:00+00:00,2023-12-04 00:00:00+00:00,2058.755,2099.1744,2050.4334,40.11939999999977,4.821116131513017,8.321600000000217,trail_stop,7,full
H1_DONCH_SMA,headline_sma50_nofin,1,2023-12-06 08:00:00+00:00,2023-12-06 09:00:00+00:00,2033.965,2023.5598,2023.5598,-10.705199999999923,-1.0288317379771657,10.405199999999923,trail_stop,2,full
H1_DONCH_SMA,headline_sma50_nofin,1,2023-12-07 14:00:00+00:00,2023-12-07 14:00:00+00:00,2037.065,2030.1106,2030.1106,-7.254400000000078,-1.0431381571379266,6.954400000000078,trail_stop,1,full
H1_DONCH_SMA,headline_sma50_nofin,1,2023-12-13 14:00:00+00:00,2023-12-13 15:00:00+00:00,1984.345,1978.5029,1978.5029,-6.142100000000073,-1.051351397613871,5.842100000000073,trail_stop,2,full
H1_DONCH_SMA,headline_sma50_nofin,1,2023-12-13 20:00:00+00:00,2023-12-15 13:00:00+00:00,2013.645,2033.9089,2006.8456,19.96389999999992,2.9361267170633116,6.799399999999878,trail_stop,40,full
H1_DONCH_SMA,headline_sma50_nofin,1,2023-12-18 18:00:00+00:00,2023-12-18 18:00:00+00:00,2033.525,2025.9544,2025.9544,-7.870600000000013,-1.039626978046654,7.570600000000013,trail_stop,1,full
H1_DONCH_SMA,headline_sma50_nofin,1,2023-12-19 15:00:00+00:00,2023-12-19 18:00:00+00:00,2041.395,2036.9407,2034.3397,-4.754299999999875,-0.6738622028829225,7.055299999999988,trail_stop,4,full
H1_DONCH_SMA,headline_sma50_nofin,1,2023-12-21 14:00:00+00:00,2023-12-22 16:00:00+00:00,2041.238,2058.8962,2035.0077,17.35820000000008,2.7860937675553723,6.230299999999943,trail_stop,26,full
H1_DONCH_SMA,headline_sma50_nofin,1,2023-12-26 21:00:00+00:00,2023-12-27 10:00:00+00:00,2068.248,2061.8488,2061.8488,-6.699199999999837,-1.0468808601075146,6.399199999999837,trail_stop,13,full
H1_DONCH_SMA,headline_sma50_nofin,1,2023-12-27 16:00:00+00:00,2023-12-28 08:00:00+00:00,2078.745,2079.0615000000003,2071.9474,0.01650000000036017,0.0024273272920384364,6.797599999999875,trail_stop,16,full
H1_DONCH_SMA,headline_sma50_nofin,1,2024-01-02 06:00:00+00:00,2024-01-02 11:00:00+00:00,2074.465,2068.3047,2065.7963000000004,-6.460300000000006,-0.7452443849712433,8.668699999999717,trail_stop,6,full
H1_DONCH_SMA,headline_sma50_nofin,1,2024-01-05 16:00:00+00:00,2024-01-05 16:00:00+00:00,2054.815,2047.0558,2047.0558,-8.059199999999965,-1.0386637797711107,7.759199999999964,trail_stop,1,full
H1_DONCH_SMA,headline_sma50_nofin,1,2024-01-09 14:00:00+00:00,2024-01-09 15:00:00+00:00,2038.488,2031.1777000000002,2031.1777000000002,-7.61029999999987,-1.0410379874970939,7.31029999999987,trail_stop,2,full
H1_DONCH_SMA,headline_sma50_nofin,1,2024-01-12 11:00:00+00:00,2024-01-12 17:00:00+00:00,2045.835,2046.2930000000001,2034.0146,0.15800000000008368,0.013366721938350888,11.820400000000063,trail_stop,7,full
H1_DONCH_SMA,headline_sma50_nofin,1,2024-01-19 00:00:00+00:00,2024-01-19 14:00:00+00:00,2023.675,2028.6783,2016.3429999999998,4.703300000000081,0.6414757228587032,7.332000000000107,trail_stop,15,full
H1_DONCH_SMA,headline_sma50_nofin,1,2024-01-30 08:00:00+00:00,2024-01-30 15:00:00+00:00,2037.795,2038.6897,2029.025,0.5946999999998297,0.0678107183580195,8.769999999999982,trail_stop,8,full
H1_DONCH_SMA,headline_sma50_nofin,1,2024-01-31 14:00:00+00:00,2024-01-31 19:00:00+00:00,2041.845,2045.3900999999998,2036.7804,3.2450999999998205,0.6407416182916453,5.064599999999928,trail_stop,6,full
H1_DONCH_SMA,headline_sma50_nofin,1,2024-02-01 16:00:00+00:00,2024-02-02 13:00:00+00:00,2051.875,2047.6813999999997,2040.481,-4.493600000000288,-0.39438300860104314,11.394000000000005,trail_stop,21,full
H1_DONCH_SMA,headline_sma50_nofin,1,2024-02-07 15:00:00+00:00,2024-02-07 15:00:00+00:00,2042.445,2037.3416,2037.3416,-5.403399999999965,-1.058784339851864,5.103399999999965,trail_stop,1,full
H1_DONCH_SMA,headline_sma50_nofin,1,2024-02-29 14:00:00+00:00,2024-02-29 21:00:00+00:00,2047.555,2043.0331,2043.0331,-4.821899999999959,-1.066343793538115,4.52189999999996,trail_stop,8,full
H1_DONCH_SMA,headline_sma50_nofin,1,2024-03-01 11:00:00+00:00,2024-03-01 14:00:00+00:00,2054.775,2048.7941,2047.2645,-6.2809000000000195,-0.8362825377804329,7.510500000000093,trail_stop,4,full
H1_DONCH_SMA,headline_sma50_nofin,1,2024-03-01 16:00:00+00:00,2024-03-06 15:00:00+00:00,2069.064,2136.1807,2061.6818,66.81670000000004,9.051055240985063,7.382200000000012,trail_stop,69,full
H1_DONCH_SMA,headline_sma50_nofin,1,2024-03-07 05:00:00+00:00,2024-03-07 14:00:00+00:00,2158.125,2148.6222,2145.2477,-9.802800000000207,-0.7612465345996542,12.877300000000105,trail_stop,10,full
H1_DONCH_SMA,headline_sma50_nofin,1,2024-03-08 09:00:00+00:00,2024-03-08 13:00:00+00:00,2165.125,2159.5965,2155.8475,-5.828499999999894,-0.6282403664780171,9.277500000000146,trail_stop,5,full
H1_DONCH_SMA,headline_sma50_nofin,1,2024-03-13 16:00:00+00:00,2024-03-14 05:00:00+00:00,2171.635,2168.765,2163.6408,-3.1700000000003454,-0.3965374896800567,7.994200000000092,donch_exit,13,full
H1_DONCH_SMA,headline_sma50_nofin,1,2024-03-15 10:00:00+00:00,2024-03-15 12:00:00+00:00,2171.768,2163.5518,2163.5518,-8.516199999999845,-1.036513229960323,8.216199999999844,trail_stop,3,full
H1_DONCH_SMA,headline_sma50_nofin,1,2024-03-20 19:00:00+00:00,2024-03-21 13:00:00+00:00,2181.908,2191.785,2175.017,9.576999999999952,1.389783775939609,6.891000000000076,donch_exit,18,full
H1_DONCH_SMA,headline_sma50_nofin,1,2024-03-26 10:00:00+00:00,2024-03-26 12:00:00+00:00,2190.805,2189.1373000000003,2183.4653,-1.9676999999995133,-0.2680899764294883,7.3396999999999935,trail_stop,3,full
H1_DONCH_SMA,headline_sma50_nofin,1,2024-03-28 11:00:00+00:00,2024-03-28 13:00:00+00:00,2212.265,2205.2752,2203.2174999999997,-7.289799999999832,-0.805725338491266,9.047500000000127,trail_stop,3,full
H1_DONCH_SMA,headline_sma50_nofin,1,2024-03-28 17:00:00+00:00,2024-04-01 10:00:00+00:00,2220.305,2245.9323999999997,2208.0638,25.32739999999985,2.069029180145736,12.241199999999935,trail_stop,17,full
H1_DONCH_SMA,headline_sma50_nofin,1,2024-04-02 09:00:00+00:00,2024-04-02 15:00:00+00:00,2260.985,2252.3291,2246.8430000000003,-8.955900000000202,-0.6332838353839848,14.141999999999825,trail_stop,7,full
H1_DONCH_SMA,headline_sma50_nofin,1,2024-04-02 20:00:00+00:00,2024-04-03 07:00:00+00:00,2277.375,2270.5975,2262.3938,-7.077500000000145,-0.47242543988465974,14.981200000000172,trail_stop,11,full
H1_DONCH_SMA,headline_sma50_nofin,1,2024-04-03 17:00:00+00:00,2024-04-04 07:00:00+00:00,2293.685,2292.925,2280.4252,-1.0599999999997636,-0.07994087391965025,13.259799999999814,donch_exit,14,full
H1_DONCH_SMA,headline_sma50_nofin,1,2024-04-05 15:00:00+00:00,2024-04-07 22:00:00+00:00,2317.428,2310.1349,2299.8583,-7.593099999999867,-0.4321701565763708,17.56970000000001,trail_stop,7,full
H1_DONCH_SMA,headline_sma50_nofin,1,2024-04-08 03:00:00+00:00,2024-04-08 12:00:00+00:00,2348.015,2326.808,2326.808,-21.50699999999988,-1.0141462724572077,21.20699999999988,trail_stop,10,full
H1_DONCH_SMA,headline_sma50_nofin,1,2024-04-09 08:00:00+00:00,2024-04-09 11:00:00+00:00,2353.855,2351.0056,2341.5944999999997,-3.1494000000000595,-0.2568737000937953,12.26050000000032,trail_stop,4,full
H1_DONCH_SMA,headline_sma50_nofin,1,2024-04-11 17:00:00+00:00,2024-04-12 15:00:00+00:00,2349.745,2408.9518,2335.9343,58.90679999999993,4.265301541558353,13.810699999999997,trail_stop,22,full
H1_DONCH_SMA,headline_sma50_nofin,1,2024-04-15 19:00:00+00:00,2024-04-16 06:00:00+00:00,2375.825,2372.885,2351.9440999999997,-3.2399999999995996,-0.1356732786452598,23.88090000000011,donch_exit,11,full
H1_DONCH_SMA,headline_sma50_nofin,1,2024-04-16 17:00:00+00:00,2024-04-16 20:00:00+00:00,2397.405,2378.4596,2378.4596,-19.245400000000064,-1.015834978411646,18.945400000000063,trail_stop,4,full
H1_DONCH_SMA,headline_sma50_nofin,1,2024-04-19 02:00:00+00:00,2024-04-19 02:00:00+00:00,2409.274,2396.8393,2396.8393,-12.734699999999794,-1.0241260344037255,12.434699999999793,trail_stop,1,full
H1_DONCH_SMA,headline_sma50_nofin,1,2024-04-26 08:00:00+00:00,2024-04-26 14:00:00+00:00,2345.415,2335.176,2331.4325,-10.539000000000033,-0.7537278741283733,13.982500000000073,trail_stop,7,full
H1_DONCH_SMA,headline_sma50_nofin,1,2024-05-01 14:00:00+00:00,2024-05-01 18:00:00+00:00,2302.934,2295.5776,2292.4785,-7.656400000000121,-0.7322844435942901,10.455500000000029,trail_stop,5,full
H1_DONCH_SMA,headline_sma50_nofin,1,2024-05-06 08:00:00+00:00,2024-05-07 08:00:00+00:00,2322.645,2316.3152999999998,2304.6997,-6.62970000000023,-0.36943935180800996,17.94529999999986,trail_stop,24,full
H1_DONCH_SMA,headline_sma50_nofin,1,2024-05-09 13:00:00+00:00,2024-05-09 13:00:00+00:00,2326.585,2318.1595,2318.1595,-8.72549999999983,-1.035606195478014,8.425499999999829,trail_stop,1,full
H1_DONCH_SMA,headline_sma50_nofin,1,2024-05-09 15:00:00+00:00,2024-05-10 12:00:00+00:00,2333.205,2362.0926,2323.1445,28.58760000000002,2.8415685105113946,10.060500000000047,trail_stop,21,full
H1_DONCH_SMA,headline_sma50_nofin,1,2024-05-14 14:00:00+00:00,2024-05-15 11:00:00+00:00,2353.728,2362.2779,2344.8474,8.249899999999979,0.9289800238722629,8.880599999999959,trail_stop,21,full
H1_DONCH_SMA,headline_sma50_nofin,1,2024-05-15 18:00:00+00:00,2024-05-16 12:00:00+00:00,2389.065,2378.5212,2374.0177,-10.84379999999992,-0.7206475580336533,15.047300000000178,trail_stop,18,full
H1_DONCH_SMA,headline_sma50_nofin,1,2024-05-17 12:00:00+00:00,2024-05-20 11:00:00+00:00,2389.685,2431.8421000000003,2380.9479,41.85710000000036,4.790731478408303,8.737099999999828,trail_stop,23,full
H1_DONCH_SMA,headline_sma50_nofin,1,2024-05-27 14:00:00+00:00,2024-05-28 06:00:00+00:00,2354.788,2345.9886,2345.9886,-9.099399999999878,-1.0340932336295663,8.799399999999878,trail_stop,14,full
H1_DONCH_SMA,headline_sma50_nofin,1,2024-05-30 14:00:00+00:00,2024-05-31 13:00:00+00:00,2348.475,2345.1477999999997,2336.2266,-3.627200000000175,-0.29613663825480807,12.248399999999947,trail_stop,23,full
H1_DONCH_SMA,headline_sma50_nofin,1,2024-06-03 15:00:00+00:00,2024-06-04 07:00:00+00:00,2341.534,2339.585,2329.95,-2.249000000000069,-0.19414709944751496,11.584000000000287,donch_exit,16,full
H1_DONCH_SMA,headline_sma50_nofin,1,2024-06-06 02:00:00+00:00,2024-06-06 08:00:00+00:00,2367.265,2361.4698000000003,2356.5491,-6.095199999999568,-0.5687996341884249,10.715899999999692,trail_stop,7,full
H1_DONCH_SMA,headline_sma50_nofin,1,2024-06-07 04:00:00+00:00,2024-06-07 06:00:00+00:00,2380.025,2374.2191999999995,2368.0919,-6.105800000000545,-0.5116692225826017,11.933100000000195,trail_stop,3,full
H1_DONCH_SMA,headline_sma50_nofin,1,2024-07-05 05:00:00+00:00,2024-07-05 12:00:00+00:00,2363.775,2360.1817,2357.1587,-3.893299999999999,-0.5884406692562184,6.6163000000001375,trail_stop,8,full
H1_DONCH_SMA,headline_sma50_nofin,1,2024-07-05 14:00:00+00:00,2024-07-08 06:00:00+00:00,2383.015,2378.5271000000002,2373.9134,-4.787899999999627,-0.5260503647709904,9.101599999999962,trail_stop,16,full
H1_DONCH_SMA,headline_sma50_nofin,1,2024-07-10 07:00:00+00:00,2024-07-10 14:00:00+00:00,2371.805,2375.37,2361.6028,3.2650000000000547,0.3200290133500759,10.20219999999972,trail_stop,8,full
H1_DONCH_SMA,headline_sma50_nofin,1,2024-07-11 13:00:00+00:00,2024-07-11 13:00:00+00:00,2406.188,2398.9298,2398.9298,-7.558200000000215,-1.0413325617921787,7.258200000000215,trail_stop,1,full
H1_DONCH_SMA,headline_sma50_nofin,1,2024-07-11 15:00:00+00:00,2024-07-12 02:00:00+00:00,2417.665,2406.6458,2406.6458,-11.319200000000183,-1.0272252069115722,11.019200000000183,trail_stop,11,full
H1_DONCH_SMA,headline_sma50_nofin,1,2024-07-12 18:00:00+00:00,2024-07-14 22:00:00+00:00,2417.735,2406.9817,2406.9817,-11.05330000000031,-1.0278984125803234,10.753300000000309,trail_stop,4,full
H1_DONCH_SMA,headline_sma50_nofin,1,2024-07-15 15:00:00+00:00,2024-07-15 17:00:00+00:00,2431.424,2422.4436,2421.8775,-9.280399999999918,-0.9721259100193781,9.546499999999924,trail_stop,3,full
H1_DONCH_SMA,headline_sma50_nofin,1,2024-07-16 10:00:00+00:00,2024-07-16 12:00:00+00:00,2442.415,2431.0786,2431.0786,-11.63640000000014,-1.026463427543135,11.33640000000014,trail_stop,3,full
H1_DONCH_SMA,headline_sma50_nofin,1,2024-07-16 15:00:00+00:00,2024-07-17 03:00:00+00:00,2452.008,2464.4921,2440.4067999999997,12.184100000000125,1.05024480226184,11.601200000000063,trail_stop,12,full
H1_DONCH_SMA,headline_sma50_nofin,1,2024-07-17 14:00:00+00:00,2024-07-17 14:00:00+00:00,2482.845,2469.1602,2469.1602,-13.984799999999996,-1.021922132585058,13.684799999999996,trail_stop,1,full
H1_DONCH_SMA,headline_sma50_nofin,1,2024-07-24 03:00:00+00:00,2024-07-24 16:00:00+00:00,2414.008,2419.3754,2403.5274,5.067400000000089,0.4835028528901163,10.480599999999868,trail_stop,14,full
H1_DONCH_SMA,headline_sma50_nofin,1,2024-07-26 14:00:00+00:00,2024-07-29 08:00:00+00:00,2381.514,2387.3946,2368.6262,5.580599999999959,0.4330141684383659,12.88779999999997,trail_stop,18,full
H1_DONCH_SMA,headline_sma50_nofin,1,2024-07-30 14:00:00+00:00,2024-07-30 15:00:00+00:00,2393.935,2385.902,2385.902,-8.332999999999902,-1.0373459479646463,8.032999999999902,trail_stop,2,full
H1_DONCH_SMA,headline_sma50_nofin,1,2024-07-30 17:00:00+00:00,2024-08-01 08:00:00+00:00,2399.825,2437.2135,2390.2812999999996,37.088500000000025,3.8861762209624526,9.543700000000172,trail_stop,38,full
H1_DONCH_SMA,headline_sma50_nofin,1,2024-08-02 06:00:00+00:00,2024-08-02 13:00:00+00:00,2466.675,2457.913,2450.2212,-9.062000000000172,-0.5507542330647052,16.45380000000023,trail_stop,8,full
H1_DONCH_SMA,headline_sma50_nofin,1,2024-08-07 13:00:00+00:00,2024-08-07 17:00:00+00:00,2403.775,2391.0679,2391.0679,-13.007100000000083,-1.0236088485964538,12.707100000000082,trail_stop,5,full
H1_DONCH_SMA,headline_sma50_nofin,1,2024-08-08 11:00:00+00:00,2024-08-09 05:00:00+00:00,2405.055,2417.028,2393.1834,11.672999999999956,0.9832709996967561,11.871599999999944,donch_exit,18,full
H1_DONCH_SMA,headline_sma50_nofin,1,2024-08-09 11:00:00+00:00,2024-08-13 01:00:00+00:00,2430.355,2464.2855,2418.1001,33.63049999999994,2.7442492390798945,12.254899999999907,trail_stop,37,full
H1_DONCH_SMA,headline_sma50_nofin,1,2024-08-15 12:00:00+00:00,2024-08-15 12:00:00+00:00,2463.418,2454.1243,2454.1243,-9.593700000000172,-1.0322799315665445,9.293700000000172,trail_stop,1,full
H1_DONCH_SMA,headline_sma50_nofin,1,2024-08-16 11:00:00+00:00,2024-08-16 14:00:00+00:00,2464.495,2482.4627,2452.8696999999997,17.66770000000015,1.5197629308490894,11.625300000000152,trail_stop,4,full
H1_DONCH_SMA,headline_sma50_nofin,1,2024-08-16 19:00:00+00:00,2024-08-19 10:00:00+00:00,2503.164,2492.9763,2489.1594,-10.487700000000405,-0.7488753695214607,14.00460000000021,trail_stop,15,full
H1_DONCH_SMA,headline_sma50_nofin,1,2024-08-20 08:00:00+00:00,2024-08-20 15:00:00+00:00,2514.825,2519.242,2503.9547,4.117000000000371,0.37873839728437625,10.870300000000043,trail_stop,8,full
H1_DONCH_SMA,headline_sma50_nofin,1,2024-08-23 15:00:00+00:00,2024-08-26 13:00:00+00:00,2509.115,2517.0954,2500.5166999999997,7.680400000000373,0.8932463393927027,8.598300000000108,trail_stop,22,full
H1_DONCH_SMA,headline_sma50_nofin,1,2024-08-27 19:00:00+00:00,2024-08-28 02:00:00+00:00,2524.348,2513.4483,2512.2682,-11.19969999999994,-0.9271428334906174,12.079799999999977,trail_stop,7,full
H1_DONCH_SMA,headline_sma50_nofin,1,2024-08-29 04:00:00+00:00,2024-08-29 12:00:00+00:00,2516.495,2513.0687,2505.6481,-3.7263000000000828,-0.34353594114448194,10.846900000000005,trail_stop,9,full
H1_DONCH_SMA,headline_sma50_nofin,1,2024-09-05 06:00:00+00:00,2024-09-05 14:00:00+00:00,2501.815,2508.8568,2491.0285,6.741799999999967,0.6250220182635579,10.78650000000016,trail_stop,9,full
H1_DONCH_SMA,headline_sma50_nofin,1,2024-09-06 13:00:00+00:00,2024-09-06 13:00:00+00:00,2522.175,2515.3712,2515.3712,-7.103800000000137,-1.0440930068491128,6.8038000000001375,trail_stop,1,full
H1_DONCH_SMA,headline_sma50_nofin,1,2024-09-10 13:00:00+00:00,2024-09-10 14:00:00+00:00,2513.755,2506.0679,2506.0679,-7.9871000000001,-1.03902642088694,7.6871000000001,trail_stop,2,full
H1_DONCH_SMA,headline_sma50_nofin,1,2024-09-11 00:00:00+00:00,2024-09-11 12:00:00+00:00,2518.498,2517.0387,2509.3342000000002,-1.7592999999999848,-0.19198367489469664,9.16379999999981,trail_stop,13,full
H1_DONCH_SMA,headline_sma50_nofin,1,2024-09-12 13:00:00+00:00,2024-09-16 10:00:00+00:00,2528.395,2578.7123,2520.3904,50.01730000000016,6.248569572496026,8.004599999999755,trail_stop,44,full
H1_DONCH_SMA,headline_sma50_nofin,1,2024-09-20 07:00:00+00:00,2024-09-20 13:00:00+00:00,2605.364,2605.7808,2593.4363,0.11679999999996654,0.009792332134440397,11.927700000000186,trail_stop,7,full
H1_DONCH_SMA,headline_sma50_nofin,1,2024-09-20 16:00:00+00:00,2024-09-23 07:00:00+00:00,2622.728,2617.5686,2611.3909,-5.459400000000005,-0.48155171957554516,11.337100000000191,trail_stop,15,full
H1_DONCH_SMA,headline_sma50_nofin,1,2024-09-23 14:00:00+00:00,2024-09-24 00:00:00+00:00,2631.765,2625.045,2621.4998,-7.0199999999998,-0.6838639286131708,10.265199999999822,donch_exit,10,full
H1_DONCH_SMA,headline_sma50_nofin,1,2024-09-24 05:00:00+00:00,2024-09-24 05:00:00+00:00,2637.955,2628.311,2628.311,-9.943999999999779,-1.0311074243052682,9.643999999999778,trail_stop,1,full
H1_DONCH_SMA,headline_sma50_nofin,1,2024-09-24 15:00:00+00:00,2024-09-25 05:00:00+00:00,2643.448,2656.1276,2632.9347,12.379599999999936,1.1775180010082325,10.513300000000072,trail_stop,14,full
H1_DONCH_SMA,headline_sma50_nofin,1,2024-09-26 09:00:00+00:00,2024-09-26 12:00:00+00:00,2668.955,2671.9963,2658.4139,2.741299999999865,0.26005824819040585,10.541099999999915,trail_stop,4,full
H1_DONCH_SMA,headline_sma50_nofin,1,2024-10-01 10:00:00+00:00,2024-10-01 15:00:00+00:00,2648.565,2656.3073999999997,2637.4556000000002,7.442399999999634,0.6699191675517807,11.109399999999823,trail_stop,6,full
H1_DONCH_SMA,headline_sma50_nofin,1,2024-10-04 05:00:00+00:00,2024-10-04 12:00:00+00:00,2663.914,2655.5071,2651.1981,-8.706900000000406,-0.6847254225025602,12.715900000000147,trail_stop,8,full
H1_DONCH_SMA,headline_sma50_nofin,1,2024-10-08 12:00:00+00:00,2024-10-08 13:00:00+00:00,2650.695,2636.6510000000003,2636.6510000000003,-14.34399999999987,-1.021361435488465,14.043999999999869,trail_stop,2,full
H1_DONCH_SMA,headline_sma50_nofin,1,2024-10-10 13:00:00+00:00,2024-10-13 22:00:00+00:00,2624.924,2648.5403,2615.4325000000003,23.316300000000137,2.4565453300322435,9.491499999999633,trail_stop,32,full
H1_DONCH_SMA,headline_sma50_nofin,1,2024-10-14 07:00:00+00:00,2024-10-14 11:00:00+00:00,2663.975,2652.1569,2652.1569,-12.11809999999996,-1.0253847911254772,11.818099999999959,trail_stop,5,full
H1_DONCH_SMA,headline_sma50_nofin,1,2024-10-15 15:00:00+00:00,2024-10-16 14:00:00+00:00,2659.655,2671.6639999999998,2649.1155000000003,11.708999999999559,1.1109635181934354,10.539499999999862,trail_stop,23,full
H1_DONCH_SMA,headline_sma50_nofin,1,2024-10-17 11:00:00+00:00,2024-10-17 12:00:00+00:00,2687.295,2676.7287,2676.7287,-10.866299999999956,-1.0283921524090742,10.566299999999956,trail_stop,2,full
H1_DONCH_SMA,headline_sma50_nofin,1,2024-10-17 15:00:00+00:00,2024-10-17 16:00:00+00:00,2695.525,2685.0877,2685.0877,-10.737300000000051,-1.0287430657353913,10.43730000000005,trail_stop,2,full
H1_DONCH_SMA,headline_sma50_nofin,1,2024-10-18 02:00:00+00:00,2024-10-21 14:00:00+00:00,2704.475,2728.2978999999996,2692.7552,23.522899999999662,2.0071076298230315,11.71979999999985,trail_stop,36,full
H1_DONCH_SMA,headline_sma50_nofin,1,2024-10-22 17:00:00+00:00,2024-10-23 12:00:00+00:00,2745.225,2746.2844,2733.6021,0.759400000000096,0.06533653391151142,11.622899999999845,trail_stop,19,full
H1_DONCH_SMA,headline_sma50_nofin,1,2024-10-25 15:00:00+00:00,2024-10-27 22:00:00+00:00,2738.375,2734.5964999999997,2728.6400999999996,-4.078500000000349,-0.4189565378175626,9.73490000000038,trail_stop,7,full
H1_DONCH_SMA,headline_sma50_nofin,1,2024-10-29 02:00:00+00:00,2024-10-30 12:00:00+00:00,2752.024,2774.8797,2741.6733,22.55570000000007,2.1791473040470843,10.35069999999996,trail_stop,34,full
H1_DONCH_SMA,headline_sma50_nofin,1,2024-11-05 15:00:00+00:00,2024-11-05 15:00:00+00:00,2746.205,2735.3932,2735.3932,-11.111799999999949,-1.027747461107309,10.811799999999948,trail_stop,1,full
H1_DONCH_SMA,headline_sma50_nofin,1,2024-11-07 14:00:00+00:00,2024-11-08 06:00:00+00:00,2684.475,2689.9510999999998,2668.5834999999997,5.1760999999998605,0.3257150048768085,15.891500000000178,trail_stop,16,full
H1_DONCH_SMA,headline_sma50_nofin,1,2024-11-22 02:00:00+00:00,2024-11-22 13:00:00+00:00,2677.705,2693.5741999999996,2665.9863,15.569199999999636,1.3285774019302286,11.718699999999899,trail_stop,12,full
H1_DONCH_SMA,headline_sma50_nofin,1,2024-11-22 19:00:00+00:00,2024-11-24 23:00:00+00:00,2710.815,2699.1729,2694.8473,-11.942100000000028,-0.7478910550674122,15.96770000000015,trail_stop,4,full
H1_DONCH_SMA,headline_sma50_nofin,1,2024-12-11 00:00:00+00:00,2024-12-11 04:00:00+00:00,2695.835,2688.8568,2683.9997,-7.278200000000015,-0.6149569508166163,11.835300000000188,trail_stop,5,full
H1_DONCH_SMA,headline_sma50_nofin,1,2024-12-11 15:00:00+00:00,2024-12-12 01:00:00+00:00,2706.144,2706.08,2690.7700999999997,-0.36399999999985083,-0.023676490675745888,15.373900000000049,trail_stop,10,full
H1_DONCH_SMA,headline_sma50_nofin,1,2025-01-09 12:00:00+00:00,2025-01-10 13:00:00+00:00,2669.954,2673.1744999999996,2657.7326000000003,2.920499999999447,0.23896607589960808,12.221399999999903,trail_stop,25,full
H1_DONCH_SMA,headline_sma50_nofin,1,2025-01-10 15:00:00+00:00,2025-01-10 20:00:00+00:00,2685.164,2684.2403999999997,2675.6884,-1.2236000000005334,-0.12913166448567961,9.475600000000213,trail_stop,6,full
H1_DONCH_SMA,headline_sma50_nofin,1,2025-01-14 21:00:00+00:00,2025-01-15 14:00:00+00:00,2676.299,2684.2804,2665.29,7.681400000000122,0.6977382141884014,11.009000000000015,trail_stop,17,full
H1_DONCH_SMA,headline_sma50_nofin,1,2025-01-15 21:00:00+00:00,2025-01-17 01:00:00+00:00,2696.255,2710.0024,2684.7467,13.447399999999742,1.1684957813056478,11.508299999999963,trail_stop,27,full
H1_DONCH_SMA,headline_sma50_nofin,1,2025-01-21 02:00:00+00:00,2025-01-22 06:00:00+00:00,2717.889,2746.7372,2705.7874,28.548199999999905,2.359043432273418,12.101599999999962,trail_stop,28,full
H1_DONCH_SMA,headline_sma50_nofin,1,2025-01-23 18:00:00+00:00,2025-01-24 16:00:00+00:00,2757.585,2771.8370999999997,2746.4924,13.9520999999997,1.2577844689252082,11.092599999999948,trail_stop,22,full
H1_DONCH_SMA,headline_sma50_nofin,1,2025-01-28 14:00:00+00:00,2025-01-29 06:00:00+00:00,2748.648,2759.025,2738.9835000000003,10.076999999999952,1.0426819804439025,9.664499999999862,donch_exit,16,full
H1_DONCH_SMA,headline_sma50_nofin,1,2025-01-30 07:00:00+00:00,2025-01-31 18:00:00+00:00,2765.248,2801.6416000000004,2754.9983,36.093600000000336,3.521429895509222,10.249699999999848,trail_stop,35,full
H1_DONCH_SMA,headline_sma50_nofin,1,2025-02-03 15:00:00+00:00,2025-02-03 23:00:00+00:00,2829.265,2811.5667,2811.5667,-17.998300000000018,-1.016950780583446,17.698300000000017,trail_stop,8,full
H1_DONCH_SMA,headline_sma50_nofin,1,2025-02-04 14:00:00+00:00,2025-02-05 16:00:00+00:00,2831.555,2865.8194,2818.3862999999997,33.964400000000026,2.5791763803564196,13.168700000000172,trail_stop,26,full
H1_DONCH_SMA,headline_sma50_nofin,1,2025-02-07 15:00:00+00:00,2025-02-07 16:00:00+00:00,2875.465,2866.8623000000002,2864.9106,-8.902699999999914,-0.8435060259228307,10.554399999999987,trail_stop,2,full
H1_DONCH_SMA,headline_sma50_nofin,1,2025-02-10 07:00:00+00:00,2025-02-11 02:00:00+00:00,2888.015,2916.7061,2871.2593,28.391100000000005,1.6944144380718504,16.755699999999706,trail_stop,19,full
H1_DONCH_SMA,headline_sma50_nofin,1,2025-02-13 04:00:00+00:00,2025-02-14 13:00:00+00:00,2916.275,2923.6466,2900.1882,7.071599999999944,0.4395902230400034,16.08680000000004,trail_stop,33,full
H1_DONCH_SMA,headline_sma50_nofin,1,2025-02-18 04:00:00+00:00,2025-02-19 02:00:00+00:00,2908.735,2926.1537,2897.1996,17.118699999999716,1.4840144251607579,11.535400000000209,trail_stop,22,full
H1_DONCH_SMA,headline_sma50_nofin,1,2025-02-19 10:00:00+00:00,2025-02-19 12:00:00+00:00,2945.305,2932.1665,2932.1665,-13.438500000000023,-1.0228336568101382,13.138500000000022,trail_stop,3,full
H1_DONCH_SMA,headline_sma50_nofin,1,2025-02-20 07:00:00+00:00,2025-02-20 12:00:00+00:00,2947.565,2940.144,2932.8043,-7.721000000000276,-0.5230781737993547,14.76070000000027,trail_stop,6,full
H1_DONCH_SMA,headline_sma50_nofin,1,2025-02-24 09:00:00+00:00,2025-02-24 14:00:00+00:00,2946.085,2938.9946999999997,2929.831,-7.390300000000297,-0.45467577211765353,16.253999999999905,trail_stop,6,full
H1_DONCH_SMA,headline_sma50_nofin,1,2025-03-03 16:00:00+00:00,2025-03-04 14:00:00+00:00,2887.785,2908.387,2872.5413999999996,20.302000000000316,1.331837623658453,15.243600000000242,trail_stop,22,full
H1_DONCH_SMA,headline_sma50_nofin,1,2025-03-07 15:00:00+00:00,2025-03-07 15:00:00+00:00,2926.265,2912.7044,2912.7044,-13.860599999999796,-1.0221229149152695,13.560599999999795,trail_stop,1,full
H1_DONCH_SMA,headline_sma50_nofin,1,2025-03-11 10:00:00+00:00,2025-03-12 13:00:00+00:00,2911.565,2910.2520999999997,2895.4249,-1.6129000000003544,-0.0999312271919224,16.140100000000075,trail_stop,27,full
H1_DONCH_SMA,headline_sma50_nofin,1,2025-03-12 16:00:00+00:00,2025-03-14 14:00:00+00:00,2928.505,2982.6413,2916.0387,53.83629999999967,4.318546802178631,12.466300000000047,trail_stop,45,full
H1_DONCH_SMA,headline_sma50_nofin,1,2025-03-17 11:00:00+00:00,2025-03-17 12:00:00+00:00,2998.715,2986.2776,2986.263,-12.737400000000253,-1.0229200128493432,12.452000000000226,trail_stop,2,full
H1_DONCH_SMA,headline_sma50_nofin,1,2025-03-18 02:00:00+00:00,2025-03-19 08:00:00+00:00,3005.535,3032.1331999999998,2994.4048999999995,26.298199999999905,2.3627999748429187,11.130100000000311,trail_stop,30,full
H1_DONCH_SMA,headline_sma50_nofin,1,2025-03-19 19:00:00+00:00,2025-03-20 07:00:00+00:00,3046.705,3042.105,3033.3032,-4.899999999999909,-0.36562252831708236,13.401800000000094,donch_exit,12,full
H1_DONCH_SMA,headline_sma50_nofin,1,2025-03-25 14:00:00+00:00,2025-03-26 01:00:00+00:00,3027.985,3016.6166000000003,3016.6166000000003,-11.668399999999838,-1.0263889377572926,11.368399999999838,trail_stop,11,full
H1_DONCH_SMA,headline_sma50_nofin,1,2025-03-27 04:00:00+00:00,2025-03-27 13:00:00+00:00,3033.445,3042.5705,3021.7843000000003,8.825499999999646,0.7568585076367386,11.660699999999906,trail_stop,10,full
H1_DONCH_SMA,headline_sma50_nofin,1,2025-03-27 15:00:00+00:00,2025-03-28 08:00:00+00:00,3057.468,3068.4442999999997,3043.9934999999996,10.67629999999981,0.7923336672974582,13.474500000000262,trail_stop,17,full
H1_DONCH_SMA,headline_sma50_nofin,1,2025-03-30 23:00:00+00:00,2025-03-31 13:00:00+00:00,3089.755,3105.6715,3071.5963,15.616499999999814,0.8600009912603795,18.158699999999953,trail_stop,15,full
H1_DONCH_SMA,headline_sma50_nofin,1,2025-04-01 02:00:00+00:00,2025-04-01 06:00:00+00:00,3135.235,3128.1893,3116.8213,-7.345700000000124,-0.3989257998121018,18.413700000000063,trail_stop,5,full
H1_DONCH_SMA,headline_sma50_nofin,1,2025-04-02 23:00:00+00:00,2025-04-03 05:00:00+00:00,3145.668,3136.828,3122.739,-9.140000000000146,-0.39862183261372547,22.929000000000087,trail_stop,7,full
H1_DONCH_SMA,headline_sma50_nofin,1,2025-04-09 07:00:00+00:00,2025-04-09 17:00:00+00:00,3038.685,3056.545,3010.8269999999998,17.560000000000127,0.6303395792949966,27.858000000000175,trail_stop,11,full
H1_DONCH_SMA,headline_sma50_nofin,1,2025-04-10 03:00:00+00:00,2025-04-14 10:00:00+00:00,3119.095,3215.075,3075.6659999999997,95.68000000000002,2.2031361532616414,43.42900000000009,donch_exit,54,full
H1_DONCH_SMA,headline_sma50_nofin,1,2025-04-15 23:00:00+00:00,2025-04-17 01:00:00+00:00,3241.195,3323.5135999999998,3224.078,82.01859999999961,4.79164573231283,17.11700000000019,trail_stop,26,full
H1_DONCH_SMA,headline_sma50_nofin,1,2025-04-21 01:00:00+00:00,2025-04-22 08:00:00+00:00,3368.555,3459.534,3340.772,90.67900000000027,3.263830399884843,27.7829999999999,trail_stop,31,full
H1_DONCH_SMA,headline_sma50_nofin,1,2025-04-24 02:00:00+00:00,2025-04-24 14:00:00+00:00,3357.345,3312.16,3312.16,-45.48499999999994,-1.0066393714728339,45.184999999999945,trail_stop,13,full
H1_DONCH_SMA,headline_sma50_nofin,1,2025-04-28 17:00:00+00:00,2025-04-29 02:00:00+00:00,3336.335,3320.2774,3300.5904,-16.357600000000094,-0.4576243684360742,35.74459999999999,trail_stop,9,full
H1_DONCH_SMA,headline_sma50_nofin,1,2025-05-02 03:00:00+00:00,2025-05-02 13:00:00+00:00,3248.085,3241.6969999999997,3220.759,-6.6880000000003745,-0.24474859108542668,27.326000000000022,trail_stop,11,full
H1_DONCH_SMA,headline_sma50_nofin,1,2025-05-05 09:00:00+00:00,2025-05-06 05:00:00+00:00,3282.545,3352.4037,3255.048,69.55869999999977,2.529683238171401,27.4970000000003,trail_stop,20,full
H1_DONCH_SMA,headline_sma50_nofin,1,2025-05-06 13:00:00+00:00,2025-05-06 22:00:00+00:00,3390.805,3399.0085,3362.6922,7.903500000000077,0.2811352835719,28.11279999999988,trail_stop,9,full
H1_DONCH_SMA,headline_sma50_nofin,1,2025-05-08 02:00:00+00:00,2025-05-08 04:00:00+00:00,3408.325,3382.1769999999997,3382.1769999999997,-26.44800000000014,-1.0114731528223955,26.14800000000014,trail_stop,3,full
H1_DONCH_SMA,headline_sma50_nofin,1,2025-05-09 16:00:00+00:00,2025-05-11 22:00:00+00:00,3344.785,3315.06,3315.06,-30.02499999999991,-1.0100925147182507,29.72499999999991,trail_stop,6,full
H1_DONCH_SMA,headline_sma50_nofin,1,2025-05-13 06:00:00+00:00,2025-05-13 13:00:00+00:00,3256.295,3234.77,3228.785,-21.82500000000009,-0.7933478735005423,27.51000000000022,trail_stop,8,full
H1_DONCH_SMA,headline_sma50_nofin,1,2025-05-15 15:00:00+00:00,2025-05-16 01:00:00+00:00,3205.185,3220.115,3175.3625,14.629999999999836,0.49056920110654545,29.822499999999764,trail_stop,10,full
H1_DONCH_SMA,headline_sma50_nofin,1,2025-05-19 01:00:00+00:00,2025-05-19 03:00:00+00:00,3246.255,3212.567,3212.567,-33.9880000000001,-1.008905248159582,33.6880000000001,trail_stop,3,full
H1_DONCH_SMA,headline_sma50_nofin,1,2025-05-20 12:00:00+00:00,2025-05-21 12:00:00+00:00,3240.905,3293.697,3220.4104,52.49199999999992,2.5612600392298432,20.49459999999999,trail_stop,24,full
H1_DONCH_SMA,headline_sma50_nofin,1,2025-05-22 02:00:00+00:00,2025-05-22 08:00:00+00:00,3337.768,3319.2307,3316.405,-18.83729999999996,-0.8817722230023924,21.36299999999983,trail_stop,7,full
H1_DONCH_SMA,headline_sma50_nofin,1,2025-05-23 07:00:00+00:00,2025-05-26 00:00:00+00:00,3330.809,3337.2919,3302.4344,6.1828999999999725,0.21790263122651776,28.3746000000001,trail_stop,17,full
H1_DONCH_SMA,headline_sma50_nofin,1,2025-05-28 08:00:00+00:00,2025-05-28 13:00:00+00:00,3318.948,3304.0972,3299.1598,-15.150799999999709,-0.7656482145925217,19.78819999999996,trail_stop,6,full
H1_DONCH_SMA,headline_sma50_nofin,1,2025-05-29 13:00:00+00:00,2025-05-30 02:00:00+00:00,3316.209,3296.803,3289.8244,-19.70599999999995,-0.7468750710641833,26.384599999999864,trail_stop,13,full
H1_DONCH_SMA,headline_sma50_nofin,1,2025-06-02 06:00:00+00:00,2025-06-03 01:00:00+00:00,3323.465,3368.9419,3300.0515000000005,45.17689999999966,1.9295235654643825,23.413499999999658,trail_stop,19,full
H1_DONCH_SMA,headline_sma50_nofin,1,2025-06-04 02:00:00+00:00,2025-06-04 04:00:00+00:00,3370.548,3352.9154,3352.9154,-17.932599999999912,-1.0170139400882459,17.63259999999991,trail_stop,3,full
H1_DONCH_SMA,headline_sma50_nofin,1,2025-06-04 15:00:00+00:00,2025-06-05 12:00:00+00:00,3377.148,3380.7927,3357.6304,3.34469999999983,0.17136840595154157,19.51760000000013,trail_stop,21,full
H1_DONCH_SMA,headline_sma50_nofin,1,2025-06-09 17:00:00+00:00,2025-06-10 00:00:00+00:00,3337.519,3318.6306999999997,3318.6306999999997,-19.188300000000073,-1.0158828481123234,18.888300000000072,trail_stop,7,full
H1_DONCH_SMA,headline_sma50_nofin,1,2025-06-10 14:00:00+00:00,2025-06-10 14:00:00+00:00,3343.355,3325.9246000000003,3325.9246000000003,-17.730399999999737,-1.017211308977419,17.430399999999736,trail_stop,1,full
H1_DONCH_SMA,headline_sma50_nofin,1,2025-06-11 23:00:00+00:00,2025-06-12 07:00:00+00:00,3368.665,3350.4867000000004,3345.489,-18.47829999999958,-0.7973032447359181,23.17599999999993,trail_stop,9,full
H1_DONCH_SMA,headline_sma50_nofin,1,2025-06-12 11:00:00+00:00,2025-06-13 06:00:00+00:00,3382.308,3412.2619,3356.7237,29.653899999999975,1.1590663023807566,25.584299999999985,trail_stop,19,full
H1_DONCH_SMA,headline_sma50_nofin,1,2025-06-15 23:00:00+00:00,2025-06-16 05:00:00+00:00,3448.095,3422.9193999999998,3422.9193999999998,-25.475600000000032,-1.0119162999094362,25.17560000000003,trail_stop,7,full
H1_DONCH_SMA,headline_sma50_nofin,1,2025-06-22 23:00:00+00:00,2025-06-23 00:00:00+00:00,3378.555,3360.6763,3360.6763,-18.178699999999754,-1.0167797434936547,17.878699999999753,trail_stop,2,full
H1_DONCH_SMA,headline_sma50_nofin,1,2025-06-26 00:00:00+00:00,2025-06-26 11:00:00+00:00,3338.835,3332.1329,3324.3643,-7.002099999999973,-0.4838812220556051,14.470699999999852,trail_stop,12,full
H1_DONCH_SMA,headline_sma50_nofin,1,2025-07-02 19:00:00+00:00,2025-07-03 00:00:00+00:00,3354.905,3346.6174,3338.9395000000004,-8.587600000000112,-0.5378848141304828,15.965499999999793,trail_stop,5,full
H1_DONCH_SMA,headline_sma50_nofin,1,2025-07-07 20:00:00+00:00,2025-07-08 08:00:00+00:00,3337.045,3323.455,3317.7732,-13.890000000000146,-0.7207422243900495,19.271799999999985,donch_exit,12,full
H1_DONCH_SMA,headline_sma50_nofin,1,2025-07-11 11:00:00+00:00,2025-07-14 12:00:00+00:00,3344.715,3355.5388000000003,3329.1828,10.523800000000119,0.6775472888579885,15.532200000000103,trail_stop,25,full
H1_DONCH_SMA,headline_sma50_nofin,1,2025-07-18 08:00:00+00:00,2025-07-18 19:00:00+00:00,3349.685,3348.5268,3335.8554,-1.4581999999998516,-0.10544050442527975,13.829600000000028,trail_stop,12,full
H1_DONCH_SMA,headline_sma50_nofin,1,2025-07-21 06:00:00+00:00,2025-07-22 01:00:00+00:00,3366.588,3385.8678,3355.1553000000004,18.979799999999795,1.6601327770343015,11.43269999999984,trail_stop,19,full
H1_DONCH_SMA,headline_sma50_nofin,1,2025-07-22 13:00:00+00:00,2025-07-23 05:00:00+00:00,3407.369,3416.8909,3396.7103,9.221899999999732,0.8651993207426583,10.658699999999953,trail_stop,16,full
H1_DONCH_SMA,headline_sma50_nofin,1,2025-08-04 12:00:00+00:00,2025-08-05 06:00:00+00:00,3370.175,3365.7755,3354.1993,-4.699499999999989,-0.2941655138741965,15.97569999999996,trail_stop,18,full
H1_DONCH_SMA,headline_sma50_nofin,1,2025-08-05 15:00:00+00:00,2025-08-06 01:00:00+00:00,3385.148,3374.6165,3372.0331,-10.831500000000052,-0.8258926869438595,13.114900000000034,trail_stop,10,full
H1_DONCH_SMA,headline_sma50_nofin,1,2025-08-07 02:00:00+00:00,2025-08-07 08:00:00+00:00,3382.125,3381.0122,3368.2309,-1.4127999999998793,-0.10168344837016297,13.89409999999998,trail_stop,7,full
H1_DONCH_SMA,headline_sma50_nofin,1,2025-08-07 20:00:00+00:00,2025-08-08 01:00:00+00:00,3399.579,3384.647,3379.914,-15.232000000000244,-0.7745741164505605,19.664999999999964,trail_stop,5,full
H1_DONCH_SMA,headline_sma50_nofin,1,2025-08-26 01:00:00+00:00,2025-08-26 01:00:00+00:00,3383.039,3373.1247000000003,3373.1247000000003,-10.214299999999913,-1.0302593223929075,9.914299999999912,trail_stop,1,full
H1_DONCH_SMA,headline_sma50_nofin,1,2025-08-26 20:00:00+00:00,2025-08-27 04:00:00+00:00,3389.548,3379.041,3371.3867,-10.806999999999608,-0.5950565212842557,18.161299999999756,trail_stop,8,full
H1_DONCH_SMA,headline_sma50_nofin,1,2025-08-27 17:00:00+00:00,2025-08-29 01:00:00+00:00,3395.205,3408.4422,3383.2726,12.93720000000003,1.0842077033957858,11.932400000000143,trail_stop,31,full
H1_DONCH_SMA,headline_sma50_nofin,1,2025-08-29 14:00:00+00:00,2025-09-01 01:00:00+00:00,3428.425,3438.6420000000003,3418.3938000000003,9.917000000000098,0.9886155195789335,10.031199999999899,trail_stop,11,full
H1_DONCH_SMA,headline_sma50_nofin,1,2025-09-01 03:00:00+00:00,2025-09-01 10:00:00+00:00,3483.225,3466.4043,3466.4043,-17.12069999999976,-1.0178351673830461,16.82069999999976,trail_stop,8,full
H1_DONCH_SMA,headline_sma50_nofin,1,2025-09-02 02:00:00+00:00,2025-09-02 07:00:00+00:00,3497.265,3479.955,3479.8583,-17.609999999999946,-1.0116794108015847,17.4067,trail_stop,6,full
H1_DONCH_SMA,headline_sma50_nofin,1,2025-09-02 15:00:00+00:00,2025-09-03 23:00:00+00:00,3510.815,3554.9865,3491.3106000000002,43.871499999999926,2.2493129755337447,19.504399999999805,trail_stop,31,full
H1_DONCH_SMA,headline_sma50_nofin,1,2025-09-05 13:00:00+00:00,2025-09-05 14:00:00+00:00,3580.195,3574.6657000000005,3564.9334000000003,-5.8292999999996935,-0.3819586412957857,15.261599999999817,trail_stop,2,full
H1_DONCH_SMA,headline_sma50_nofin,1,2025-09-08 08:00:00+00:00,2025-09-09 06:00:00+00:00,3609.155,3637.2853,3585.9992,27.830299999999806,1.2018716693009874,23.1558,trail_stop,22,full
H1_DONCH_SMA,headline_sma50_nofin,1,2025-09-09 14:00:00+00:00,2025-09-09 14:00:00+00:00,3665.418,3648.0574,3648.0574,-17.660599999999977,-1.0172805087381773,17.360599999999977,trail_stop,1,full
H1_DONCH_SMA,headline_sma50_nofin,1,2025-09-12 02:00:00+00:00,2025-09-14 23:00:00+00:00,3646.175,3636.797,3627.1194000000005,-9.678000000000157,-0.507882197359323,19.055599999999686,trail_stop,21,full
H1_DONCH_SMA,headline_sma50_nofin,1,2025-09-15 14:00:00+00:00,2025-09-16 15:00:00+00:00,3656.945,3681.0945,3642.8503,23.84949999999999,1.6920899345143787,14.094700000000103,trail_stop,25,full
H1_DONCH_SMA,headline_sma50_nofin,1,2025-09-19 14:00:00+00:00,2025-09-23 16:00:00+00:00,3663.045,3764.935,3647.7849,101.58999999999988,6.657230293379474,15.260099999999966,trail_stop,49,full
H1_DONCH_SMA,headline_sma50_nofin,1,2025-09-26 14:00:00+00:00,2025-09-26 20:00:00+00:00,3761.358,3762.2586,3741.1559,0.6005999999999403,0.02972958256814594,20.202099999999973,trail_stop,7,full
H1_DONCH_SMA,headline_sma50_nofin,1,2025-09-29 01:00:00+00:00,2025-09-30 07:00:00+00:00,3786.895,3847.6053,3765.7382000000002,60.41030000000019,2.855360924147362,21.15679999999975,trail_stop,30,full
H1_DONCH_SMA,headline_sma50_nofin,1,2025-10-01 08:00:00+00:00,2025-10-01 12:00:00+00:00,3879.035,3867.1474,3854.2066999999997,-12.187600000000021,-0.49087533177865417,24.828300000000127,trail_stop,5,full
H1_DONCH_SMA,headline_sma50_nofin,1,2025-10-02 11:00:00+00:00,2025-10-02 14:00:00+00:00,3881.475,3866.3193,3859.688,-15.455699999999798,-0.7094001009776442,21.786999999999807,trail_stop,4,full
H1_DONCH_SMA,headline_sma50_nofin,1,2025-10-03 13:00:00+00:00,2025-10-07 06:00:00+00:00,3873.678,3954.785,3853.234,80.80699999999997,3.952602230483278,20.44399999999996,donch_exit,40,full
H1_DONCH_SMA,headline_sma50_nofin,1,2025-10-07 13:00:00+00:00,2025-10-07 15:00:00+00:00,3979.295,3961.7768,3955.6747,-17.81819999999998,-0.7543595974648902,23.620300000000043,trail_stop,3,full
H1_DONCH_SMA,headline_sma50_nofin,1,2025-10-08 00:00:00+00:00,2025-10-08 22:00:00+00:00,3994.098,4031.734,3968.8418,37.33599999999997,1.4782904791694813,25.256199999999808,trail_stop,22,full
H1_DONCH_SMA,headline_sma50_nofin,1,2025-10-12 23:00:00+00:00,2025-10-14 05:00:00+00:00,4041.879,4139.6260999999995,4003.0117,97.4470999999996,2.5071744113946655,38.86729999999989,trail_stop,30,full
H1_DONCH_SMA,headline_sma50_nofin,1,2025-10-15 02:00:00+00:00,2025-10-15 09:00:00+00:00,4181.555,4172.695000000001,4136.8285000000005,-9.159999999999673,-0.2048002861837998,44.72649999999976,trail_stop,8,full
H1_DONCH_SMA,headline_sma50_nofin,1,2025-10-16 02:00:00+00:00,2025-10-16 05:00:00+00:00,4230.008,4204.294900000001,4195.4879,-26.01309999999903,-0.7535638656898224,34.52009999999973,trail_stop,4,full
H1_DONCH_SMA,headline_sma50_nofin,1,2025-10-16 11:00:00+00:00,2025-10-17 01:00:00+00:00,4242.425,4321.7547,4210.0083,79.02970000000023,2.4379316833607616,32.416699999999764,trail_stop,14,full
H1_DONCH_SMA,headline_sma50_nofin,1,2025-10-20 12:00:00+00:00,2025-10-21 05:00:00+00:00,4278.905,4330.5607,4224.0106,51.355700000000255,0.935536229560759,54.89440000000013,trail_stop,17,full
H1_DONCH_SMA,headline_sma50_nofin,1,2025-10-23 14:00:00+00:00,2025-10-24 04:00:00+00:00,4144.509,4102.636799999999,4096.7828,-42.1722000000007,-0.8836278605881182,47.72620000000006,trail_stop,14,full
H1_DONCH_SMA,headline_sma50_nofin,1,2025-10-29 08:00:00+00:00,2025-10-29 17:00:00+00:00,4001.385,3985.9072,3958.2039000000004,-15.777800000000116,-0.3653867085368412,43.18109999999979,trail_stop,10,full
H1_DONCH_SMA,headline_sma50_nofin,1,2025-10-30 20:00:00+00:00,2025-10-31 04:00:00+00:00,4023.155,3988.8567,3973.5117,-34.59830000000038,-0.6969379553736406,49.64330000000018,trail_stop,8,full
H1_DONCH_SMA,headline_sma50_nofin,1,2025-11-06 07:00:00+00:00,2025-11-06 14:00:00+00:00,3991.275,3996.7187,3968.452,5.143699999999808,0.22537352670550928,22.822999999999865,trail_stop,8,full
H1_DONCH_SMA,headline_sma50_nofin,1,2025-11-10 02:00:00+00:00,2025-11-11 14:00:00+00:00,4043.825,4123.002,4016.9563,78.87700000000059,2.9356463096465637,26.86869999999999,trail_stop,36,full
H1_DONCH_SMA,headline_sma50_nofin,1,2025-11-12 16:00:00+00:00,2025-11-13 14:00:00+00:00,4181.095,4209.4925,4155.5734,28.097500000000036,1.1009301924644221,25.521600000000035,trail_stop,22,full
H1_DONCH_SMA,headline_sma50_nofin,1,2025-11-19 06:00:00+00:00,2025-11-19 15:00:00+00:00,4095.315,4097.950699999999,4059.91,2.3356999999993606,0.06597090806381437,35.4050000000002,trail_stop,10,full
H1_DONCH_SMA,headline_sma50_nofin,1,2025-11-21 17:00:00+00:00,2025-11-21 20:00:00+00:00,4099.619,4060.1980999999996,4060.1980999999996,-39.72090000000007,-1.0076101763277854,39.420900000000074,trail_stop,4,full
H1_DONCH_SMA,headline_sma50_nofin,1,2025-11-24 17:00:00+00:00,2025-11-25 08:00:00+00:00,4096.975,4121.0584,4066.5411000000004,23.783399999999528,0.7814772342683498,30.433899999999994,trail_stop,15,full
H1_DONCH_SMA,headline_sma50_nofin,1,2025-11-26 03:00:00+00:00,2025-11-26 14:00:00+00:00,4161.745,4145.682900000001,4129.3253,-16.36209999999919,-0.5046962186571579,32.419699999999466,trail_stop,12,full
H1_DONCH_SMA,headline_sma50_nofin,1,2025-11-28 01:00:00+00:00,2025-11-28 07:00:00+00:00,4180.405,4173.1933,4163.1473,-7.511699999999837,-0.4352665766585227,17.257700000000114,trail_stop,7,full
H1_DONCH_SMA,headline_sma50_nofin,1,2025-11-28 15:00:00+00:00,2025-12-01 05:00:00+00:00,4197.765,4222.4064,4174.543500000001,24.34139999999952,1.0482268587300514,23.22149999999965,trail_stop,12,full
H1_DONCH_SMA,headline_sma50_nofin,1,2025-12-03 14:00:00+00:00,2025-12-03 14:00:00+00:00,4237.025,4213.899299999999,4213.899299999999,-23.425700000000507,-1.0129725802894614,23.125700000000506,trail_stop,1,full
H1_DONCH_SMA,headline_sma50_nofin,1,2025-12-05 06:00:00+00:00,2025-12-05 16:00:00+00:00,4220.325,4224.1454,4198.641799999999,3.5204000000005182,0.16235610979931253,21.683200000000397,trail_stop,11,full
H1_DONCH_SMA,headline_sma50_nofin,1,2025-12-10 21:00:00+00:00,2025-12-11 03:00:00+00:00,4229.205,4213.067599999999,4207.7112,-16.437400000000526,-0.7647507653369985,21.493800000000192,trail_stop,6,full
H1_DONCH_SMA,headline_sma50_nofin,1,2025-12-11 16:00:00+00:00,2025-12-12 15:00:00+00:00,4255.825,4319.8714,4226.0752999999995,63.74640000000018,2.1427577420948625,29.749700000000303,trail_stop,23,full
H1_DONCH_SMA,headline_sma50_nofin,1,2025-12-16 15:00:00+00:00,2025-12-16 16:00:00+00:00,4324.305,4298.264700000001,4298.264700000001,-26.34029999999966,-1.0115206046013296,26.04029999999966,trail_stop,2,full
H1_DONCH_SMA,headline_sma50_nofin,1,2025-12-18 17:00:00+00:00,2025-12-18 17:00:00+00:00,4360.195,4338.7117,4338.7117,-21.783299999999873,-1.0139643350881848,21.483299999999872,trail_stop,1,full
H1_DONCH_SMA,headline_sma50_nofin,1,2025-12-19 16:00:00+00:00,2025-12-23 14:00:00+00:00,4347.595,4468.3622,4326.7146,120.46719999999932,5.769391390969487,20.88040000000001,trail_stop,45,full
H1_DONCH_SMA,headline_sma50_nofin,1,2025-12-23 21:00:00+00:00,2025-12-24 02:00:00+00:00,4497.448,4486.242300000001,4466.860200000001,-11.505699999999525,-0.37615323756529645,30.587799999999334,trail_stop,5,full
H1_DONCH_SMA,headline_sma50_nofin,1,2025-12-26 16:00:00+00:00,2025-12-26 17:00:00+00:00,4546.275,4514.3706,4514.3706,-32.20439999999944,-1.009403091736563,31.90439999999944,trail_stop,2,full
H1_DONCH_SMA,headline_sma50_nofin,1,2025-12-30 13:00:00+00:00,2025-12-30 14:00:00+00:00,4401.065,4359.647199999999,4359.647199999999,-41.71780000000017,-1.00724326255861,41.41780000000017,trail_stop,2,full
H1_DONCH_SMA,headline_sma50_nofin,1,2026-01-02 03:00:00+00:00,2026-01-02 13:00:00+00:00,4362.555,4365.51,4314.1363,2.6549999999999274,0.05483418596533814,48.41870000000017,trail_stop,11,full
H1_DONCH_SMA,headline_sma50_nofin,1,2026-01-05 09:00:00+00:00,2026-01-05 13:00:00+00:00,4429.655,4400.9312,4391.8903,-29.023799999999756,-0.7685431103649697,37.76469999999972,trail_stop,5,full
H1_DONCH_SMA,headline_sma50_nofin,1,2026-01-05 16:00:00+00:00,2026-01-07 01:00:00+00:00,4448.255,4462.7706,4412.5062,14.215599999999721,0.39765250861566265,35.7488000000003,trail_stop,32,full
H1_DONCH_SMA,headline_sma50_nofin,1,2026-01-08 21:00:00+00:00,2026-01-09 17:00:00+00:00,4475.835,4483.8958,4444.823,7.7608000000001995,0.2502515155423794,31.011999999999716,trail_stop,20,full
H1_DONCH_SMA,headline_sma50_nofin,1,2026-01-12 00:00:00+00:00,2026-01-12 23:00:00+00:00,4539.775,4581.4227,4511.043099999999,41.347700000000444,1.4390868686024756,28.731900000000678,trail_stop,23,full
H1_DONCH_SMA,headline_sma50_nofin,1,2026-01-13 15:00:00+00:00,2026-01-13 16:00:00+00:00,4629.075,4598.7726999999995,4598.7726999999995,-30.602300000000287,-1.00990023859575,30.302300000000287,trail_stop,2,full
H1_DONCH_SMA,headline_sma50_nofin,1,2026-01-19 00:00:00+00:00,2026-01-21 15:00:00+00:00,4672.375,4835.7348999999995,4634.6128,163.05989999999946,4.3180720402942345,37.76220000000012,trail_stop,60,full
H1_DONCH_SMA,headline_sma50_nofin,1,2026-01-22 16:00:00+00:00,2026-01-23 08:00:00+00:00,4871.645,4923.0435,4816.5722000000005,51.09849999999933,0.9278355195305017,55.072799999999916,trail_stop,16,full
H1_DONCH_SMA,headline_sma50_nofin,1,2026-01-23 17:00:00+00:00,2026-01-26 19:00:00+00:00,4980.165,5045.8928000000005,4936.755999999999,65.42780000000057,1.5072404340113739,43.40900000000056,trail_stop,26,full
H1_DONCH_SMA,headline_sma50_nofin,1,2026-01-27 21:00:00+00:00,2026-01-29 15:00:00+00:00,5176.748,5456.4373000000005,5126.5759,279.3893000000009,5.56861881404211,50.17209999999977,trail_stop,41,full
H1_DONCH_SMA,headline_sma50_nofin,1,2026-02-03 02:00:00+00:00,2026-02-04 14:00:00+00:00,4840.795,4989.6399,4638.6594,148.54490000000004,0.7348774782868512,202.13560000000052,trail_stop,36,full
H1_DONCH_SMA,headline_sma50_nofin,1,2026-02-06 14:00:00+00:00,2026-02-09 23:00:00+00:00,4928.625,5017.3359,4816.5419,88.41090000000004,0.788797775935892,112.08309999999983,trail_stop,32,full
H1_DONCH_SMA,headline_sma50_nofin,1,2026-02-11 11:00:00+00:00,2026-02-11 12:00:00+00:00,5093.015,5064.2612,5044.0939,-29.05380000000041,-0.5938909795568809,48.92110000000048,trail_stop,2,full
H1_DONCH_SMA,headline_sma50_nofin,1,2026-02-18 13:00:00+00:00,2026-02-19 00:00:00+00:00,4942.915,4961.8051000000005,4903.2664,18.59010000000053,0.46887153644771185,39.64859999999953,trail_stop,11,full
H1_DONCH_SMA,headline_sma50_nofin,1,2026-02-19 07:00:00+00:00,2026-02-19 10:00:00+00:00,5017.995,4982.0967,4982.0967,-36.19829999999983,-1.0083569416936178,35.898299999999836,trail_stop,4,full
H1_DONCH_SMA,headline_sma50_nofin,1,2026-02-20 14:00:00+00:00,2026-02-20 15:00:00+00:00,5043.265,5016.6666,5007.0006,-26.898400000000766,-0.7417301816657865,36.26440000000002,trail_stop,2,full
H1_DONCH_SMA,headline_sma50_nofin,1,2026-02-20 17:00:00+00:00,2026-02-24 01:00:00+00:00,5065.968,5191.5237,5022.5235999999995,125.25569999999989,2.8831264789017452,43.444400000000314,trail_stop,31,full
H1_DONCH_SMA,headline_sma50_nofin,1,2026-02-25 06:00:00+00:00,2026-02-25 20:00:00+00:00,5201.298,5166.9553,5152.489,-34.64270000000015,-0.7097604949906781,48.8090000000002,trail_stop,15,full
H1_DONCH_SMA,headline_sma50_nofin,1,2026-02-27 14:00:00+00:00,2026-03-02 01:00:00+00:00,5222.575,5339.4757,5189.5926,116.60070000000015,3.5352400067915193,32.98239999999987,trail_stop,11,full
H1_DONCH_SMA,headline_sma50_nofin,1,2026-03-02 08:00:00+00:00,2026-03-02 14:00:00+00:00,5408.075,5347.074,5347.074,-61.3010000000002,-1.0049179521647185,61.001000000000204,trail_stop,7,full
H1_DONCH_SMA,headline_sma50_nofin,1,2026-03-09 20:00:00+00:00,2026-03-10 18:00:00+00:00,5140.765,5180.1195,5067.7516000000005,39.054499999999464,0.5348949644859651,73.01339999999982,trail_stop,22,full
H1_DONCH_SMA,headline_sma50_nofin,1,2026-08-06 00:00:00+00:00,2026-08-06 05:00:00+00:00,4277.985,4249.933,4235.393,-28.35199999999968,-0.665664913598796,42.59199999999964,trail_stop,6,full
H1_DONCH_SMA,headline_sma50_nofin,1,2026-08-07 07:00:00+00:00,2026-08-10 01:00:00+00:00,4297.035,4323.343,4259.97,26.007999999999992,0.7016862268986989,37.0649999999996,trail_stop,18,full
H1_DONCH_SMA,headline_sma50_nofin,1,2026-08-10 19:00:00+00:00,2026-08-11 05:00:00+00:00,4378.165,4394.9868,4345.054,16.52179999999971,0.49898221134969567,33.110999999999876,trail_stop,10,full
H1_DONCH_SMA,headline_sma50_nofin,1,2026-08-12 03:00:00+00:00,2026-08-12 12:00:00+00:00,4410.755,4384.402,4378.126,-26.653000000000066,-0.816850041374242,32.628999999999905,trail_stop,10,full
H1_DONCH_SMA,headline_sma50_nofin,1,2026-08-17 01:00:00+00:00,2026-08-17 12:00:00+00:00,4400.665,4384.625,4372.464,-16.339999999999964,-0.5794120775858995,28.201000000000022,donch_exit,12,full
H1_DONCH_SMA,headline_sma50_nofin,1,2026-08-17 15:00:00+00:00,2026-08-18 01:00:00+00:00,4417.245,4404.509999999999,4387.311,-13.035000000000583,-0.4354580076167735,29.934000000000196,trail_stop,10,full
H1_DONCH_SMA,headline_sma50_nofin,1,2026-08-19 13:00:00+00:00,2026-08-20 05:00:00+00:00,4438.515,4480.3438,4410.2665,41.52879999999932,1.4701240773845845,28.248500000000604,trail_stop,16,full
H1_DONCH_SMA,headline_sma50_nofin,1,2026-08-21 06:00:00+00:00,2026-08-24 18:00:00+00:00,4553.335,4628.732,4514.93,75.09699999999994,1.9553964327561628,38.404999999999745,trail_stop,36,full
H1_DONCH_SMA,headline_sma50_nofin,1,2026-08-25 01:00:00+00:00,2026-08-25 02:00:00+00:00,4683.915,4644.335,4644.335,-39.879999999999924,-1.0075795856493177,39.57999999999993,trail_stop,2,full
H1_DONCH_SMA,headline_sma50_nofin,1,2026-09-02 14:00:00+00:00,2026-09-03 13:00:00+00:00,4384.845,4460.022,4349.408,74.87699999999968,2.112961029432511,35.4369999999999,trail_stop,23,full
H1_DONCH_SMA,headline_sma50_nofin,1,2026-09-08 02:00:00+00:00,2026-09-08 06:00:00+00:00,4437.045,4410.236,4410.236,-27.109000000000197,-1.0111902719236077,26.809000000000196,trail_stop,5,full
H1_DONCH_SMA,headline_sma50_nofin,1,2026-09-11 13:00:00+00:00,2026-09-11 16:00:00+00:00,4388.205,4357.198399999999,4352.688099999999,-31.306600000000618,-0.8814564334162088,35.51690000000053,trail_stop,4,full
H1_DONCH_SMA,headline_sma50_nofin,1,2026-09-16 03:00:00+00:00,2026-09-16 18:00:00+00:00,4321.365,4323.651,4291.4171,1.9860000000000582,0.06631516734061654,29.947900000000118,trail_stop,16,full
H1_DONCH_SMA,headline_sma50_nofin,1,2026-09-18 07:00:00+00:00,2026-09-18 12:00:00+00:00,4393.015,4357.968000000001,4356.853,-35.34699999999957,-0.9774625297273191,36.16200000000026,trail_stop,6,full
